rank,scheme_id,topsis_score,stability,hard_violations,same_city_repeat_index,pair_conflict_index,admin_diversity,sport_variance,sport_range,competition_suspense,hot_match_index,eco_cv,pop_cv,tour_cv,avg_inner_distance_km,geo_cover
1,S0390,0.6298100684457271,1.0,0,0.0,0.0,4.0,620.3743662363232,89.50114037540581,0.18543168781065192,862.3315755058826,0.6384197213811355,0.4559060871431516,0.3241745799233337,174.186218496391,3.5
2,S1311,0.6273784544972087,1.0,0,0.0,0.0,4.0,547.001164259881,83.73275695842385,0.18026807340897202,848.1209551869576,0.5982887466719243,0.4209285715920099,0.3054897543729638,177.20098251486993,3.5625
3,S0176,0.6216760101465665,1.0,0,0.0,0.0,4.0,663.5051700388619,86.39593080632534,0.18298421674094834,877.3079885300494,0.680675681288177,0.474903625643157,0.35960502026631397,168.96362826221952,3.3125
4,S1945,0.6147518783160497,1.0,0,0.0,0.0,4.0,577.079181784285,77.06635544095982,0.18395195726889468,856.8143103609113,0.6335324056300948,0.4798235366422471,0.2950630279028988,178.79784477348042,3.375
5,S1458,0.6130228723247579,1.0,0,0.0,0.0,4.0,741.3510111642464,89.93408523100727,0.1879913767968132,907.9867987430489,0.7487476472654917,0.5284247742942164,0.4116985501203062,164.48507432755218,3.4375
6,S1054,0.6128064386965083,1.0,0,0.0,0.0,4.0,474.21163814038744,82.21572366443097,0.17232106550550128,860.1228572103398,0.6313015715320999,0.4559055837666462,0.30484087231503054,179.80389920995935,3.5
7,S1129,0.6119312002901558,1.0,0,0.0,0.0,4.0,688.9762031429929,91.45082196607632,0.19445316837943627,859.6926042335486,0.6472301347127064,0.47088781360919746,0.32017715054187984,177.09893808889657,3.5
8,S0589,0.6116038464641075,1.0,0,0.0,0.0,4.0,632.9938027031016,98.92011680051914,0.16453731626619694,842.6681981031752,0.5862190479871289,0.4131986248292319,0.29379639547358344,163.15009385295593,3.3125
9,S0912,0.6070445069787528,1.0,0,0.0,0.0,4.0,530.9162460257689,82.68211935605933,0.17619172910194253,853.3616646536011,0.6106634319032239,0.4334329205924946,0.3330180615395473,178.9129066967209,3.5
10,S0248,0.6067434789011766,1.0,0,0.0,0.0,4.0,426.6525159474076,63.61310137403106,0.16381123600061473,847.3407855719677,0.6081853611951478,0.4389704095528648,0.30760067994840584,178.10998611636597,3.375
11,S1135,0.6024593961583217,1.0,0,0.0,0.0,4.0,552.4340475410338,76.36174127524328,0.17543790865519893,878.8602506407026,0.7000893911706724,0.4874101972148111,0.3495496551513965,175.7869897552025,3.3125
12,S0476,0.6020193352867428,1.0,0,0.0,0.0,4.0,556.2822060321458,74.6812221024356,0.17438747044119357,884.713831723204,0.6665518516922122,0.48428502393032324,0.38044211019515145,178.79763693831092,3.4375
13,S1061,0.6003001648185117,1.0,0,0.0,0.0,4.0,567.1256607874972,81.9527246720135,0.16532925390564396,864.2239074700987,0.6694121471082656,0.46051112292830376,0.329465434608456,173.45050192468614,3.4375
14,S1099,0.5983426315993265,1.0,0,0.0,0.0,4.0,484.0405126779576,76.48871098683044,0.1741254657117228,861.0331988702386,0.6549036658864875,0.4706991487214783,0.31182222521012876,183.77949586402966,3.625
15,S0546,0.5982436608414707,1.0,0,0.0,0.0,4.0,668.1672622663082,103.68469491705082,0.1659130435354108,836.9559698580791,0.5627986178595086,0.39541528423855277,0.2874034449131953,159.96864688219895,3.0625
16,S0098,0.5981156995946165,1.0,0,0.0,0.0,4.0,497.10703583162143,86.31502690714765,0.14954330920693945,856.0219480883106,0.614190742767476,0.43245364223575544,0.3356781077396241,169.72645619374742,3.5
17,S0469,0.5980095715981039,1.0,0,0.0,0.0,4.0,552.2851159460313,88.81193611337319,0.20056412827305678,842.6902946032594,0.6098883976972085,0.42851176979371874,0.24109817947423084,187.87807841422722,3.375
18,S1810,0.5965806361874144,1.0,0,0.0,0.0,4.0,576.4594228185737,79.83409747343948,0.1871337385834401,854.6687521912576,0.6216784571695233,0.4414031492745404,0.31226028623523916,183.92249144042148,3.375
19,S1183,0.5964163001117103,1.0,0,0.0,0.0,4.0,512.4977898177616,90.41595292700329,0.180076061548433,858.4063115442409,0.6255053347266228,0.4433439884410591,0.3232895505925114,182.6406583798255,3.5
20,S0208,0.5959982305712542,1.0,0,0.0,0.0,4.0,615.56597786358,88.45307127612206,0.16927217914838597,886.0433179828669,0.6376045962572211,0.47962832513712556,0.37754224098764366,176.4745703239454,3.4375
21,S1432,0.5953770984887096,1.0,0,0.0,0.0,4.0,581.5081294720505,102.67586883506337,0.17930112176705554,856.8420399749632,0.6467652983765536,0.44001751946813766,0.30262653422097985,175.1898065192088,3.3125
22,S1182,0.592566116421126,1.0,0,0.0,0.0,4.0,664.2504896449234,83.89364637524838,0.18717473070739518,912.3296707036693,0.6834483722179094,0.519018593250916,0.40705197392948905,179.89290872988892,3.3125
23,S1363,0.5923838208911144,1.0,0,0.0,0.0,4.0,658.9321179227188,87.92757197305997,0.17004095959358714,841.295864035574,0.5705100065953342,0.4069324223754879,0.3218795203559659,170.37632149268595,3.1875
24,S1366,0.59206617045838,1.0,0,0.0,0.0,4.0,706.8335593362062,97.47352204871066,0.19483373351260214,871.9515885744314,0.6795924580615885,0.4603023215205464,0.3802479027582562,173.50939000123213,3.3125
25,S0245,0.5917280810524844,1.0,0,0.0,0.0,4.0,653.6255147917778,86.36571677683814,0.17398175514506944,829.7381979547584,0.5677180309227954,0.4087219342852776,0.24929204413725217,177.43886434499547,3.375
26,S1558,0.5912370739319451,1.0,0,0.0,0.0,4.0,588.0530130561567,80.70127757010528,0.1730698651086939,863.2617693057186,0.6178165394020726,0.45447418009325247,0.3305084534402303,182.4314104791136,3.5
27,S1052,0.5905373361678934,1.0,0,0.0,0.0,4.0,573.2858237096707,83.39762904055061,0.15912671253942828,845.2913090580911,0.5948960225908,0.41249233266809465,0.29316788575233094,177.2195978701274,3.5
28,S0619,0.5900106987946758,1.0,0,0.0,0.0,4.0,427.42779161569086,86.55792832013294,0.17072084307982754,856.599578781054,0.6058433652433258,0.41380444690631396,0.31608506952195314,188.7762040855645,3.8125
29,S0741,0.5898308239042547,1.0,0,0.0,0.0,4.0,442.1272356650624,77.11348640921301,0.1697621806152689,845.117513363511,0.6118080821902414,0.4268619781666132,0.29608850396422404,181.67943312522152,3.3125
30,S1341,0.5881876918719467,1.0,0,0.0,0.0,4.0,577.4973111114891,91.35546894547099,0.18158830323883213,865.0819880146506,0.675006885229332,0.4593255492213573,0.3433206513315008,177.14399967593425,3.3125
31,S0990,0.5867247084796762,1.0,0,0.0,0.0,4.0,549.9377697806909,78.96908196758156,0.18057210911432214,851.9740563072546,0.5901768897198517,0.41958261499560634,0.33937591626607455,188.06860917743631,3.6875
32,S0386,0.5866132394377763,1.0,0,0.0,0.0,4.0,577.3005075420056,85.40585147241168,0.17502368416751918,853.2925032256971,0.6400559256050994,0.44792496931458176,0.31633329223659823,178.92513679249564,3.375
33,S1725,0.5861220733692271,1.0,0,0.0,0.0,4.0,597.4270901432094,89.55543366500729,0.1755648027919281,840.6445735714883,0.5849982995351058,0.42471583039577215,0.2848532931245756,181.10217476206137,3.4375
34,S1370,0.5857288484512606,1.0,0,0.0,0.0,4.0,665.4591777342486,93.14222985561872,0.1751232446870491,898.930737460113,0.6697380377209629,0.4755004443953807,0.4195794906763249,174.54302095717617,3.375
35,S1267,0.5846401455522853,1.0,0,0.0,0.0,4.0,617.5863884541651,82.97704342161353,0.174967018069614,884.3301028797124,0.6880064357499578,0.4956226812680817,0.37992381857041113,176.619248268591,3.375
36,S0480,0.5840662102040817,1.0,0,0.0,0.0,4.0,734.8594247159954,83.20335115803226,0.17835794359017143,906.7626126755952,0.7127249309671216,0.5101361772796933,0.4209644789798246,173.14761093505746,3.375
37,S0420,0.5837859950496731,1.0,0,0.0,0.0,4.0,661.1909240091582,91.6928210257372,0.18335389121562803,854.2041072062069,0.6389595849204914,0.45309519781843877,0.31972693714792244,181.95517804380972,3.625
38,S0319,0.583733363237327,1.0,0,0.0,0.0,4.0,707.2516165680096,94.43907019603843,0.1811114072818916,851.6205171790679,0.5978218283397082,0.4488164024856773,0.30301742591233005,179.98306781144456,3.4375
39,S0103,0.5836506687758041,1.0,0,0.0,0.0,4.0,694.7834317840637,98.57908972079727,0.16478427206677712,853.8159387319735,0.591656010990941,0.44144842508987814,0.3088263602743675,170.6274578208346,3.25
40,S0271,0.5835753337365746,1.0,0,0.0,0.0,4.0,671.3709646447787,90.54562989637256,0.17059563594976485,862.2384336074985,0.6471255686291959,0.45174298394385026,0.33311264129205237,174.79104214109148,3.375
41,S1408,0.5832380523243887,0.99,0,0.0,0.0,4.0,560.1357527107211,84.23756351403622,0.14954827504392668,843.6526693706427,0.591027194766247,0.4145123827382355,0.2761753324019028,171.84763706697612,3.25
42,S1468,0.5831561505314153,1.0,0,0.0,0.0,4.0,516.2319656280035,83.11023551164087,0.16624186601947774,855.5426526243423,0.6187472054576785,0.43848697393737884,0.2983170320426714,183.84435623605236,3.5
43,S0531,0.5829931439827264,1.0,0,0.0,0.0,4.0,640.4955224554408,100.2252936255048,0.18810286816926478,848.4461519580177,0.6005414418691147,0.4286557788912101,0.28904203066723866,185.2012137377151,3.5625
44,S1805,0.5817172762638194,1.0,0,0.0,0.0,4.0,719.4227690382164,86.16576983963152,0.18787102214663257,869.4944629976153,0.6207984332939875,0.48177327295557265,0.33844864139831143,183.81201769498372,3.4375
45,S0670,0.5806643302545799,1.0,0,0.0,0.0,4.0,643.9701104923554,78.44290167136185,0.17892123557714987,864.8976569502354,0.6440328697872568,0.45465702630782606,0.3579693221576767,183.2437200243834,3.5625
46,S0141,0.5806319737292273,1.0,0,0.0,0.0,4.0,642.8038760289356,76.8344488277539,0.16477653843304826,884.3949511276742,0.6921332471848205,0.5113099993148891,0.3781993876578306,171.9054860473827,3.3125
47,S1051,0.5805750502910254,1.0,0,0.0,0.0,4.0,502.25129598873025,82.42727189405024,0.16891143721546692,872.7776527594306,0.6458237283577329,0.45812156607705784,0.36182203659353385,183.2296975481436,3.5
48,S1841,0.5792705872763692,1.0,0,0.0,0.0,4.0,669.2446973992757,93.49131633925339,0.18160768104190353,872.4525049248482,0.6346812394013033,0.4604914306981243,0.3499697395101396,179.34696822925167,3.25
49,S0096,0.5788719929281996,1.0,0,0.0,0.0,4.0,791.5639821003049,97.63482065024967,0.20358372692686438,869.7649411439353,0.6452427483299596,0.48020384473752376,0.37149079808978097,177.46615375616622,3.25
50,S1578,0.5781715657697424,1.0,0,0.0,0.0,4.0,571.4991778980913,84.53301175101043,0.17525008683167045,872.684034883491,0.6960209262451309,0.48507335327220824,0.35282883510721597,180.20379034643565,3.5
51,S1518,0.5779416261481464,1.0,0,0.0,0.0,4.0,593.276850631874,74.85247577362779,0.18517789025423273,892.8074369863552,0.7218610679089499,0.505846518457223,0.37872689172796203,187.16417717329978,3.6875
52,S0643,0.5771594039014758,1.0,0,0.0,0.0,4.0,548.1781436337893,79.33829411070823,0.17781163363766658,850.5280101618445,0.6512436209954005,0.47188959568152894,0.29060947099197165,185.87009276716947,3.5625
53,S0897,0.5765395792019743,1.0,0,0.0,0.0,4.0,590.7672966615246,83.96302101279801,0.162734738064585,869.4376940608041,0.6802301509669169,0.4811164229409508,0.3581795764028666,174.10196676950287,3.4375
54,S1050,0.5757711789166586,1.0,0,0.0,0.0,4.0,641.0977994344205,91.4985559292475,0.17952247531985757,877.927977973554,0.6963458029812788,0.4847053413302471,0.3351588988786847,179.20234157889396,3.3125
55,S0851,0.5753654496479297,1.0,0,0.0,0.0,4.0,704.4546407158585,100.98911020314354,0.18233287753524877,852.7233053928649,0.5649639841287254,0.4161303007264619,0.30771866214472465,185.47204494379946,3.5625
56,S0336,0.5752136113754994,1.0,0,0.0,0.0,4.0,575.6252518674305,92.70125579769368,0.17099641526900594,863.1046387652474,0.6298571389223699,0.4503709767955376,0.3295481756942129,181.71875315543417,3.4375
57,S1272,0.5749539809495776,1.0,0,0.0,0.0,4.0,632.8687454013696,87.8648569479918,0.1656293362476434,855.8501788959328,0.6156612730008847,0.4360801130205009,0.3373727487088473,178.75260156947476,3.5
58,S1173,0.5748264119616441,1.0,0,0.0,0.0,4.0,521.5742906320769,76.264002991902,0.17090062433022393,858.7733381303784,0.617772223662854,0.4259532128468677,0.3121457064261247,191.05221213110167,3.6875
59,S0204,0.5747041434254088,1.0,0,0.0,0.0,4.0,681.3084131577959,88.14086325582873,0.1762105420471985,838.5058444829913,0.5740939168354396,0.3936566754624687,0.3159208931016593,180.1563622811287,3.375
60,S1444,0.5744426210041611,1.0,0,0.0,0.0,4.0,597.9734827188134,89.82378345566401,0.1746723605245214,861.9218474792709,0.5925246008924336,0.46538773501142944,0.3425544929421991,185.55713343347927,3.625
61,S0989,0.5744150368936937,1.0,0,0.0,0.0,4.0,424.28681586963046,69.40952051903696,0.15630310124702354,868.991204848446,0.6613466355055951,0.4508825305679316,0.3416780992450764,184.92655152555741,3.5625
62,S0523,0.5729754552337673,1.0,0,0.0,0.0,4.0,522.6319176849873,95.14083361252622,0.18819924268268867,885.4015593341961,0.7223322072297411,0.4824845195514439,0.39941499118290286,180.32225172446672,3.375
63,S0928,0.5727006905944748,1.0,0,0.0,0.0,4.0,655.3177361189497,88.03056364095539,0.17083540483578863,884.7644031326189,0.6701082506500026,0.5034618566416659,0.36579773696311757,181.16398435162426,3.625
64,S1822,0.5719708634442512,0.99,0,0.0,0.0,4.0,588.9550593814647,85.74036801167227,0.15300167434415465,860.2632174114185,0.6581852369415743,0.47524344052328493,0.30410931667714425,175.37975728867622,3.5
65,S0008,0.5719343761086352,0.99,0,0.0,0.0,4.0,519.25492947172,80.31010592005416,0.1558072992294691,842.7731121923082,0.603697810748195,0.4400007341416404,0.2786965643817386,182.10586724945165,3.5625
66,S0869,0.5713358979708634,0.99,0,0.0,0.0,4.0,587.2888075436678,78.46104409572214,0.1645770484523077,837.8979613853704,0.6353465889208637,0.44018487602351897,0.28054826226048635,179.2444491014587,3.4375
67,S0979,0.5710341344039096,1.0,0,0.0,0.0,4.0,427.17459735843727,76.97773366422518,0.1587150911740951,841.4858814361922,0.5925102913381562,0.3895137450022606,0.29369452984083055,185.9455346972436,3.4375
68,S1850,0.5701552060341754,1.0,0,0.0,0.0,4.0,709.8245537793454,93.07183440373548,0.1760257878410746,862.9945399187244,0.5997994990004976,0.44214171019894843,0.33965739276280704,182.16103821986982,3.4375
69,S1038,0.5698599066081519,1.0,0,0.0,0.0,4.0,643.5441646576916,95.37460235582878,0.16529273836078268,875.6259753160841,0.6880123082883556,0.47500574120566,0.37340023883812395,170.41772907981706,3.3125
70,S1708,0.5697392244293021,1.0,0,0.0,0.0,4.0,668.8868870337363,106.33168536030493,0.18246266776517403,898.0860022991684,0.6836311890349007,0.49137577600815724,0.3869035924792354,179.0315539316646,3.375
71,S1144,0.5693598364771939,0.99,0,0.0,0.0,4.0,687.6971833318937,85.62581461612493,0.2030464380602754,854.2910675236288,0.6566465160664139,0.48173648526300317,0.3018689520821798,191.39173940750212,3.6875
72,S0915,0.5677479667533891,1.0,0,0.0,0.0,4.0,752.1152997648046,105.4038946199577,0.18524310602979818,844.3232555922614,0.5838731740745383,0.4111462050271907,0.3143231471566184,181.30698245682336,3.5
73,S1034,0.5675057649103648,1.0,0,0.0,0.0,4.0,697.384683598519,83.69128150554354,0.178585203915223,877.8032948951505,0.6833025265660498,0.49408204033621295,0.3382409219477523,181.00263355634505,3.3125
74,S0592,0.5674140716812631,1.0,0,0.0,0.0,4.0,669.4398705875973,97.59955087867652,0.16978375527606535,856.4696861002537,0.5927787019983104,0.44017519460477905,0.32141400065934744,178.85192239976433,3.3125
75,S1340,0.5671366175033776,1.0,0,0.0,0.0,4.0,646.4918167054313,90.3858039275336,0.16630416613711638,851.8888965475107,0.6050776315278001,0.4488546968762231,0.2954417742989319,180.48970607194377,3.375
76,S1083,0.5667194145700746,1.0,0,0.0,0.0,4.0,648.9247842848961,90.95006167759738,0.1970378965958999,844.6728154166043,0.6775561719587198,0.42710889382299994,0.3237721856853123,182.39799693681522,3.3125
77,S1421,0.5666762379836292,1.0,0,0.0,0.0,4.0,475.1297025392074,78.79232414469436,0.16632913193584237,836.2141760294585,0.5995574250884954,0.42060441479676686,0.27534629674635785,188.15951599657492,3.5625
78,S0064,0.5665028265172493,1.0,0,0.0,0.0,4.0,606.5435215999507,98.63566998986964,0.1827947025498185,838.5868502254094,0.5671916764535734,0.3900961982952399,0.30373238571458133,187.9865454991135,3.5625
79,S1469,0.5664734597226555,1.0,0,0.0,0.0,4.0,642.9057754773165,89.55935307435062,0.1759977800799447,866.036060719907,0.6704610802198064,0.4652154476446506,0.35727884076305483,178.73582253081395,3.375
80,S1305,0.5660642611979286,1.0,0,0.0,0.0,4.0,672.9057982520478,98.13819042719808,0.18167266477271207,868.2728998812752,0.6550943791491234,0.4302498473438533,0.3480858455152956,182.07627154081152,3.375
81,S0633,0.5651278377643607,0.99,0,0.0,0.0,4.0,733.1263041214646,84.26601283060955,0.18901695139389865,879.0356399680859,0.7045835131683039,0.4997853602818184,0.37591699929129524,182.57847834308816,3.5625
82,S1857,0.5650450554619513,1.0,0,0.0,0.0,4.0,664.0243786204644,91.70034948459731,0.18749712973997287,872.6815860494669,0.7243945910736396,0.4890350262679546,0.32916863908769345,186.65162705417367,3.8125
83,S0018,0.5646389534552482,0.99,0,0.0,0.0,4.0,514.4663055135453,72.72723674714842,0.15478472910911728,861.1144554482395,0.6666061612879146,0.451777028342587,0.3326514351737186,180.47645491326762,3.4375
84,S1777,0.5645757436814609,1.0,0,0.0,0.0,4.0,557.9737900241427,75.39566864234997,0.17110802093780506,856.8680121662745,0.6467656240807615,0.4355158841669336,0.33530464666679227,187.98828337713354,3.625
85,S1102,0.564442683645549,1.0,0,0.0,0.0,4.0,543.2066199177196,84.19072429389101,0.17114694488507168,857.2935951618225,0.6287762456704483,0.4436515456565561,0.3124109158574719,188.50873764702303,3.5625
86,S1752,0.5640521286572354,1.0,0,0.0,0.0,4.0,642.1399752800875,83.99377081750598,0.16310948703914874,868.022721339699,0.6479398481869966,0.45817077265643646,0.33159415149816207,179.32504151384086,3.3125
87,S1280,0.5637057854389448,1.0,0,0.0,0.0,4.0,675.3838498919314,91.39874438041467,0.16166172898058526,858.9282341572082,0.5979136799097989,0.4427696564848412,0.32592065574286394,179.56666203791917,3.4375
88,S0493,0.5633319480316822,1.0,0,0.0,0.0,4.0,727.4955259458477,100.57920042888767,0.17595073668058636,847.1849593739959,0.6077022563322109,0.4179710154531807,0.3099395109060621,177.95652621708695,3.3125
89,S0705,0.5631573623029611,1.0,0,0.0,0.0,4.0,573.9953060487709,91.41134212668335,0.17045847967621344,855.8663431852954,0.6255873399002735,0.44744903635035527,0.32196839141051636,185.1349622486307,3.5625
90,S0717,0.5626725841196015,1.0,0,0.0,0.0,4.0,646.0183345783631,91.18736879367762,0.16963071489460005,871.7477621048826,0.6158315580956137,0.4551529807673601,0.3563643272720349,185.50749238680714,3.625
91,S0450,0.562482035463382,0.9,0,0.0,0.0,4.0,891.8978237778208,102.3374451317035,0.1908475062644202,887.6963228656987,0.6425479727411908,0.48160389751998983,0.39253763371447276,177.69000198383802,3.375
92,S1086,0.5619102583843358,0.99,0,0.0,0.0,4.0,669.0683583309989,96.04973805708333,0.1887608257715851,866.769687678829,0.6403539986246279,0.4778760289513138,0.3358159695137825,188.44758623438082,3.625
93,S0931,0.5615260766536491,1.0,0,0.0,0.0,4.0,617.5404273690154,82.03678478003349,0.16927598382959416,873.3037932950025,0.7080955893031775,0.46166888893897473,0.3562964266633658,181.96967191965945,3.5625
94,S1640,0.561010887369689,0.99,0,0.0,0.0,4.0,619.4388268404929,75.98231668073807,0.16307167439821474,838.2712643010883,0.5711977133428896,0.40994953531417117,0.30160655683132254,183.6462955329973,3.375
95,S1209,0.5608230810174034,0.92,0,0.0,0.0,4.0,574.4891513193927,78.71866314367942,0.15033289693870971,884.140380616,0.6629682789057949,0.47539851602824323,0.3891933177205208,173.94268478017932,3.25
96,S1088,0.5607872861181498,0.88,0,0.0,0.0,4.0,795.3043166493476,93.10744304398818,0.16493001667558443,888.5868302109305,0.6801406593331797,0.5027636258945023,0.3733584039821776,169.90826973847834,3.25
97,S0596,0.560763714684102,0.98,0,0.0,0.0,4.0,595.2340284199383,79.64411964204099,0.19073948121653428,877.9553265723862,0.7350631587124529,0.5110813847696949,0.36043676326823026,184.9605660669451,3.375
98,S0134,0.5607607689866526,1.0,0,0.0,0.0,4.0,737.2779290371778,91.51370419633699,0.171048787530552,857.2453853222013,0.5984879128306205,0.4272936743760505,0.3394484983694108,180.2444644820986,3.375
99,S1581,0.5607556475828505,1.0,0,0.0,0.0,4.0,548.3216097479802,81.9313479963682,0.16313555938915114,851.4250236038155,0.5980786002777772,0.43244591236966384,0.3321996195963519,183.4170875618329,3.375
100,S1492,0.5606035808883166,0.96,0,0.0,0.0,4.0,699.2789359794577,85.78649846963886,0.15946127338707936,881.5295134194099,0.6494527811236672,0.46822899300660425,0.3957814995925713,174.45626814432546,3.375
101,S1574,0.5605377740838099,1.0,0,0.0,0.0,4.0,632.5011232614731,97.00485245319825,0.1841446432253324,865.6317010788204,0.6125518989895543,0.46745407686869345,0.3447922366617788,186.80936580068982,3.4375
102,S1923,0.5604935195566099,0.98,0,0.0,0.0,4.0,627.1879583096514,85.58322261281866,0.15153687343427075,858.4556471966094,0.6403246264135939,0.45965321915101076,0.3158218867937786,178.5985158143766,3.625
103,S0747,0.5603672239481516,1.0,0,0.0,0.0,4.0,636.4202018232812,80.57884191472188,0.175457752197127,874.6955960778796,0.654115334224928,0.48573795117551993,0.3670573736784382,183.69557227305108,3.375
104,S1351,0.5601380343363899,1.0,0,0.0,0.0,4.0,541.2796642960994,90.30983820813181,0.1732289212887669,872.7072836488611,0.6660272355640707,0.47284636646082046,0.3482194046677253,185.96979206403685,3.5
105,S1829,0.5600618853145504,0.97,0,0.0,0.0,4.0,527.353576291834,84.82194571748582,0.17037842900636513,840.7744973163468,0.6558308049933365,0.4331551653821209,0.26854161725156267,188.3452103841874,3.6875
106,S1750,0.5600199486377907,1.0,0,0.0,0.0,4.0,656.11776458781,81.87545555177687,0.16359716794288748,871.7722480510864,0.6417606775267256,0.46829734816605906,0.36116714849738984,181.4722609703702,3.5
107,S0731,0.559825264560156,1.0,0,0.0,0.0,4.0,702.1730777468396,89.45769654758695,0.16852254870870306,860.4897068268159,0.5987336441006208,0.42936028792614944,0.3306033876720959,183.45932960870786,3.4375
108,S1423,0.5595909296366661,1.0,0,0.0,0.0,4.0,592.6811697272218,82.39378303843668,0.16128571307392014,862.6297523754232,0.6347851313908103,0.4568169007248369,0.3512882250014109,179.92678478377692,3.375
109,S1587,0.5595613887611884,0.89,0,0.0,0.0,4.0,603.4590850924282,91.30853864841099,0.14293822988758287,848.9337182635517,0.6137760657921187,0.43963543601796995,0.308955641804019,171.87670473674424,3.4375
110,S0554,0.5595160077963939,0.96,0,0.0,0.0,4.0,825.4031705395726,90.92857538784827,0.18725018002792682,870.7658835883797,0.6764893208001256,0.49837940101476347,0.3386120045497056,178.5487021312221,3.3125
111,S1168,0.5594688412852515,1.0,0,0.0,0.0,4.0,579.1859788225898,87.10360046301984,0.17233143141238982,843.9924025148246,0.5758292384070464,0.41465224872437934,0.313577376838638,188.14604502991796,3.5
112,S1332,0.5586458254628499,1.0,0,0.0,0.0,4.0,482.22316126862927,87.87732419844285,0.17412624055937564,846.7442435892779,0.6750526634306258,0.4205100843185348,0.29743258186909743,188.0774475035494,3.5625
113,S1089,0.5584381342105011,0.98,0,0.0,0.0,4.0,516.5114624833365,82.51233891957179,0.16217261939411398,852.4335510626362,0.6053037923182146,0.427340353821088,0.3276930422620092,187.8956427238523,3.625
114,S1854,0.5584380575958886,1.0,0,0.0,0.0,4.0,642.3377733507862,81.01704562899253,0.17760921098407687,871.3701205754153,0.7028856310167129,0.4886873048512098,0.35521157449114543,181.44207812652158,3.375
115,S0506,0.5583497866753764,0.82,0,0.0,0.0,4.0,739.5944406953718,105.89861702313283,0.17281749062961646,889.1485406061954,0.7133059559993127,0.5084601564254905,0.3794022302136817,169.95714953797307,3.3125
116,S0813,0.5581529775992021,1.0,0,0.0,0.0,4.0,716.5721801026734,77.89811817735568,0.16984781572114607,875.1520689181378,0.6193080743776077,0.4700531806557344,0.35830074669410406,184.17571035863543,3.375
117,S1903,0.5576791178927294,1.0,0,0.0,0.0,4.0,650.9074187830498,84.34668427758902,0.162301027408026,872.4720650871284,0.621675987864227,0.47199456285761415,0.32420577843646053,184.6732521701434,3.4375
118,S1359,0.5572818757460645,0.96,0,0.0,0.0,4.0,514.7759272719014,84.79150380814077,0.15596199711487935,850.075696325604,0.6187391764852703,0.40960808589789927,0.3298977498053448,182.93431671682984,3.5
119,S1126,0.5562046845942253,0.81,0,0.0,0.0,4.0,788.4589343431671,107.65258580690147,0.17042962139646048,886.058317665609,0.6548400495658674,0.48369658531781917,0.39764173887933313,171.32809347950982,3.375
120,S0073,0.5560648859309038,0.98,0,0.0,0.0,4.0,551.2295078053897,88.64886442059277,0.1595594811730531,874.782235426501,0.6485015857438792,0.4592152379359451,0.3606293689426334,181.34236852873488,3.375
121,S0078,0.5560299397071914,0.75,0,0.0,0.0,4.0,872.1032112143565,118.07288908943927,0.20707077784469094,885.3662492198075,0.6744086340934217,0.49443248375509663,0.3946653543940419,176.48756777372134,3.3125
122,S1156,0.555966416071465,0.85,0,0.0,0.0,4.0,509.6595493496278,80.89011650902913,0.1871239552556071,866.5806926930937,0.6610123298900389,0.47853308804056677,0.37006955750145853,192.45624418714715,3.625
123,S1169,0.5558453361909804,0.83,0,0.0,0.0,4.0,775.332923446562,112.51750492767331,0.17862773749717425,892.5776115255455,0.6863408451377959,0.4992403105600365,0.38797005699897913,177.08194161361024,3.625
124,S0401,0.5554131256399847,0.93,0,0.0,0.0,4.0,534.6346241549999,84.97926279574912,0.155390598228635,837.419958956079,0.5875331658556091,0.39477969356494325,0.2949630233414536,186.34673707450003,3.6875
125,S0999,0.5554070888924638,1.0,0,0.0,0.0,4.0,709.2881212813489,100.418899716479,0.1684979513852977,853.4710046156106,0.6011288574260673,0.44220485754471367,0.32536650365217307,179.30926514877427,3.4375
126,S0210,0.5548869739515286,0.93,0,0.0,0.0,4.0,735.414236980943,111.56653319868813,0.18475093726152256,862.7035706108393,0.6142469963481103,0.46314989493343733,0.33014426307112626,180.55975576845546,3.3125
127,S0394,0.5546326313869657,0.99,0,0.0,0.0,4.0,814.929801112152,87.00186777437929,0.16947329463104382,871.1067926107045,0.6287590848430865,0.48740621463092837,0.33740788444582986,179.95927312814854,3.4375
128,S1997,0.5542625907266658,0.92,0,0.0,0.0,4.0,611.4618675145124,99.34445030920668,0.15545834919637547,847.9355087415206,0.6263015976612591,0.44808077517423445,0.3091420593991435,176.9510622567653,3.5625
129,S0720,0.554037837668187,1.0,0,0.0,0.0,4.0,632.6348325885514,103.06506446912684,0.17401511595237362,869.5110795542649,0.6274168155953767,0.45554177156926806,0.3596475760601908,183.51241415803133,3.5
130,S1344,0.5540073017517569,0.98,0,0.0,0.0,4.0,546.3407781171065,92.78579988470112,0.16470539628855385,865.1382168153764,0.6333126449553178,0.45790363053836275,0.3449838439088377,185.99550353267483,3.625
131,S1027,0.5535448140962517,0.98,0,0.0,0.0,4.0,671.2218497546767,88.8228124240265,0.1742978313537369,864.9862200536049,0.6142200246095495,0.44728339463050537,0.3294370989596545,185.9932870146707,3.3125
132,S0569,0.5532717154132824,0.97,0,0.0,0.0,4.0,595.4496173109675,101.30671785913916,0.17141788132713776,843.9301656973407,0.6395471837513803,0.4127042821064307,0.29295521143574965,182.86249318837037,3.4375
133,S0998,0.5531683761893568,0.98,0,0.0,0.0,4.0,638.9531289516335,86.93164075426142,0.16961853536170493,857.372554255072,0.5783503828864853,0.4142738832517115,0.34456857900009585,186.6886110733489,3.375
134,S1665,0.553055820358828,0.83,0,0.0,0.0,4.0,680.4281914182711,86.62587477696889,0.16015342767244134,872.6690120426865,0.6821812068765108,0.48294666591741403,0.3451571883050214,174.38462790030212,3.25
135,S0154,0.5530374909650346,0.76,0,0.0,0.0,4.0,824.4989207892172,101.53271538476551,0.2003914548080632,866.8208399968918,0.6930995276978799,0.46781708546581546,0.3403136851470712,181.1482010293025,3.3125
136,S0553,0.5529213547579589,0.79,0,0.0,0.0,4.0,697.7532630215265,81.15661932522656,0.1697991949733618,898.2908221888931,0.7003795756013295,0.5048540986561674,0.41375684079371916,181.43687092853884,3.5625
137,S1828,0.5525673941070149,0.94,0,0.0,0.0,4.0,578.0332194190256,85.69039775192839,0.1625432790226007,846.8666755843648,0.5826224538026719,0.4198877588392758,0.31323064217807395,186.0811318837051,3.4375
138,S1549,0.5520965609545718,0.98,0,0.0,0.0,4.0,734.6119644829715,94.66410101437735,0.16934842712482054,860.2314498015876,0.5959858267081873,0.4475953665287705,0.3434555415323098,183.94233477991995,3.625
139,S0605,0.5520874005708639,0.76,0,0.0,0.0,4.0,724.5336944062585,101.28360604038566,0.19416306401106131,874.929540486887,0.6317541091546865,0.4887198865092789,0.36811455071040006,185.11714263777822,3.3125
140,S1611,0.5520355110251826,0.72,0,0.0,0.0,4.0,728.8563540155883,99.33439010711604,0.19308455071750064,884.1527527051845,0.7492193013579732,0.5223109975286427,0.3824412164462146,179.06519089634105,3.5
141,S0091,0.5513833297538049,0.96,0,0.0,0.0,4.0,714.8005899910855,93.98112277415467,0.16981324211535007,850.2970386960445,0.5798804048478348,0.4450483388152034,0.3358790098357894,180.6322481027541,3.375
142,S1989,0.5510757250309269,0.87,0,0.0,0.0,4.0,731.6498737148005,99.18211054182652,0.18064534611629604,849.1850865117744,0.5919695504790875,0.4328950662759856,0.3109394995253383,189.16260915588373,3.75
143,S1507,0.5507711334723969,0.93,0,0.0,0.0,4.0,589.1880141493293,86.9566244345865,0.16338041169217946,854.9350967764848,0.5965418213284197,0.4509449322831151,0.32008561925380147,187.39529024346814,3.5625
144,S1429,0.5505616855782081,0.77,0,0.0,0.0,4.0,675.6439874473564,102.79433455845165,0.1554448547913794,864.4147921736097,0.6533389797932713,0.4863634740169291,0.3181926052597068,173.6435401162795,3.4375
145,S1866,0.5503569658201425,0.91,0,0.0,0.0,4.0,638.3830341329219,91.31490176961918,0.16063600023849592,863.5809984859719,0.6522271413399435,0.47161404506893273,0.32122813883051055,178.5569979143568,3.3125
146,S0603,0.550167512568812,0.96,0,0.0,0.0,4.0,632.4708822062752,86.02781565592048,0.1675298177817326,854.8802671223459,0.6263271140445551,0.4564635842914427,0.3300749971649185,181.9633747556987,3.3125
147,S1343,0.5499601946670273,0.87,0,0.0,0.0,4.0,780.0351026028671,98.05958695015083,0.17802147374768812,871.5387015671669,0.6389748313797047,0.46346678921014156,0.3819189866321277,180.1787314755655,3.5
148,S0344,0.5498217785300016,0.89,0,0.0,0.0,4.0,718.6893371399879,95.56033951614216,0.1790564863678096,855.9178190546635,0.604609338110616,0.41386419929444046,0.3466087396944671,185.47700458135444,3.4375
149,S1925,0.5498125128138617,0.84,0,0.0,0.0,4.0,736.7852167427033,92.34095855041014,0.1542437260162771,857.9251108172566,0.6040505585985638,0.4533688870305157,0.33103929509207586,177.7352355897043,3.5625
150,S0684,0.5497446898832421,0.86,0,0.0,0.0,4.0,760.4798368307864,92.60473424439229,0.17821236052654155,856.5126460851028,0.6058045914270118,0.4451145688695643,0.3180199711884616,187.30568273174114,3.5625
151,S0571,0.5497405465847621,0.67,0,0.0,0.0,4.0,748.9432596019465,114.97205018707481,0.19580959565330028,879.9236736464319,0.7017537441551811,0.5180014095237613,0.36604263619618327,178.19306412732726,3.375
152,S0298,0.5493721297430328,0.86,0,0.0,0.0,4.0,511.74723494898365,83.96413578975914,0.1656899079014098,846.394931103574,0.6312109465328896,0.4291945145165657,0.30298982162254123,189.95684073985376,3.625
153,S1957,0.5493470879161686,0.72,0,0.0,0.0,4.0,667.0221269420024,90.39327848415783,0.18351442892939,890.3595068583074,0.7061097282628243,0.5095906127314915,0.38245185175064395,185.67333560030056,3.5
154,S0988,0.5492336130597419,0.87,0,0.0,0.0,4.0,794.2265703775927,97.0236301452881,0.1776671722172269,872.7047304114576,0.6367881102927633,0.4831734145634027,0.34750789013929756,183.44410541876474,3.5625
155,S0817,0.5486773856268999,0.72,0,0.0,0.0,4.0,733.7021369042276,96.99534195234304,0.1547492327337325,873.964662161717,0.6030382201391005,0.4518895158761187,0.3709920029386854,172.61929214668706,3.1875
156,S1538,0.5486541935388085,0.71,0,0.0,0.0,4.0,780.8835551825973,96.9699860725554,0.1938518969649506,852.6959023781318,0.615784769397672,0.4346172148363614,0.34175618853063433,188.20655160053113,3.5625
157,S1856,0.5484257515852682,0.79,0,0.0,0.0,4.0,589.0029868290621,77.9545139166784,0.17588903901417552,851.4333857854763,0.6236097356413143,0.42658878654472004,0.34570262714958433,190.9180756988931,3.5625
158,S0673,0.5483304781557911,0.77,0,0.0,0.0,4.0,791.3456899530566,102.32856939774452,0.17228407493464354,879.9938202492533,0.6452480711617137,0.4724156254955173,0.3896189099666513,178.4340928862619,3.5625
159,S0001,0.5482941094490841,0.59,0,0.0,0.0,4.0,897.7167774483665,96.70162674248262,0.18909453121935318,892.5526447306398,0.6702532830918214,0.488823037117509,0.3979082112345598,181.04173377141097,3.4375
160,S1533,0.5480045163693438,0.79,0,0.0,0.0,4.0,619.8847954812676,80.60156318988845,0.17365536178234411,873.6071206367548,0.704061016146431,0.4762150951540627,0.3662131852026901,186.46692890710065,3.625
161,S1326,0.547728295633493,0.64,0,0.0,0.0,4.0,707.7103389257389,81.39165755630495,0.18463791585075393,874.1754061883448,0.6672930679930108,0.5012347106771613,0.3554220543186015,190.69594657029273,3.6875
162,S1847,0.5474814041843792,0.92,0,0.0,0.0,4.0,626.6861638413626,86.15080800646551,0.16770099608536246,870.7973801846471,0.654797853205677,0.4720977886484658,0.3427320696013664,185.2868582653233,3.4375
163,S1696,0.5471072999757348,0.62,0,0.0,0.0,4.0,850.9836937865417,95.13967975521655,0.19698336149994608,867.656437818123,0.647170666090205,0.4700378900040245,0.3480517238913418,186.33081499047805,3.4375
164,S1561,0.5468627865624998,0.67,0,0.0,0.0,4.0,648.9749784841507,90.71572659621651,0.16271488373425716,886.8534989202302,0.7112496434873709,0.5053053036532487,0.36515895096542644,178.48273751095547,3.4375
165,S1703,0.5466985200411182,0.78,0,0.0,0.0,4.0,620.570480818789,104.04453287633117,0.18528677684876274,829.9565858123012,0.5840739420411197,0.39962065641247024,0.29138582860796874,190.33528174430663,3.625
166,S1266,0.5461868757956874,0.77,0,0.0,0.0,4.0,607.9602590040146,85.66821891234184,0.15601931192616555,859.4751359435895,0.6314150275891857,0.44154554532462165,0.34211540109648786,179.72995790013488,3.3125
167,S0837,0.5459307498517965,0.82,0,0.0,0.0,4.0,645.8570368164063,92.36806175485657,0.1656350513021346,847.2153441688907,0.6038348179935087,0.44101386792798597,0.27776854932385836,186.2127390351514,3.4375
168,S0607,0.5455451182973113,0.68,0,0.0,0.0,4.0,708.5966777115246,104.39282863159869,0.17160700232886772,875.2466656508066,0.6297573615785294,0.4538572404631837,0.38543358383981624,178.43545074040503,3.3125
169,S1768,0.54530999457152,0.73,0,0.0,0.0,4.0,651.7835177882241,95.40813338129688,0.17601631322866967,841.8711888705732,0.6181057755909283,0.4482779736586772,0.26780143275868085,188.20101092820633,3.5
170,S1906,0.5452548638079898,0.7,0,0.0,0.0,4.0,503.96752491424127,86.02520872853225,0.14309919061153292,839.4305982049816,0.5910064359657391,0.41399077674186513,0.3111741418994635,178.85583976338887,3.375
171,S0164,0.5451654055634741,0.74,0,0.0,0.0,4.0,555.5703102093473,102.23919206039889,0.17769380840345764,862.5405992286969,0.6178941873779193,0.46204043057387006,0.3327528389866674,189.07777553089133,3.4375
172,S0809,0.5448936146681249,0.55,0,0.0,0.0,4.0,775.47053011967,95.94742516629951,0.18186635544350632,878.757746891222,0.6754883483979883,0.5050246178852608,0.3874030346725845,177.68369047424727,3.3125
173,S1826,0.5448837062985162,0.63,0,0.0,0.0,4.0,735.5818704266824,82.15475471833935,0.17286737926003048,883.5729420427282,0.6980939147283456,0.5028613100079572,0.35498470208957017,182.57614023819661,3.375
174,S1867,0.544617427274008,0.73,0,0.0,0.0,4.0,559.8544257242805,87.30175716619775,0.1554963228346866,852.12870316212,0.6054563666703149,0.4365905564895222,0.3064810457166139,187.01747881562335,3.5625
175,S0293,0.5429899250252768,0.54,0,0.0,0.0,4.0,603.2183790752194,82.03268151748787,0.16817548885024286,888.4776147034574,0.717194354770459,0.5225409579093601,0.3665260783536338,185.5244281462554,3.5625
176,S1937,0.5429824191196321,0.58,0,0.0,0.0,4.0,711.8258430346518,93.4924629542441,0.15127193180987658,851.4591517884288,0.6157513078024676,0.45228799690064786,0.31888008554699615,171.47240323979278,3.1875
177,S1771,0.5429701388860925,0.57,0,0.0,0.0,4.0,638.402139277456,96.74560654485157,0.16775910768399116,866.7210912547246,0.6879537792171911,0.4629936736762528,0.35366158176297297,179.6365651236676,3.4375
178,S0510,0.5427518884042507,0.46,0,0.0,0.0,4.0,735.4405693707254,90.49768035152586,0.19657512900102295,873.0363496231572,0.6709703514582397,0.4776052068171118,0.38626044439287943,184.5057250050469,3.1875
179,S1164,0.5426734643067761,0.47,0,0.0,0.0,4.0,882.5870563688106,108.93071376294432,0.18296865080443406,865.7612093433848,0.6288296548678455,0.47096469103384886,0.34392834504850855,178.89729064134426,3.4375
180,S1650,0.5424730036261006,0.5,0,0.0,0.0,4.0,677.4295108897168,91.38644364214831,0.16390539534523108,883.6921978190429,0.6583112142089257,0.48606293750405416,0.3705662168459964,184.6852678452525,3.625
181,S0455,0.5423650135316379,0.61,0,0.0,0.0,4.0,592.5684041263502,86.61120407389258,0.15745715343998595,862.474365549782,0.6425308319025311,0.46298523002231906,0.3476643637710351,179.14149429723938,3.25
182,S1525,0.5421658005164748,0.51,0,0.0,0.0,4.0,725.884048763266,93.38250895788391,0.1686117736464096,882.2262384543255,0.6849999366946716,0.4978994860921588,0.3765919688109921,180.54348665065245,3.5625
183,S0097,0.5419541932213671,0.63,0,0.0,0.0,4.0,599.3250813130669,100.44151650468959,0.1643162861632803,847.7383543559823,0.6147278138320542,0.41813557576671023,0.2881670808243926,184.1229538915322,3.3125
184,S0214,0.5416492084270416,0.37,0,0.0,0.0,4.0,762.9625627388757,96.10075303646025,0.16804158408638759,900.2681111235783,0.707021807772973,0.514757455825371,0.41672413022268556,173.3129093163373,3.3125
185,S0099,0.5416155390852668,0.46,0,0.0,0.0,4.0,549.1634292482534,82.9008514636686,0.15823057260280612,879.6628297870988,0.6771757756123982,0.5031712858499765,0.3792350955397908,182.78408010426065,3.5
186,S1605,0.5414696581831796,0.46,0,0.0,0.0,4.0,683.0429646079524,86.40897482014608,0.17407619076994427,887.07550454342,0.7130204057983358,0.5113606777047873,0.3555468948541563,185.46423751598945,3.5
187,S0102,0.5413507633345733,0.62,0,0.0,0.0,4.0,474.80070107029405,78.70524507636583,0.14887690239906304,865.7139856313069,0.6362469824144239,0.4351855574407603,0.34759495666369783,184.58637974101288,3.3125
188,S0326,0.5412653793383595,0.58,0,0.0,0.0,4.0,592.963623434714,80.4606383210629,0.14372046128114205,844.9976863966734,0.5814959426132108,0.433283975632945,0.28059246013534034,183.66932796121444,3.4375
189,S0695,0.5411651481270435,0.43,0,0.0,0.0,4.0,650.5343796842361,101.42395244756544,0.17978786497676474,889.6709114016865,0.7093564309492926,0.5091812544434856,0.38098390441687746,185.37749919200516,3.625
190,S0771,0.5409936575399186,0.41,0,0.0,0.0,4.0,846.1082807437343,88.0946941944384,0.17533956308755186,898.0303227124804,0.6843279948814083,0.5049275327418731,0.41223261223037816,181.2674107845877,3.5625
191,S1072,0.5408456360518585,0.43,0,0.0,0.0,4.0,895.8669627854714,121.95156817648153,0.18695042537079842,880.3658498756948,0.6378709967879334,0.48186632369904553,0.38362881613590816,175.98798466828765,3.4375
192,S1148,0.5406832117040259,0.52,0,0.0,0.0,4.0,592.1478718538934,102.28904968462368,0.16247000981028828,855.7797412503286,0.6501469759275569,0.45447823057694975,0.329067373934367,180.96152272882836,3.5
193,S1576,0.5406381783053483,0.61,0,0.0,0.0,4.0,568.258285213894,84.59524646910032,0.14756894995565759,835.8025022023398,0.6174769011419707,0.4214258657327414,0.27643636206444105,182.06801538684542,3.5
194,S1512,0.5405713733414436,0.58,0,0.0,0.0,4.0,610.1169233677033,80.58228440326613,0.16164095213110535,835.4855386459469,0.612339681626318,0.40574547212363526,0.2956828657280208,186.07582891345717,3.4375
195,S0724,0.5405441807578953,0.5,0,0.0,0.0,4.0,765.4692425914111,105.2433061727579,0.16130171706623303,850.3311794350815,0.5991005796388053,0.42120428118011216,0.2896752149639894,178.44062307829446,3.3125
196,S1584,0.5404652364909655,0.45,0,0.0,0.0,4.0,671.903230827318,89.31855182102333,0.16559994817126059,862.5066467841316,0.6656841921976977,0.48007043934407906,0.3550761886285145,177.70655743106911,3.3125
197,S0609,0.5404408127171256,0.41,0,0.0,0.0,4.0,737.7971125121038,107.4690813646537,0.16295396609652127,865.4145630267428,0.5996586899632083,0.4375663317510757,0.35979527837709535,180.31946532343542,3.5625
198,S0049,0.540296406062154,0.54,0,0.0,0.0,4.0,715.5446264993392,93.20985788978226,0.15393642515789474,846.4960142382297,0.6145523636895804,0.4339493759584972,0.3057313059336661,175.01248983802037,3.25
199,S1979,0.5402583530180235,0.6,0,0.0,0.0,4.0,583.7292898152846,82.20835641665755,0.14072617427456283,834.859245902582,0.5883140720812029,0.37668836920668636,0.26048195165159577,180.6286068228373,3.25
200,S0634,0.5401644904408127,0.49,0,0.0,0.0,4.0,727.9057244102793,101.61996662497849,0.1738325713354506,855.2270059803344,0.6572280021741319,0.4684691443858842,0.3060131722812523,183.88455123251606,3.625
201,S0768,0.5399125616421516,0.41,0,0.0,0.0,4.0,734.8607123868495,91.30874781593457,0.17223118018685324,870.3185668235022,0.6256475972523086,0.46761895318050656,0.3441356327850106,186.13699432477455,3.4375
202,S0453,0.5398245797453589,0.55,0,0.0,0.0,4.0,606.7380339415878,92.27245805790054,0.14799777141514184,841.1234728587043,0.6100976747283567,0.41361934584120186,0.2925891465643801,182.24168830215064,3.625
203,S1082,0.5397533742163809,0.51,0,0.0,0.0,4.0,508.87011055193057,78.3647220517521,0.1571532357788508,858.8332181217534,0.6604317171776732,0.4626180326644098,0.3278406506643208,187.7686927508441,3.5625
204,S1755,0.5396791619874038,0.33,0,0.0,0.0,4.0,697.157195074175,91.29265968890189,0.15764436851708882,895.697284223728,0.674370068299655,0.48103845785654836,0.4134946376080395,175.15990027310897,3.25
205,S1727,0.5394697075524106,0.41,0,0.0,0.0,4.0,585.8481225179407,88.08147642807435,0.15993722921519044,867.8655785728004,0.6432478319284529,0.45378772118752125,0.3440963928061812,183.8226986406861,3.3125
206,S0511,0.5391801270843789,0.41,0,0.0,0.0,4.0,752.6266485690086,107.19268479982274,0.18664376490638815,869.3707882231372,0.6574173600278661,0.4684805764075725,0.3359998047844449,188.72912385013984,3.6875
207,S1627,0.5390699925372092,0.48,0,0.0,0.0,4.0,739.2263986713643,96.84401860269804,0.15285507654730623,835.0695643573908,0.5691350733630781,0.4177407450352019,0.2810520218473842,178.2661367134937,3.4375
208,S1236,0.5388741959937692,0.32,0,0.0,0.0,4.0,628.8037276710749,80.78627999482009,0.15751143635783116,861.2974356672484,0.6929754423765315,0.4687221747990128,0.35792605141856687,178.87901750119627,3.5
209,S0122,0.5388684313848907,0.39,0,0.0,0.0,4.0,868.4640578937506,105.01511578679163,0.16998103053140987,857.9131439131827,0.5869090540659272,0.44140471518292196,0.34542275308946974,178.01910389186833,3.4375
210,S0313,0.538727291682726,0.44,0,0.0,0.0,4.0,607.8874301870349,81.83233253865895,0.1531063162212033,862.2077329849441,0.6156735159934945,0.4451302251577074,0.36276349524615165,183.58964243051886,3.5
211,S0952,0.5385056725562531,0.31,0,0.0,0.0,4.0,770.4987102475234,104.89903841553996,0.16544916942726867,863.7685295914977,0.6567911025168485,0.4624960690842585,0.3251973872692598,178.250959223979,3.5
212,S1113,0.5383851882649504,0.34,0,0.0,0.0,4.0,1028.0783459792058,115.53332338364984,0.19110997366302537,882.2497088211815,0.6589863344470129,0.4960124815142717,0.3686627554996344,175.11277863066337,3.4375
213,S1293,0.5383590300169729,0.27,0,0.0,0.0,4.0,725.6800797995771,96.41125831979983,0.1647000416529463,871.4633603014255,0.6744988178072253,0.46909611170381926,0.360696963507114,179.0023281147163,3.5
214,S0250,0.5383283983075058,0.3,0,0.0,0.0,4.0,782.6494863654502,103.50764047564988,0.1765803001607905,887.1327380562935,0.6607424736170525,0.501579497005677,0.3931325835502298,181.38132466529174,3.5625
215,S1364,0.5379081226876237,0.31,0,0.0,0.0,4.0,702.2331556424461,105.22227965083852,0.17207265409410943,863.5395708409308,0.605008415863423,0.426583438626764,0.35777702289955243,185.99345270036923,3.5625
216,S0881,0.5376997973269961,0.31,0,0.0,0.0,4.0,578.9759433673886,102.72709460592665,0.16238625364267997,853.9945133570815,0.5989721426534592,0.42458905351492227,0.34486137566673813,183.88946146566272,3.4375
217,S0763,0.5374689962781977,0.33,0,0.0,0.0,4.0,660.9550838929704,89.92256104227724,0.1608987803344395,854.7137814105579,0.6083291662236265,0.4599524822882006,0.308076701708858,184.26274701606619,3.375
218,S1448,0.5373665601560736,0.41,0,0.0,0.0,4.0,762.4376637017077,103.31168772102495,0.15521579303003902,872.3851876112043,0.6431470995091234,0.4644331770633744,0.3678287574305289,172.40739365040955,3.375
219,S1922,0.5372437305389506,0.39,0,0.0,0.0,4.0,614.368324202833,87.1748300032979,0.1728578242653135,850.795775940861,0.6276256758775448,0.44673457916713893,0.2881462155211196,192.40605535522755,3.5
220,S0262,0.53721756440728,0.42,0,0.0,0.0,4.0,557.1391446832888,81.53422673692857,0.15758767272721452,827.4605782607251,0.5698345559417657,0.3794357479467929,0.2697677384636698,191.61920291728038,3.5625
221,S1493,0.5370289735978226,0.29,0,0.0,0.0,4.0,796.24495564393,100.37267490859993,0.18902327471559344,898.2804930636304,0.7596106063289211,0.5334746626857584,0.3778525362736173,182.3518418401643,3.5625
222,S0150,0.536973828386582,0.28,0,0.0,0.0,4.0,702.2832353509849,102.08776314339539,0.16698015986126286,890.2964410739575,0.6660339826764158,0.5086603085769273,0.3875189897643687,177.95199568570888,3.3125
223,S0682,0.5369616179674381,0.36,0,0.0,0.0,4.0,676.0157778866411,94.41380128839572,0.17832981531152947,864.0173213396097,0.6557756804232139,0.47715234996789885,0.32214948821017647,188.71736951192932,3.5
224,S0560,0.5369101473950727,0.25,0,0.0,0.0,4.0,752.9117088610817,84.77480391638699,0.17984135744474383,879.3847571382395,0.7136823191949053,0.4908503467611203,0.38221279382127415,185.14873187200106,3.625
225,S1171,0.536906586675902,0.36,0,0.0,0.0,4.0,804.5921689824622,99.98702550313598,0.20151537891283366,868.2136317482773,0.6838926990047274,0.4969170345865035,0.33492480564441307,187.29737251159014,3.375
226,S0374,0.5368006223643546,0.45,0,0.0,0.0,4.0,680.8143259439945,88.77236108153659,0.14826583116309208,847.2888088039836,0.6180331743598558,0.433896352641404,0.3190523468170181,175.4831720052529,3.3125
227,S1043,0.5366678130927891,0.13,0,0.0,0.0,4.0,716.0783212682452,83.47604788482676,0.16797119098938348,886.2168595017456,0.6990186552310218,0.525668679112814,0.36930704952429194,182.65434647264095,3.5
228,S1657,0.5365552106199885,0.36,0,0.0,0.0,4.0,832.7741458110033,114.18478220291647,0.2006369170206194,868.5219886196712,0.6248619416632304,0.46399242587574635,0.3641468443241416,187.2990161562123,3.5
229,S0031,0.536501527222752,0.34,0,0.0,0.0,4.0,743.484774678062,106.9688392348219,0.18396462665033822,858.3473830916168,0.6136482573407412,0.4693928750234212,0.3365089614171528,185.2935551641987,3.4375
230,S0737,0.5364802015541528,0.34,0,0.0,0.0,4.0,859.3425879732763,104.94853718617892,0.15467901724393504,871.4737905871659,0.6486748337863142,0.4653833353582225,0.32932444325311216,171.5795284666548,3.375
231,S0635,0.5362853285891467,0.29,0,0.0,0.0,4.0,887.073471611768,90.87189348581838,0.19700177029980756,911.8487402179421,0.7210241221506622,0.5393004069819051,0.42165232557372745,185.64311993817458,3.5
232,S0131,0.5359713756304858,0.44,0,0.0,0.0,4.0,555.200884754764,76.80506629553042,0.13683044041774736,844.0144929122553,0.6071669242008189,0.4134155559578344,0.30955797308799354,183.29647077131966,3.625
233,S0924,0.5359272537411153,0.19,0,0.0,0.0,4.0,629.184093781079,84.08863549189354,0.16230107841301328,858.8613078744268,0.6215929862140888,0.45178578518963125,0.3378914325190705,185.68786997673857,3.375
234,S1912,0.5358956061702735,0.26,0,0.0,0.0,4.0,614.2733365677648,87.68333471929458,0.17390438122827248,864.9302301174571,0.6598210097472541,0.4501999657325673,0.3675846304116982,188.1079348065349,3.5
235,S0430,0.5358653362865775,0.32,0,0.0,0.0,4.0,832.1339971776437,117.94612605389943,0.18122360140365756,851.0820015100995,0.5924696277078718,0.4428004348341501,0.3072101344127245,180.09777660572436,3.3125
236,S0894,0.5356564253834474,0.3,0,0.0,0.0,4.0,737.55904089957,85.48401443346734,0.1538561476562558,847.2944429525579,0.6104944750512252,0.44764484276772337,0.3090835600892154,177.87730000216567,3.3125
237,S0314,0.5355843705624673,0.43,0,0.0,0.0,4.0,662.8909332453679,103.52087187443284,0.1889950099944298,863.8015486557117,0.621936021797405,0.4577117344436794,0.3137446912958977,196.1144166477617,3.625
238,S0565,0.5353092844528319,0.21,0,0.0,0.0,4.0,689.8011470261868,101.86441056935048,0.16193434232966084,852.8009463842526,0.6278336675780076,0.45758630348142815,0.2978434081756704,181.45079302816362,3.4375
239,S1409,0.5351976778944513,0.21,0,0.0,0.0,4.0,592.9472876581784,79.89344212268968,0.15811781316102724,870.5831910883663,0.6591814338544524,0.4746061184143721,0.33665753871265003,187.63356913493234,3.5
240,S0433,0.5349291653179439,0.18,0,0.0,0.0,4.0,906.0986332611177,93.82052870572993,0.1680665365988153,887.710945536771,0.6600238538647399,0.5023474976399147,0.37365360792396485,176.57381890488278,3.375
241,S1398,0.5349269958555104,0.08,0,0.0,0.0,4.0,649.7246922540695,92.69652610706939,0.17023554088386175,881.9592425795282,0.7277702840902026,0.5090350745129699,0.347640463963016,183.45213622774656,3.5
242,S0802,0.5349108600006943,0.27,0,0.0,0.0,4.0,585.488354380181,89.16066221374447,0.1571278458594302,858.2718182882202,0.629142027535802,0.46791819724127404,0.31109308879955205,187.30365174583193,3.5625
243,S0425,0.5348191559067306,0.16,0,0.0,0.0,4.0,675.4872834141131,96.23998273585133,0.17474503988329723,846.515112641838,0.6206030478291634,0.41973366270803136,0.34436318572633445,184.95639862786365,3.4375
244,S1430,0.5345842617443527,0.29,0,0.0,0.0,4.0,537.0577025898235,85.26699919331199,0.15337952774310185,855.0056022712259,0.6209531371125068,0.4233933116668416,0.3162935118262365,189.46128881410368,3.5625
245,S1161,0.5344691378116643,0.23,0,0.0,0.0,4.0,909.9515648443745,105.63807404421634,0.18022221039129566,872.9533948045396,0.6462911376662597,0.4601505001220009,0.35204850673447446,181.21735112624182,3.5
246,S0957,0.5344044453833202,0.18,0,0.0,0.0,4.0,637.2347707672217,82.26713010436313,0.17031790357327833,872.5682552045947,0.6831997523825823,0.47893982938278234,0.3701292304979148,188.14129728347515,3.625
247,S0528,0.5339793104687061,0.24,0,0.0,0.0,4.0,845.1968095270612,94.72174565274925,0.18113983568393827,888.5330039511283,0.7628273860686379,0.5436237530371539,0.37344096617190325,176.13288854567347,3.5
248,S0012,0.5337294546039882,0.22,0,0.0,0.0,4.0,636.1158142761943,86.73297309111003,0.1478179702329503,875.375393644378,0.659424975888868,0.4723592135537661,0.38568235231864095,175.11753325021255,3.3125
249,S1932,0.5336919075439275,0.22,0,0.0,0.0,4.0,700.329349135541,84.56972850216164,0.16046803109697488,844.939071471453,0.6112144980794492,0.42370652613143767,0.30136474588615114,189.24813555910274,3.75
250,S1080,0.5331326618596016,0.11,0,0.0,0.0,4.0,789.2068021037726,93.90138096611796,0.1644886692474463,866.1568692145846,0.6671962109053511,0.5026166923711357,0.348765551680004,176.17083770284793,3.4375
251,S0201,0.5329519384525473,0.27,0,0.0,0.0,4.0,875.6971055300297,113.0142803052538,0.2033026433702138,907.126918534951,0.7477213477639846,0.509349453557635,0.41163208549239627,178.57901879397383,3.1875
252,S1157,0.5328629676729526,0.18,0,0.0,0.0,4.0,684.7651087011835,105.68998126895877,0.17436640465296419,849.7207677042718,0.5962683436433323,0.4395696841913959,0.30117431454967714,187.78679936074556,3.4375
253,S1440,0.5325501392800025,0.25,0,0.0,0.0,4.0,833.7095700053444,110.9109485839494,0.19681578180154674,867.0641669056143,0.6245205552723327,0.46477348319471634,0.36466479567130067,188.13069859620595,3.5625
254,S0710,0.5322736200992527,0.17,0,0.0,0.0,4.0,731.0251681874537,94.22930213369034,0.15670340886595865,840.6251700604544,0.5762144824024759,0.4073912627639196,0.3116338395895031,179.979771220923,3.3125
255,S1951,0.5319717719121168,0.14,0,0.0,0.0,4.0,524.3057890186985,88.46980879138448,0.149336174287212,863.8777394420677,0.6109969760764655,0.46001117215232507,0.3514810800377363,186.4366399625103,3.5625
256,S1575,0.5319643580007748,0.09,0,0.0,0.0,4.0,612.5551935843246,90.08499398356153,0.16292465067231152,885.9622869055627,0.7256489551714165,0.5046922629163774,0.37062364066528175,184.00161722603258,3.625
257,S1920,0.5318488746493214,0.13,0,0.0,0.0,4.0,643.7922383862966,86.17534227039144,0.15242081464303842,871.5045087766721,0.6841472730645642,0.4585852542209596,0.36510638296924774,178.2350395311242,3.375
258,S0343,0.5314652552411002,0.26,0,0.0,0.0,4.0,566.7318115460397,80.87798819417308,0.15999807608844377,836.4226569787963,0.5782316759129991,0.41358574917073193,0.28706172519405904,193.28802299170576,3.5625
259,S0558,0.5313425642374758,0.18,0,0.0,0.0,4.0,647.4578438938612,97.31967758602407,0.1770408309959831,887.1920298776749,0.6944962793461695,0.5047152088773582,0.36793430601485944,191.69490292365248,3.8125
260,S1098,0.5312782002540751,0.09,0,0.0,0.0,4.0,683.3215415736794,95.13574701917918,0.16076033484277422,896.4875964484572,0.6815618306828632,0.5219651393396731,0.37807857053376775,182.43942757797257,3.5
261,S1391,0.5310823474205263,0.13,0,0.0,0.0,4.0,839.5651745358937,113.3048631787398,0.1756568213919981,866.2044075880149,0.6777518420233138,0.4788692578763714,0.32262471278258215,177.3246478198149,3.4375
262,S0880,0.5306262584577799,0.25,0,0.0,0.0,4.0,627.7654083403875,82.92257860852575,0.14095875168953614,844.6270614578868,0.6024707461889304,0.4087020169567033,0.2998737132951754,181.9758145994457,3.4375
263,S1654,0.5304709418378366,0.05,0,0.0,0.0,4.0,636.8225357305847,87.5791830545339,0.17561607057174927,860.5577525801206,0.6709505346546237,0.472722957589164,0.3516446386871462,186.98433202204941,3.4375
264,S0716,0.5304148520217099,0.19,0,0.0,0.0,4.0,642.8925432924178,99.8226760533178,0.153508963164372,856.8764085550495,0.6608739286910631,0.4736739500556646,0.31539957882076436,175.9433197626024,3.3125
265,S0638,0.5303480442579838,0.17,0,0.0,0.0,4.0,702.6903636807791,90.46072394663446,0.14344871516068938,847.5765741296343,0.5601249904256893,0.42393168762601846,0.30295539933903287,179.7042730479504,3.3125
266,S1205,0.5302496097679813,0.06,0,0.0,0.0,4.0,733.6667624412709,85.45038066740796,0.17757389050741848,884.1651439644118,0.6967648668048819,0.5037047129193708,0.40498841618089093,181.69916462486128,3.3125
267,S1297,0.5300220558584967,0.08,0,0.0,0.0,4.0,611.2819762426701,95.58213394670962,0.1531335025888331,858.0051397195294,0.6335657616396915,0.4222310851358684,0.3732497435672797,176.56768039972965,3.25
268,S0385,0.5300061901068542,0.14,0,0.0,0.0,4.0,683.4117398508934,110.60625752132603,0.15499894040614812,846.8160913352814,0.604995773568908,0.41868713416802483,0.2865972033369397,180.49791184900246,3.4375
269,S1194,0.5300011902774259,0.04,0,0.0,0.0,4.0,613.866269718797,101.99155514718338,0.16156203712905365,851.5353662917473,0.6416113211563603,0.4280240308916718,0.3082186559166284,185.0346253640464,3.5
270,S1929,0.5296582765826371,0.15,0,0.0,0.0,4.0,816.5075190984514,113.36019078482336,0.1657789331111023,867.1149582690333,0.6481230163079377,0.47144001847048617,0.32847374417817227,174.75717314727825,3.3125
271,S1438,0.5295625714506601,0.04,0,0.0,0.0,4.0,707.2484006112816,99.36579142221314,0.18124793498364722,868.6448899068184,0.7393265708972704,0.49942331527857947,0.3299887024048539,183.18921803706633,3.5
272,S1053,0.5295441352810426,0.21,0,0.0,0.0,4.0,853.2798936018095,101.87577931310454,0.1477200925629964,843.7762195042499,0.5506091921386956,0.4174680321686812,0.31922020181246924,171.27263761321288,3.25
273,S0838,0.529425045915517,0.07,0,0.0,0.0,4.0,755.7241989853669,90.88922976637403,0.14932069611168405,874.4285575360716,0.6547750518672539,0.4914978082402106,0.33766184143931144,177.27782905047707,3.4375
274,S0591,0.5293295951051249,0.0,0,0.0,0.0,4.0,661.6641431875269,91.00396122982224,0.16801973246814386,864.5797653852911,0.6667068675810184,0.463703915656929,0.35838425622278913,185.6470111215819,3.5625
275,S0125,0.5292475767683621,0.0,0,0.0,0.0,4.0,753.9857617647373,104.8892185436811,0.17447435182119783,858.0832379264651,0.6286447316661931,0.46385603029313194,0.33656349815549597,184.54381131304143,3.5625
276,S1201,0.5290601657193008,0.0,0,0.0,0.0,4.0,696.4718775858034,90.50435578161228,0.17027936488980547,882.6618509413962,0.7065049053569317,0.5015019061211199,0.37043181706098216,182.20462924678242,3.375
277,S1192,0.5289370325148735,0.13,0,0.0,0.0,4.0,665.8338513888887,87.3209395938779,0.14458501629649612,863.9438800557773,0.6396434982167932,0.4486265247565729,0.35801235735012527,175.81652529429294,3.3125
278,S1472,0.5288312881189338,0.11,0,0.0,0.0,4.0,717.8240740726266,105.66922288086042,0.1865309633428301,875.9554155097496,0.638911690476966,0.49282292263073413,0.3898911163098455,186.3663535431503,3.4375
279,S0626,0.5288162655322571,0.0,0,0.0,0.0,4.0,659.0825837527448,94.74972344956743,0.16445443375390245,856.4608706263083,0.653502482190161,0.4736525503559256,0.31716309476938276,182.7589952532343,3.375
280,S1069,0.5288032976290123,0.01,0,0.0,0.0,4.0,789.1995704264116,106.33507278740349,0.16389124329095697,858.055223993816,0.5893831200381968,0.4286462862614272,0.346390023267849,182.38124594559216,3.5625
281,S1005,0.5287282954306969,0.16,0,0.0,0.0,4.0,748.9859319996733,92.97168655007894,0.16347794553075862,903.2052577915994,0.7556276927119866,0.5187735012244848,0.4252776446247837,170.92834343740537,3.25
282,S1598,0.528571070312297,0.06,0,0.0,0.0,4.0,714.8286489518986,93.34834258469456,0.16244385439380565,883.4718918622846,0.7231401264755571,0.491647478948107,0.371917127903815,177.2697080826626,3.375
283,S1520,0.5284571895865601,0.05,0,0.0,0.0,4.0,708.267950034121,106.96141774074066,0.1839795014626059,847.7415271290059,0.64714802758277,0.4475128461588121,0.29532126470390185,186.95387372506943,3.375
284,S0211,0.5282867634296686,0.01,0,0.0,0.0,4.0,679.7560281629071,84.40323567319594,0.153925969357325,855.182273876851,0.6248807812317253,0.45678388903255646,0.31895479794347575,184.4360980243532,3.5
285,S1131,0.5281220042677743,0.0,0,0.0,0.0,4.0,641.7691036927413,95.06745525116133,0.16681293650039436,865.9626402731585,0.6650406601629842,0.48495109123618885,0.33303270490490183,185.04608585150066,3.4375
286,S0573,0.5279943261127517,0.09,0,0.0,0.0,4.0,569.9783876278746,91.98487769102738,0.16103230635956822,852.9826003602253,0.6169907652428086,0.4489532658345391,0.33092080218459574,189.71610276834997,3.625
287,S1403,0.5279889758351792,0.22,0,0.0,0.0,4.0,814.6360353701666,109.58024834353375,0.20623754498471292,866.5679665680609,0.6944511294450892,0.5003007756218978,0.3254418047747183,189.61277365556955,3.5
288,S0478,0.527971050080423,0.0,0,0.0,0.0,4.0,743.5721229640956,87.90217651071193,0.16485813502759758,881.122614092102,0.6518032520251987,0.49931826670144636,0.3654695054119051,182.45971522558816,3.3125
289,S1480,0.5279016876185646,0.1,0,0.0,0.0,4.0,623.9484162456355,79.15109902713633,0.1514572040008181,842.8550616758151,0.5806579702204204,0.43267725567137366,0.3079109554264914,186.25695876035465,3.375
290,S0217,0.5277491842521943,0.13,0,0.0,0.0,4.0,633.110728330887,86.3164360694452,0.15084344904646263,852.9537613968633,0.6033116816026166,0.4581395901018465,0.3015112057726767,188.07688381168757,3.625
291,S1496,0.5276892623148507,0.07,0,0.0,0.0,4.0,961.6229285594351,97.65733445541315,0.1772939656223503,889.1468582064138,0.6687141515460306,0.5211118794373537,0.3637098467656766,178.75706975258026,3.375
292,S0698,0.5276618194661095,0.04,0,0.0,0.0,4.0,615.6636307185212,98.27354652538429,0.15602216152475246,850.9705350506692,0.6338936555979486,0.45448485600789096,0.2977460668187629,184.20087140215293,3.5
293,S0778,0.5276234696525679,0.0,0,0.0,0.0,4.0,681.0985001343246,92.19747813012735,0.16458945286954454,863.7064330821322,0.6617970044859622,0.4678121269552558,0.3626027759047708,178.94123336811313,3.25
294,S1235,0.5274113474605654,0.0,0,0.0,0.0,4.0,683.2357074737259,103.52698918084012,0.16645124165872713,873.7829147472413,0.708303080944593,0.4696046121252467,0.3550820460125802,182.15968691782675,3.625
295,S0308,0.5274092834090107,0.0,0,0.0,0.0,4.0,833.8313369914752,102.07446267488896,0.1724398676149695,878.1040554442501,0.6688931421944824,0.4997472509426759,0.3441180470013664,180.87734446363282,3.4375
296,S1941,0.5273925548380644,0.04,0,0.0,0.0,4.0,683.6693531702739,88.4168815775378,0.1767266184855399,887.0622081549661,0.7574122009827016,0.5235592062314092,0.38161246011546307,184.74027470412872,3.625
297,S1524,0.5273283191102075,0.03,0,0.0,0.0,4.0,792.7923985803084,79.75041217679922,0.1652257831042779,887.2193314258085,0.6711620972788884,0.5008499491094093,0.3779924269622241,185.63072301354055,3.5625
298,S0850,0.5273130027764122,0.14,0,0.0,0.0,4.0,566.9176784362186,98.41769281299332,0.1773694822394946,848.369564246336,0.6392754214965902,0.4291216429567088,0.31397036874728607,194.31453362135127,3.625
299,S1379,0.5271791310934704,0.0,0,0.0,0.0,4.0,660.2392129622423,98.73700950067288,0.16527109235926704,860.4130795042976,0.6234797340171886,0.4699498068782404,0.3346016431568943,186.70672305047614,3.5625
300,S1401,0.5271486343054552,0.07,0,0.0,0.0,4.0,839.415870637458,113.00459779212798,0.17957599303847968,846.6162252529906,0.6000570579073328,0.4405081973325633,0.28700616867221773,185.41869384303445,3.5
301,S0984,0.5270982994969386,0.13,0,0.0,0.0,4.0,533.3923791342222,74.80309446876481,0.1441903002619162,843.7163513105411,0.6337212376572627,0.44515469842171773,0.28739367265487337,186.0403585481645,3.4375
302,S1861,0.5270142124442381,0.05,0,0.0,0.0,4.0,725.8991179730274,86.56581149151528,0.1651872878360143,848.9890172832772,0.6194794239967826,0.4447392270289438,0.27683677640365606,189.17069186325605,3.4375
303,S0608,0.5267528545087318,0.1,0,0.0,0.0,4.0,698.6163288598842,92.17445273566784,0.14838934023766762,836.4512123810588,0.5963360636436658,0.4045687004549064,0.2933800124801719,178.7328189818624,3.3125
304,S1905,0.526702413496411,0.02,0,0.0,0.0,4.0,665.7852430193764,82.298006834065,0.14766663093499371,853.1230790542388,0.6086019458663924,0.43488162695260935,0.3141819108460835,184.31209093299302,3.4375
305,S1119,0.5265487135018965,0.02,0,0.0,0.0,4.0,782.8847910222306,91.73044609678456,0.16763638169766445,844.9754892111856,0.628729855349804,0.44369039821453954,0.27959829752439064,181.84009581302863,3.1875
306,S1203,0.526337216634272,0.02,0,0.0,0.0,4.0,623.0018309374033,95.94735658769883,0.1758618636609761,855.5563361974151,0.676683522137776,0.44341338412820486,0.3225433771719864,186.96967884893613,3.3125
307,S0152,0.5263214045395727,0.03,0,0.0,0.0,4.0,840.8531032556326,100.89075276830039,0.17847325021942825,868.2319796592888,0.714282323806583,0.4970107638777285,0.33034293633480827,181.65029924459816,3.625
308,S1422,0.5261805696060371,0.06,0,0.0,0.0,4.0,630.863825152738,81.65432645626069,0.17979540166416672,856.3556107579666,0.6809393923519494,0.4801821421385378,0.34572842996353054,190.31688096482446,3.5
309,S1400,0.5260020121214125,0.04,0,0.0,0.0,4.0,773.4649816926392,94.38051921088498,0.17250156742555403,867.9429530976861,0.7035034000913779,0.48375726801571395,0.35744662337399735,175.94747486397543,3.1875
310,S0832,0.52596717938184,0.07,0,0.0,0.0,4.0,691.698577585229,94.24370573902871,0.14405285119293415,854.4464373552586,0.6374796768023674,0.4066115267571283,0.34016623584694894,176.7766713867246,3.4375
311,S0412,0.52585835673756,0.14,0,0.0,0.0,4.0,591.9493667538175,86.78093414947361,0.1473756245429162,844.152646732539,0.6172134005010934,0.419405069381358,0.25946256572589504,191.82456905039157,3.75
312,S0749,0.5258287586984846,0.0,0,0.0,0.0,4.0,610.766824992828,96.75301593718785,0.16458326209852037,875.1364813262334,0.667121682076164,0.4920865606955657,0.3435325245743009,186.2445415507427,3.4375
313,S0183,0.5257358705772707,0.0,0,0.0,0.0,4.0,711.3558132485084,95.35187279821173,0.1589478948133167,850.2834037698877,0.5951252078974205,0.44702504630058565,0.3259334406417463,183.90360054649142,3.5
314,S0583,0.5256504797639732,0.02,0,0.0,0.0,4.0,752.0735631906584,116.3339314356592,0.16716868303544186,888.2671633158425,0.6739469621852815,0.48512967563419296,0.38977825768886337,177.8856804681311,3.5
315,S0865,0.5254827287089263,0.0,0,0.0,0.0,4.0,753.953753886479,93.32035165808445,0.1621259679561302,886.4448674677176,0.6862220210991278,0.5105316418406577,0.37093229836230424,181.69703198137213,3.5625
316,S1599,0.5253106357367238,0.03,0,0.0,0.0,4.0,492.3215999668044,79.14551269015158,0.14972025232888725,871.2322199976768,0.6726554669949819,0.46398615070819077,0.3522978890297197,187.40769584978426,3.4375
317,S0003,0.525303260192806,0.07,0,0.0,0.0,4.0,547.595153564929,75.53006833737042,0.1508444085925475,853.0083734850319,0.6034016963058031,0.4360680007709546,0.3326770521520727,192.1749499650302,3.625
318,S1692,0.5252382989361245,0.13,0,0.0,0.0,4.0,672.0970102769377,81.81646592382442,0.15053161375400478,887.9285977428337,0.7557349255614867,0.5132355727955275,0.385465946496945,173.65328072200907,3.375
319,S0876,0.525229722792894,0.11,0,0.0,0.0,4.0,549.6984412137047,78.81143837240353,0.1408685583575845,837.4618059169196,0.5919964867339174,0.4021256237258977,0.3006035099732304,188.93741884255502,3.6875
320,S0410,0.5250816555571094,0.0,0,0.0,0.0,4.0,679.3867127486733,88.15291623837912,0.1447337461616196,853.6382489303018,0.5977689047256364,0.4246059592932851,0.3400543610381348,180.75197401651593,3.4375
321,S0199,0.5250278023165978,0.12,0,0.0,0.0,4.0,960.1674673390869,120.15894403823214,0.1930004714485571,862.0402709746992,0.5962958281278901,0.4454564173085933,0.33087041732576844,186.54673585718788,3.5625
322,S1097,0.5250184748784695,0.0,0,0.0,0.0,4.0,703.0420713098374,94.8983771016696,0.16419581414067339,871.4322875943585,0.6650569529805526,0.46255919228847403,0.36203018574381024,183.75059117305742,3.5
323,S0959,0.5248788994601327,0.05,0,0.0,0.0,4.0,604.6698445778908,98.64252541281292,0.16238359877696198,850.7695749835149,0.633848441451228,0.4494483564164516,0.29589829492915487,191.1985092604859,3.75
324,S0696,0.5246512094348817,0.0,0,0.0,0.0,4.0,795.251640704119,99.09646476340062,0.16237807679456476,856.711260549512,0.6094100955037509,0.46241785063299223,0.34226785281846767,181.4360518704908,3.5625
325,S1794,0.524641283241463,0.0,0,0.0,0.0,4.0,776.3018944531686,97.80722950213158,0.1683352283929679,875.6189902808956,0.6672464473242115,0.47052991383631143,0.37636564774457226,181.70306441965099,3.5
326,S1441,0.5244253027385163,0.09,0,0.0,0.0,4.0,566.5732427830637,78.2498941860593,0.13673119669055353,835.3492375521724,0.5559988849695259,0.38790294880501824,0.30541015602987875,184.8677923907892,3.375
327,S0398,0.5237283344089227,0.03,0,0.0,0.0,4.0,583.2288363485148,90.60345132597479,0.15506150054344245,851.8373379115288,0.6282994983838192,0.447101306370585,0.32896742726062206,188.40633830025166,3.6875
328,S0697,0.5237184450824285,0.0,0,0.0,0.0,4.0,798.6501322309116,105.16672906668151,0.1682559223734972,863.3461809569212,0.6013915686955277,0.45386834997329184,0.33710825101476355,184.73313985192127,3.5
329,S0530,0.5236830076827014,0.0,0,0.0,0.0,4.0,799.3385016044908,96.15344136715518,0.15690211842870413,869.6884584003968,0.6402995196592671,0.48778942851255275,0.31681908988423707,180.7694477656022,3.4375
330,S0392,0.5235937969640139,0.02,0,0.0,0.0,4.0,883.7216574674216,97.85252250837337,0.18047192016379027,880.9251572835983,0.6487194090458209,0.516356807994518,0.3669259108671505,181.73918708522598,3.3125
331,S1557,0.5234768806466079,0.02,0,0.0,0.0,4.0,554.4393048008877,83.54077739683379,0.15108212287467446,851.0046253753903,0.6458285486331473,0.4680834709341141,0.3012327753992929,186.92760791371228,3.5
332,S0409,0.523462338662303,0.12,0,0.0,0.0,4.0,706.913080413765,87.98298089129592,0.14170647666332295,866.7391849778256,0.6758906063031636,0.4612940015379065,0.34793582473620566,172.95271376626366,3.3125
333,S0848,0.5234122405142942,0.04,0,0.0,0.0,4.0,752.1503884124297,102.1451030685312,0.16243481068220217,876.5310754438325,0.6775119298214742,0.46923527784514973,0.37642595156217795,171.3972666772706,3.0
334,S0797,0.523339468736294,0.0,0,0.0,0.0,4.0,585.6888119592652,92.80553182944756,0.16968032559643947,873.7143723271004,0.6745385825265262,0.49270424190725864,0.36544755165104653,185.9857725380383,3.3125
335,S0886,0.5232983591477429,0.0,0,0.0,0.0,4.0,769.7500678267455,92.70370180816715,0.16410311245423773,885.2137747644549,0.7113794641747128,0.5131387343978604,0.374015749179645,178.3978427930003,3.4375
336,S1024,0.5231628811891265,0.09,0,0.0,0.0,4.0,848.2063271085055,103.52333752404606,0.1988768184025339,875.4679363090667,0.681174110946509,0.5115547422101802,0.3380599248829549,188.55246790879508,3.375
337,S1039,0.5229698296085712,0.0,0,0.0,0.0,4.0,753.9650211652278,91.49362874918266,0.16599728198726127,852.5229547908748,0.6494653953140759,0.44673558588946355,0.34562960779131224,183.18567543275665,3.5625
338,S0985,0.5229499446067057,0.01,0,0.0,0.0,4.0,814.3879503580357,100.55651656640866,0.17723425685706581,881.39893966517,0.6490155466164499,0.4863210955994182,0.38868018800773024,180.9875501279138,3.25
339,S1123,0.5228362720331435,0.1,0,0.0,0.0,4.0,894.9825157618058,110.92522487627701,0.1977074681690081,878.9040244905746,0.6539159883444042,0.48129120898556704,0.39947842447899523,183.6146606590243,3.375
340,S0704,0.5228032896710229,0.09,0,0.0,0.0,4.0,845.8911178861483,107.46848398859132,0.15739124174522845,902.4286851041411,0.6481043147166743,0.500459479115993,0.4275627486072242,172.12722701116755,3.3125
341,S0745,0.5227494560205999,0.02,0,0.0,0.0,4.0,588.143177098297,76.16079430062194,0.1628015203905319,863.6513811274351,0.68107978452114,0.4778371026038936,0.3389006177486655,192.24958860209676,3.6875
342,S1571,0.5227293429750725,0.0,0,0.0,0.0,4.0,665.8991877316711,99.36836084487888,0.15694351814171179,865.391974983576,0.6081441914830598,0.44319050039521013,0.36208223352747637,184.52845220103202,3.5
343,S0748,0.5227049354599188,0.0,0,0.0,0.0,4.0,639.3395508012966,89.07548124544954,0.15967775859352565,867.1509628004993,0.6298788103834608,0.45316858082608796,0.36553108545810165,188.05215270764302,3.5625
344,S0870,0.5227043944090082,0.06,0,0.0,0.0,4.0,844.0779904977028,111.14901703638213,0.19580484070403067,884.7044948658612,0.7186043569125851,0.5221374131479398,0.3543916667663649,186.1551173854295,3.5625
345,S1554,0.5226785171571177,0.0,0,0.0,0.0,4.0,676.6984499528563,108.49231675739244,0.173344206872423,853.3909333199006,0.684467433903418,0.4383280173267202,0.326579304643782,183.45690582592553,3.5
346,S0900,0.5225917980808209,0.04,0,0.0,0.0,4.0,778.8953151549631,93.73242020992629,0.14730981096663434,885.3146862840584,0.6467687543668942,0.4948701433111613,0.37265899924582696,176.64334137407346,3.4375
347,S1470,0.5224655255935353,0.02,0,0.0,0.0,4.0,778.9770517371292,94.47580674341015,0.18093621555007594,869.0917081588369,0.6415589029152141,0.463965103198393,0.3630700000696651,191.73807696327347,3.6875
348,S1124,0.5224556632171943,0.03,0,0.0,0.0,4.0,819.9160371923911,103.07293211999416,0.1682170563115855,886.3797179925378,0.7112065973971141,0.5229398066264016,0.3743325491000347,173.9024492225147,3.3125
349,S1970,0.5224506152285933,0.0,0,0.0,0.0,4.0,819.6696383976289,106.62894972047246,0.16702058418772409,857.4673890966445,0.6420814073258077,0.46997736023002595,0.32903239872214124,180.77567599197212,3.625
350,S0233,0.522287801940394,0.03,0,0.0,0.0,4.0,608.1029641298455,100.40335891963025,0.15213067303863947,837.8380708487821,0.6378416930896097,0.4163155083695482,0.2868128165156988,180.8252279293248,3.375
351,S0918,0.5221231332936548,0.0,0,0.0,0.0,4.0,701.2123508314651,99.11457424077412,0.1599097090202214,842.2275564789213,0.6168936805644101,0.4089699762966901,0.31480588862638065,181.1425097883234,3.3125
352,S1265,0.522083052321219,0.0,0,0.0,0.0,4.0,747.9861221557353,85.55574224676678,0.16193225302002373,859.4345336952032,0.6734565823505323,0.4843737436503661,0.3430954810754583,181.99170825833397,3.5625
353,S0963,0.5219981901001989,0.0,0,0.0,0.0,4.0,671.3211092650204,103.13573987337975,0.16248365860598565,848.9126344141305,0.641158145070293,0.44943664288735596,0.31746611745466236,183.62111765826378,3.5625
354,S1788,0.5219480225066616,0.01,0,0.0,0.0,4.0,672.383456732561,84.07009557350653,0.14480701287335654,883.567597899616,0.6643924242411319,0.47895259728503764,0.3824245076784241,181.574365114993,3.5625
355,S1360,0.5218231751479522,0.1,0,0.0,0.0,4.0,882.3659727965202,101.38390386342962,0.20685450377934367,898.942751130423,0.7704121279970313,0.5357544727365655,0.37771270475085217,188.01545341019397,3.5
356,S0371,0.5217067830010472,0.09,0,0.0,0.0,4.0,873.8153525845689,101.47154906496684,0.15358665510947692,883.2985676302677,0.6944899460313397,0.4923599401733227,0.3684403194836921,167.1424531007983,3.1875
357,S1106,0.5216268644250325,0.0,0,0.0,0.0,4.0,696.4237503799649,80.90370668701522,0.17555332399241477,879.9394958531465,0.6640841872004003,0.4913758920489109,0.3715155781417952,190.80179306027986,3.375
358,S1108,0.5216088958541576,0.02,0,0.0,0.0,4.0,585.573660090446,72.98208393199249,0.15145473915590976,850.7548997991296,0.5940355643586591,0.4442003713954246,0.33713112072867024,192.10083054812412,3.625
359,S1633,0.5213444929209025,0.01,0,0.0,0.0,4.0,596.708048971529,84.83491460398288,0.16016721130830747,861.0537844574635,0.6659618841881435,0.4767054976980633,0.32703819383554433,190.69406147556043,3.6875
360,S1073,0.5213238051899328,0.0,0,0.0,0.0,4.0,515.1932164763767,82.02844661534839,0.1593873583755982,863.1006962047506,0.6467090076760917,0.4313507476499565,0.37560246550976106,189.18665741672652,3.375
361,S1924,0.5212795484229933,0.0,0,0.0,0.0,4.0,704.1593789545776,104.14665091113982,0.16461584266313353,852.0437872308277,0.5938308895033023,0.42428324333804235,0.33367179373762645,187.14488720812585,3.5625
362,S0101,0.5210403791312216,0.08,0,0.0,0.0,4.0,727.6096702318918,98.03405687214996,0.14960734323807648,886.8732747629421,0.7358847466292319,0.5022844779347918,0.393043702003376,172.05999584384844,3.5625
363,S0759,0.5209466943351339,0.0,0,0.0,0.0,4.0,556.5827796162281,90.77474174981896,0.14994898113915017,857.9419852703861,0.6447563027443777,0.4351067713588579,0.3577082096408025,180.47592969519204,3.25
364,S0324,0.5209393186892175,0.0,0,0.0,0.0,4.0,705.9372312587421,87.65732248437752,0.16606264825564404,854.3685665497934,0.5881665876409398,0.4498858824228307,0.3249929950144184,191.4008713949926,3.5
365,S1446,0.5208371691290629,0.0,0,0.0,0.0,4.0,761.8472205905681,92.84378635266329,0.17077750474250525,870.5281646550843,0.6069224455222686,0.48942132961141227,0.3602771219186925,191.5673458472312,3.75
366,S0942,0.520755041774796,0.0,0,0.0,0.0,4.0,599.390762243267,85.62707562361555,0.15311664966951452,878.4500683274262,0.7006993366045018,0.5140771653510704,0.36424124355438803,184.0203044385724,3.625
367,S1883,0.5207011088247628,0.0,0,0.0,0.0,4.0,827.7881849755431,96.75651733089217,0.1805878668164245,861.482820364233,0.660049827264554,0.4695007423830114,0.33137456730791487,185.91024912704077,3.4375
368,S0532,0.5206837178225427,0.01,0,0.0,0.0,4.0,585.0552460273218,80.06905195828381,0.14135366918321157,857.7891729225978,0.6361259710274991,0.4694328953615192,0.32347663733174714,183.2001243103519,3.4375
369,S0213,0.5206122259714335,0.0,0,0.0,0.0,4.0,826.1015334404402,98.49760635634993,0.16570784680534706,882.1497381364709,0.6337664870541115,0.4925229022790753,0.35972776682893814,179.71092204399852,3.1875
370,S1676,0.5204918780357908,0.01,0,0.0,0.0,4.0,811.9367335133351,101.15767810887375,0.1824666247162549,891.4127113955782,0.7647072514983273,0.5234656983102576,0.37483700535889297,180.90494599940283,3.5
371,S0457,0.5204397949965003,0.0,0,0.0,0.0,4.0,608.7156910817226,93.12512255595341,0.15788464971358662,884.3208874760996,0.7030341239097224,0.5236559289538151,0.3632489051820718,183.19212979750574,3.5
372,S1041,0.5204264895308892,0.0,0,0.0,0.0,4.0,732.6563894397999,95.51035387172014,0.15914531558782133,869.939542650433,0.6652754814211488,0.4698368247430851,0.3590229459647214,179.39960541142412,3.375
373,S0109,0.5204007786160837,0.05,0,0.0,0.0,4.0,958.1363261995284,107.97421375784455,0.18791743715764145,891.6219085884503,0.7096338912171261,0.5423090685674621,0.3790048957980188,179.91553187786894,3.5625
374,S0935,0.5202792829668059,0.02,0,0.0,0.0,4.0,548.1441866794762,86.92916366226575,0.1525752576344885,863.6986754567938,0.652410495708269,0.4536807132761971,0.31898434767124856,193.11596519767116,3.75
375,S0403,0.5202368503993989,0.01,0,0.0,0.0,4.0,650.759429903784,102.09059570505042,0.15186920772692256,844.3313263964114,0.5998702995090446,0.4279703389525325,0.3224410689262761,179.27330628443244,3.3125
376,S1466,0.5201475590769569,0.0,0,0.0,0.0,4.0,709.1587560480043,91.11996344310842,0.1634456317189507,851.3062609856519,0.6803395907045473,0.43916729817940975,0.3216424733801946,185.24912017406714,3.625
377,S0779,0.5201462529222601,0.07,0,0.0,0.0,4.0,524.5614335025551,85.59350032666543,0.13127211530273725,827.654286364679,0.5542947721449669,0.38513503329281906,0.2621550735916531,187.6878504619945,3.5625
378,S0193,0.5199205116117598,0.01,0,0.0,0.0,4.0,950.324820603569,108.12208079942508,0.18092037199480104,890.2207367722332,0.6660316464228656,0.5018637139433434,0.38956364318468023,181.36628506265586,3.5625
379,S0149,0.5198758642600858,0.0,0,0.0,0.0,4.0,622.283647275147,88.60758407248156,0.1772665355329673,864.4182621564771,0.6805033049821313,0.4824382897361346,0.3594174730199588,189.55756826507383,3.4375
380,S0776,0.5198730014514109,0.03,0,0.0,0.0,4.0,741.3461985070097,117.31362632608334,0.20150812110999505,857.9389565453007,0.6910444784371473,0.4494720720645346,0.3304074011537597,189.58702941059917,3.4375
381,S0321,0.5197303607927293,0.0,0,0.0,0.0,4.0,684.4456389955673,97.7283189019145,0.15125430252769737,864.8321901436683,0.597293021384688,0.46088464350498876,0.32710299360159323,182.92620380291373,3.3125
382,S1009,0.5197293734047698,0.0,0,0.0,0.0,4.0,754.7855383110086,105.93447572386694,0.1675575075919654,877.2276051353473,0.6192500563856564,0.49286702356938067,0.3370326512583906,183.66878589177117,3.25
383,S1486,0.5196959075030878,0.0,0,0.0,0.0,4.0,791.8279071237995,100.36355502451475,0.16939582319149699,843.3168981273617,0.6002608321285213,0.4295484113122551,0.3020981372724435,186.43036984419436,3.5
384,S0557,0.5194974881285538,0.02,0,0.0,0.0,4.0,638.8876473754548,88.03671033454722,0.1739070031017937,851.7656908359215,0.6642203319701758,0.4299056089986701,0.34661937222548567,189.42813128422418,3.4375
385,S0007,0.5194482966353144,0.0,0,0.0,0.0,4.0,684.5381000391066,78.42091860194873,0.15423326647686267,877.9424153291444,0.658520677086633,0.49486908259898,0.3502266355586062,183.68742523720707,3.25
386,S0951,0.5194443541376377,0.0,0,0.0,0.0,4.0,738.255384928601,99.84425958986347,0.17677971785428942,854.213718057454,0.6429399998154857,0.4567942191701901,0.3199953657019862,189.3056859972823,3.5625
387,S1395,0.519322198038123,0.05,0,0.0,0.0,4.0,836.5440664625567,96.93107286873413,0.1638132188227507,899.2982114056097,0.7074805832426163,0.5212678957646922,0.420007173153933,172.38848179197382,3.25
388,S1058,0.5191731582827587,0.0,0,0.0,0.0,4.0,542.1562137686274,83.9269508766264,0.15231228317652604,861.3865143831727,0.6551578269685224,0.47096665861137454,0.3405365634028271,188.28964717159752,3.5625
389,S0036,0.5189989251636351,0.0,0,0.0,0.0,4.0,588.8522310126446,85.87585291980348,0.15401132678486595,866.95791567463,0.6990068134401877,0.4847664188933364,0.3169225769635586,186.98854682754103,3.5625
390,S1322,0.5188576619413833,0.0,0,0.0,0.0,4.0,517.2702782839534,81.4689115855751,0.14929077055863332,863.750223183477,0.6409138976501065,0.4686116294959844,0.35630264836466685,185.38767103992592,3.3125
391,S0396,0.5187333495764861,0.0,0,0.0,0.0,4.0,813.8173929852294,94.17052251653001,0.1612312229506535,892.8488420488301,0.67157167415818,0.4918318110768765,0.39575346323974775,180.36250265919708,3.4375
392,S1115,0.518679801495048,0.0,0,0.0,0.0,4.0,765.3782984463362,89.61630223062168,0.16190962293232644,897.5493101011139,0.7090597151484506,0.5262626664983308,0.387321689600051,183.51024075032382,3.625
393,S0980,0.5186525561869368,0.0,0,0.0,0.0,4.0,828.4923169592486,104.22282583835405,0.17116525429536816,888.5702486458503,0.7028177726797478,0.4874625709569347,0.3908961399047543,178.73326452062216,3.4375
394,S1848,0.5185553793134993,0.0,0,0.0,0.0,4.0,683.8810887820791,99.92055538292323,0.16334707014857622,869.8412081338623,0.6422485098049714,0.4364540409178117,0.36496472286228043,186.39852630316022,3.5
395,S1540,0.5184747919674467,0.0,0,0.0,0.0,4.0,641.9965518246391,87.40435973298739,0.15259237612426818,857.9545461006294,0.6683194745085207,0.4601136940222071,0.3047709829993756,185.65746669863142,3.5
396,S1791,0.5182335673342039,0.0,0,0.0,0.0,4.0,761.3076634903874,93.46179584653777,0.15223825196147203,868.6642674733276,0.6429960468544172,0.46916224730212347,0.35495546637136116,175.48704951739273,3.1875
397,S1700,0.5182203074910393,0.0,0,0.0,0.0,4.0,735.4229559709609,99.64481933815249,0.1666386463986199,888.8101401463811,0.702672551286456,0.49392665565592636,0.3745851749148545,180.69045007356078,3.3125
398,S1683,0.5180447247984403,0.0,0,0.0,0.0,4.0,855.8009099412963,110.56586002751249,0.1772943938192876,869.3514186190889,0.6368631604709977,0.4666414560933924,0.34622406041956477,182.48182681511122,3.375
399,S0037,0.5178994852727891,0.0,0,0.0,0.0,4.0,646.6900042444171,89.45203349613124,0.14413562823479628,843.5093320669579,0.5896464251090042,0.40210193565047775,0.30009766743550376,187.1199027959132,3.5625
400,S0296,0.5177624536912735,0.02,0,0.0,0.0,4.0,502.05761957998413,86.07952893712286,0.15520247118014158,835.8398328478868,0.6184892800196825,0.4057303950584106,0.2832858838756103,192.46036333194198,3.4375
401,S1594,0.517688595240475,0.0,0,0.0,0.0,4.0,830.7727166463657,101.12535386894041,0.16341766908579186,890.7766087892002,0.6741505329520221,0.5175803257415146,0.36695443391530524,181.4694845837577,3.5625
402,S0273,0.5176775967555465,0.0,0,0.0,0.0,4.0,590.2094154663206,84.56311240064593,0.14681588661547962,840.0003888726384,0.6118921624950246,0.44433272755208775,0.28206296424573246,186.57195646661282,3.4375
403,S0145,0.5175115310120492,0.03,0,0.0,0.0,4.0,982.1414690772102,100.23044369715319,0.18978212831655952,886.2924522033478,0.6872998296982393,0.48955818912032584,0.386064349575821,184.78794439438522,3.5625
404,S1699,0.5174456330537999,0.03,0,0.0,0.0,4.0,719.298056683036,97.22045371854003,0.14054108827548467,884.0703004336468,0.6735675795605134,0.4861105589677201,0.36811110244435946,173.82180700853593,3.375
405,S0232,0.5173031159644493,0.02,0,0.0,0.0,4.0,756.4723902204744,101.75215978458658,0.17517303645701562,902.8161915432603,0.7224144606000029,0.5428906158554808,0.3874409409857987,185.89484900020375,3.625
406,S0527,0.5172397362173001,0.0,0,0.0,0.0,4.0,545.3423777894185,85.197295650251,0.14119510499952223,864.2919972437359,0.65328642384471,0.49478767240370086,0.3308428486955253,185.20669048225722,3.625
407,S0463,0.5171170876104838,0.0,0,0.0,0.0,4.0,811.1005016049801,95.84084713921759,0.1555072055968221,849.7476006035096,0.6124781162424144,0.4270712274274837,0.3318053462651774,180.48799847671862,3.5
408,S0501,0.5170905440914935,0.0,0,0.0,0.0,4.0,609.504344161658,87.94509593868463,0.15449200428161577,858.0310483638702,0.6270300716876696,0.48012663212912365,0.3203467073683189,188.07049009732484,3.5
409,S0783,0.5168953875748383,0.0,0,0.0,0.0,4.0,687.1808830976404,102.08419015765809,0.1692368356629852,865.7526623653583,0.6478859702452964,0.4883991527532273,0.33361208477302123,186.31289206584478,3.4375
410,S1628,0.5167543819498526,0.0,0,0.0,0.0,4.0,697.6284559450422,93.59644186644888,0.16062758949787173,887.4377902590086,0.6926254002121206,0.5109133144896463,0.40002326203996946,180.19913510765414,3.4375
411,S0088,0.5166251705261787,0.0,0,0.0,0.0,4.0,866.9586165346877,101.9271026528999,0.17083137752721705,888.9632467930027,0.7352486168604712,0.5194767351921763,0.3582419243957031,176.58877754590105,3.375
412,S1949,0.5165949729337538,0.0,0,0.0,0.0,4.0,544.2199165633743,91.55982861392297,0.15634160050667179,867.650863467178,0.658288586917688,0.47494445930322593,0.3397900681192187,188.26717786558393,3.4375
413,S1707,0.5165869086423881,0.0,0,0.0,0.0,4.0,580.4976552197793,81.46351003333984,0.15469550405823085,842.7061409431619,0.6364824003229953,0.4191772994399127,0.2962500719473066,191.09383913956626,3.5
414,S0902,0.5165437038940587,0.0,0,0.0,0.0,4.0,729.5126033564192,93.4412828324503,0.15945997144729313,885.0807561513944,0.6534383409452931,0.4839375194287793,0.412649137655662,181.10594739869316,3.4375
415,S0221,0.5165125422942725,0.0,0,0.0,0.0,4.0,669.9671852692898,90.62065749222481,0.16043907159304197,860.3681815670747,0.5969144840460814,0.4559634282962152,0.33993765916152047,190.15929957254025,3.5
416,S1559,0.5164356706907812,0.0,0,0.0,0.0,4.0,843.0585752130876,102.34816677873746,0.17207255493492282,869.4503658990315,0.5943193990166039,0.45488218466658004,0.3792710449066858,182.90771919821645,3.3125
417,S1459,0.5164254530492728,0.07,0,0.0,0.0,4.0,725.7655376317446,95.88754508988745,0.13361048508219717,835.6646642469948,0.5834427255338964,0.4209777530050891,0.29141916550100877,172.53769915675826,3.25
418,S0115,0.5163929395006679,0.0,0,0.0,0.0,4.0,721.9520524413736,97.98544562315278,0.15537900599717175,846.7666783484387,0.6017138503839615,0.44293013361058736,0.28801088537168545,185.885212041404,3.5
419,S1190,0.5163640729263518,0.0,0,0.0,0.0,4.0,600.8293849693358,93.21837594321252,0.16466437520195137,861.0282391208409,0.6386815886883727,0.4570017750993006,0.3383427351666402,188.34157425691828,3.3125
420,S0061,0.5161837717375531,0.0,0,0.0,0.0,4.0,692.4831063741807,107.59225777245506,0.18028520510183801,878.7687047161493,0.7179884326065056,0.50072789802637,0.3592226118568602,184.13703173730718,3.375
421,S1228,0.5159853325506942,0.0,0,0.0,0.0,4.0,665.0854665080853,86.98585156919368,0.1515556622370661,844.0771287737791,0.6397779915986921,0.4334663831670436,0.2875962066012657,189.53083064273798,3.75
422,S1930,0.5159288708801442,0.0,0,0.0,0.0,4.0,813.6386346118313,107.06139294709746,0.17672099006047268,853.7352024161221,0.6303076208610976,0.44129850151040745,0.34979478087652904,182.2185350678322,3.375
423,S0515,0.5158784926213186,0.0,0,0.0,0.0,4.0,643.1663963103063,88.85505196797843,0.16079199178527925,849.1089853491402,0.5826793343561975,0.420877513192191,0.33031548707602276,193.86392869766917,3.625
424,S0129,0.5158600809096019,0.0,0,0.0,0.0,4.0,672.4877088184021,93.50907277097012,0.16446863162629535,871.3970210455562,0.6626862541561782,0.4783489741573485,0.366719536966504,187.87615022383577,3.625
425,S0822,0.5158390731871074,0.0,0,0.0,0.0,4.0,701.0236400873277,114.8770254051116,0.17257819234671212,865.694481293424,0.6092789613269721,0.4346491903293948,0.3502886157297121,189.6911231702255,3.5625
426,S0025,0.5157910729243248,0.0,0,0.0,0.0,4.0,771.4808853333625,99.17756611083774,0.15527092986732824,873.7113519193097,0.6401300326462697,0.4515978963956986,0.36470932370682213,181.5919511273403,3.5
427,S0901,0.5156498669913562,0.01,0,0.0,0.0,4.0,614.472486930689,100.97074797380978,0.1410757631678,874.1555936880177,0.6766123775446126,0.47430113121109024,0.3640421090328819,175.04750893198272,3.375
428,S1780,0.5156424003187452,0.0,0,0.0,0.0,4.0,631.7438997389297,89.38457063613751,0.16196968192324193,883.359770107456,0.7220140017977336,0.5145681925190579,0.3553811703802648,183.1553884282882,3.3125
429,S1310,0.5155650672374427,0.06,0,0.0,0.0,4.0,917.2033217617335,98.46996452516953,0.15664329318776868,896.6226357241484,0.7320454984976397,0.5029668132002834,0.3853920604368439,167.9969235341861,3.1875
430,S1251,0.5153880993627757,0.0,0,0.0,0.0,4.0,772.741103015231,94.79478104689335,0.15204061846697992,853.7462861873921,0.6393326090478403,0.456008178374286,0.3081822891332703,181.76293437780683,3.5625
431,S0878,0.5153260742448725,0.0,0,0.0,0.0,4.0,623.06663058753,98.21510717335761,0.15208917174261466,850.4291947188194,0.6124459755137411,0.45371536971065424,0.32215154712280336,185.5343563987832,3.5625
432,S1211,0.5152771727815867,0.0,0,0.0,0.0,4.0,780.7582327618761,99.77818390649514,0.1507210686967991,884.39006167036,0.6832729532772479,0.4953211030752932,0.3842701976184187,175.14828459024199,3.5
433,S1614,0.5152758793267689,0.0,0,0.0,0.0,4.0,557.3307300271532,86.6318109215284,0.15696086247338123,869.4906175142042,0.6595362636563828,0.4832415503991539,0.354343165864328,188.33394209163959,3.4375
434,S1511,0.5152483969794783,0.0,0,0.0,0.0,4.0,620.634916700894,91.5660345809315,0.15306732131422557,851.2321570476767,0.5850154523753096,0.4405003352082116,0.318778600703483,191.46474394950442,3.625
435,S1449,0.5151009293008801,0.0,0,0.0,0.0,4.0,679.8632051213688,95.2153090340735,0.15321942006497372,862.91763812606,0.611519072092976,0.47342243081740004,0.3464286496191333,181.80475862122805,3.3125
436,S0169,0.515091692827581,0.0,0,0.0,0.0,4.0,621.098259070894,88.75680368742701,0.16804959350637644,876.3206316731936,0.6812963815925188,0.5064999069286883,0.35238747577779833,192.09413626312437,3.625
437,S1710,0.5150660158869546,0.0,0,0.0,0.0,4.0,911.6251913144183,104.03319848038478,0.16812058716045195,908.2215782865145,0.7173031837524112,0.5289103239772739,0.3920555592335645,177.4236931366656,3.4375
438,S0855,0.5150362358999064,0.0,0,0.0,0.0,4.0,753.151652170547,101.4867109555772,0.17658847740399314,880.4715918371933,0.6886938070975995,0.5223791208017585,0.35587689369073816,185.92635288951107,3.5
439,S0280,0.5150049469874161,0.0,0,0.0,0.0,4.0,731.2430197738979,92.95887739498517,0.17465398133579255,869.820224305797,0.6684367681381426,0.4774614170654453,0.36028288623552934,186.78571611176946,3.375
440,S0812,0.5147683072093513,0.0,0,0.0,0.0,4.0,711.0110625881306,101.0559289434567,0.169134833764066,874.9121006805678,0.6540550783784804,0.49308287854346605,0.3701830122595153,186.4912568466881,3.5625
441,S1956,0.514730014205742,0.0,0,0.0,0.0,4.0,833.406811344194,104.42052100442679,0.17523299191770667,890.4771007772235,0.7443613173535247,0.5070897253751052,0.38899878868519583,175.95032809214845,3.3125
442,S1018,0.5145913862977097,0.04,0,0.0,0.0,4.0,622.1198052037265,83.5720324701386,0.14858752631181946,902.2094230942422,0.7615552055546987,0.5105031159711955,0.41912963403472653,177.02613686277135,3.375
443,S0941,0.5145734346521278,0.0,0,0.0,0.0,4.0,863.3330143745942,91.52268274564612,0.16125353540984985,881.4425363888075,0.6440229439443724,0.48830237986952624,0.3808988450795017,180.77956686720535,3.4375
444,S0173,0.5145150026572428,0.0,0,0.0,0.0,4.0,709.284520704257,95.12605453917558,0.15771626204537723,863.2142392446661,0.6339466273652714,0.46203971852921727,0.3583613846296186,181.819319195449,3.375
445,S1307,0.5144945062459223,0.0,0,0.0,0.0,4.0,620.8103204484405,82.24645070642964,0.13443904153761577,864.0194009854972,0.6586980244171808,0.4761484651312737,0.32662311024932844,180.6242810016147,3.5
446,S0823,0.5144630022368964,0.0,0,0.0,0.0,4.0,597.0337746889608,81.46110279216259,0.15094829456051123,873.0545880526998,0.6898259632791294,0.4930007191001322,0.3317963659201538,187.3490345522789,3.5
447,S1352,0.51434643202244,0.02,0,0.0,0.0,4.0,764.2762412830992,87.92552199464743,0.16715252340570652,909.1496259069859,0.6688829166560359,0.5218777405482203,0.433623188637433,186.22808652906517,3.4375
448,S1302,0.5143215406378,0.0,0,0.0,0.0,4.0,565.6823279234798,84.2103212624241,0.14667613060969717,861.0972416225859,0.6601350294863915,0.4724871999737534,0.3114990453698503,187.6377007446238,3.5
449,S0551,0.5142721892505081,0.0,0,0.0,0.0,4.0,671.1325655170855,99.35904884724397,0.16481620297856509,855.9904783604578,0.6424485039315588,0.46803879668371606,0.2976388104189645,188.29661058434027,3.4375
450,S1568,0.5142670612741584,0.0,0,0.0,0.0,4.0,849.388485949699,88.54558752110813,0.15811208855042783,870.8135358845042,0.6487443353486878,0.47993826951487006,0.36061544558136344,179.009966327692,3.375
451,S0552,0.5142502047391156,0.0,0,0.0,0.0,4.0,904.6925745011307,101.76897813040917,0.15222496870138338,891.949627961347,0.6610103160803535,0.4963215804010401,0.38023027375845175,176.1457168021888,3.5625
452,S0733,0.514152645025851,0.01,0,0.0,0.0,4.0,905.099990371234,109.46445387907013,0.1834582823053483,887.7657413071033,0.6738814291664272,0.5120776722729494,0.3983537817266972,181.4725474012355,3.5
453,S1953,0.5141112851249537,0.0,0,0.0,0.0,4.0,503.99916222392636,77.57809287076932,0.14174570617300425,851.1603436960802,0.632429424080263,0.4256653726245495,0.30419895907908945,190.54104418638212,3.4375
454,S1060,0.5140904367505698,0.06,0,0.0,0.0,4.0,748.5942823615694,88.50458874118692,0.13223250793057728,861.1432880289764,0.6642973492495684,0.5025670842932735,0.31641824202752905,168.72467016629923,3.25
455,S1736,0.5139844352586193,0.0,0,0.0,0.0,4.0,843.439814826052,91.24121396981982,0.16452281983614958,877.645992170499,0.7021115418304096,0.49624714911977963,0.3443969687415321,180.831498250792,3.4375
456,S1411,0.5139027333547931,0.0,0,0.0,0.0,4.0,701.7118663231778,96.771994760985,0.16329302457461684,885.2656772319891,0.77231183173494,0.5202667534425458,0.3761147045685427,175.56544727463003,3.375
457,S0423,0.5135985716072322,0.0,0,0.0,0.0,4.0,772.8820466078586,93.87535100708462,0.16551191964805784,880.4184981274275,0.6951261266327711,0.5203594592426984,0.36282185569182285,183.8449375693639,3.625
458,S0460,0.5135417954581143,0.0,0,0.0,0.0,4.0,622.5771670653739,92.25641076249758,0.14778925618362693,850.0823919265981,0.6439678452208762,0.45227486223720487,0.31644974817485744,182.36952112931277,3.4375
459,S1484,0.5135089414205501,0.0,0,0.0,0.0,4.0,689.2807327784004,100.41319896929733,0.17070993426730813,866.4564528201431,0.6969429907595827,0.45171469566957917,0.35335988734998247,185.00378599735535,3.4375
460,S0066,0.5134372323783915,0.0,0,0.0,0.0,4.0,651.6449420817403,88.54086800368873,0.1442551441263927,854.6239159094183,0.670591175083233,0.4610004619166028,0.31296411664694457,181.0665736117402,3.5
461,S1457,0.513388471534449,0.0,0,0.0,0.0,4.0,951.4247216962274,109.7410310807017,0.165032288516382,866.1403904013565,0.6245150121417068,0.49995766287984666,0.3453033974920241,173.9238629934949,3.375
462,S0978,0.5133848601388543,0.0,0,0.0,0.0,4.0,695.3679619102041,92.33421200714793,0.15885993974155702,871.8667848962713,0.6408574326009,0.5046152341057075,0.33568428769706865,186.23090222759714,3.4375
463,S0026,0.5132674332898004,0.0,0,0.0,0.0,4.0,805.5158584168197,95.73222744772667,0.16651364993524848,868.0612101832262,0.6652864766143328,0.4767501484274937,0.3204485188070953,187.60747982420793,3.625
464,S0751,0.5131903800026572,0.0,0,0.0,0.0,4.0,903.2833286961992,98.1907188314301,0.18269843163889454,887.5289584037346,0.6920411230011576,0.5403643820129473,0.3719805917674296,183.9206073513436,3.5
465,S1723,0.5130541232305705,0.0,0,0.0,0.0,4.0,883.9230639979537,96.98476023788857,0.15867118066595476,851.2624332850617,0.6067364860232037,0.4533275522687996,0.32989109010384526,180.5820456645173,3.5625
466,S0209,0.5128911085253105,0.0,0,0.0,0.0,4.0,883.9291194313923,108.74114241249686,0.1801563703765205,866.9771374601859,0.6910687424611482,0.47417590160292256,0.3367222630205975,182.19487865744802,3.5
467,S0072,0.5127835678359776,0.0,0,0.0,0.0,4.0,734.3494306376613,97.29955287930088,0.15556107134888417,846.5869172647887,0.6338868406852789,0.45187936381164384,0.2945565249286755,180.79269811126494,3.3125
468,S1405,0.5125295463227593,0.0,0,0.0,0.0,4.0,644.5057715531264,105.02115037579915,0.1518298017924211,842.4641348948032,0.597923711722478,0.4338148919425579,0.31354493135340405,183.46358137460072,3.5
469,S0929,0.5124639321689634,0.0,0,0.0,0.0,4.0,762.2130461981053,102.61185991794864,0.1685917118509136,889.3943984447535,0.7069850891734375,0.5273281797785568,0.39650891446746683,179.86279825071207,3.5
470,S1354,0.5124291221656242,0.01,0,0.0,0.0,4.0,596.1667632377982,87.35374671902474,0.1670209056881239,888.652876233927,0.7139167924131309,0.4819278269026319,0.3845027161358684,192.0086477573381,3.5625
471,S1988,0.5123148159466135,0.0,0,0.0,0.0,4.0,931.4234198379369,102.18528720368869,0.17612015533388534,853.1481606933546,0.6420966302235939,0.4786812825069115,0.33198710894334954,178.89536830028428,3.375
472,S1527,0.5121281247671262,0.0,0,0.0,0.0,4.0,813.7285973830943,105.051365627158,0.16915369881444212,889.7945261122725,0.6841918902943458,0.5093100273151401,0.36672932966555993,182.35804027224134,3.4375
473,S1031,0.5120362325637916,0.0,0,0.0,0.0,4.0,703.3477859430616,91.35212540370577,0.16674415010896387,884.9347034812749,0.7588294847154841,0.5046017269064169,0.36017442853347226,181.026667863434,3.3125
474,S1624,0.5119903031669163,0.0,0,0.0,0.0,4.0,669.3465644624002,92.38330941038141,0.14485037046884378,866.1359318720779,0.646007326398566,0.4476072749424912,0.35708193512152675,177.23752251942977,3.1875
475,S0021,0.5118943027721173,0.0,0,0.0,0.0,4.0,755.9534082566323,92.79285998712737,0.16893805263505846,880.2863158967024,0.705040281963329,0.5101429399334608,0.3549376131238354,186.0945050110732,3.5625
476,S0529,0.5118874787032075,0.0,0,0.0,0.0,4.0,748.3383495205475,89.77502005860795,0.16812246930070462,870.22672005413,0.6685050277306853,0.4841527770889655,0.35979310076218596,186.68558931461033,3.5
477,S0341,0.5118856039831153,0.0,0,0.0,0.0,4.0,763.8708750411715,97.87394769136085,0.17387210478545756,885.50091425209,0.6894498404410492,0.4896453921456843,0.39623626558217795,185.46482494616777,3.5
478,S0701,0.5114622868804198,0.0,0,0.0,0.0,4.0,738.4682435548754,98.55688592203893,0.17560608922131912,900.5566143741673,0.7173613927760688,0.5619785697127795,0.3788339574735826,187.52280680575305,3.5625
479,S1964,0.5114087665729907,0.0,0,0.0,0.0,4.0,720.9493409912811,97.90101041043468,0.15452699866206343,855.3023747023593,0.6162072041256532,0.4346090420500973,0.3352164804315363,184.4766110074134,3.5
480,S0711,0.5113295124324181,0.0,0,0.0,0.0,4.0,717.4051987728585,90.82044904203185,0.15746517760703582,840.5993865893568,0.5975969159946539,0.4232826825537007,0.2941743866284987,189.0312297187549,3.5
481,S0905,0.511292729333399,0.0,0,0.0,0.0,4.0,846.0124991122528,117.39920345613436,0.17350526084790102,888.9834653697737,0.7049170526710566,0.4873869892533059,0.3899912318793321,178.28013904017567,3.5
482,S0334,0.511254301421147,0.0,0,0.0,0.0,4.0,793.2424251936002,93.57170485830902,0.14085820652785158,863.0034153132021,0.6444028482090066,0.4735343913370016,0.31312396039836476,176.83148150687003,3.4375
483,S1807,0.5111862513376899,0.0,0,0.0,0.0,4.0,750.6977699261615,87.60332661973194,0.14395293396675887,885.971725420017,0.7008060800377658,0.5068146883642912,0.3767738433929581,173.97374325804662,3.3125
484,S0871,0.5110229104073749,0.0,0,0.0,0.0,4.0,733.6619283965196,101.7890511315278,0.1603408430956968,861.5206525541194,0.6205832170870414,0.4766675039796448,0.3086510352071796,187.94916273848426,3.5625
485,S1917,0.5109460078737773,0.0,0,0.0,0.0,4.0,689.2597766294895,97.50841449167169,0.14648106853336693,852.2237836630056,0.5903821505935074,0.4150331278426344,0.3298334791682396,183.07210329473452,3.375
486,S1231,0.5108960982814286,0.0,0,0.0,0.0,4.0,647.1841216513877,77.32951526278208,0.14225078168313612,856.2101848676169,0.5981684567591465,0.44156253944678925,0.342755788672231,187.50821357037412,3.5
487,S1632,0.51086472545148,0.0,0,0.0,0.0,4.0,985.8808945589782,115.33407819974929,0.19174914027591175,871.2615705117393,0.6492130818218085,0.47741865918293763,0.365298860876864,181.72687500787666,3.375
488,S0687,0.5108045267508265,0.0,0,0.0,0.0,4.0,704.6633141751709,92.60445597226018,0.16508662402133276,858.2997866208188,0.6090178249816548,0.45293804863288295,0.33200019713369605,192.1972644973359,3.5625
489,S0561,0.510760647546174,0.0,0,0.0,0.0,4.0,677.7448686800651,90.53367144598445,0.15550606453459104,848.3514672084838,0.5922993796407297,0.43860323856583944,0.3203945580116796,189.96257945378719,3.5625
490,S0042,0.51072589879409,0.0,0,0.0,0.0,4.0,965.4806473052923,116.80260592932915,0.1810423597424106,881.963920610096,0.6749021856521391,0.4957181159530077,0.35630939115677795,182.22219378833032,3.625
491,S1510,0.5106204088486884,0.0,0,0.0,0.0,4.0,754.8488949832227,90.3550902468587,0.1514973002811749,852.7895077021116,0.642722559417744,0.45502862823938606,0.31976456416709903,181.19487000239414,3.4375
492,S0325,0.5105910626118846,0.0,0,0.0,0.0,4.0,904.9900610845406,106.56435588370778,0.14716287161688735,871.7959275370728,0.6458879280456287,0.46471604233425734,0.3777036931561232,166.6376681177441,3.25
493,S0730,0.5105459947934782,0.0,0,0.0,0.0,4.0,600.0802548612435,92.15975747869625,0.14316702055245584,853.2120231383096,0.5809590613599469,0.44811469326276787,0.3197438772374831,189.5713186036898,3.625
494,S0239,0.5103835751005837,0.0,0,0.0,0.0,4.0,703.2245968637355,95.05357916150344,0.15187429098765026,856.4355114107486,0.6155090603778034,0.4312071239778701,0.333053443533913,187.36819292028008,3.625
495,S1270,0.5102719641304025,0.0,0,0.0,0.0,4.0,775.920821904348,91.76681684534998,0.15403174424002772,890.3838451903985,0.6878117206729573,0.5190898835999809,0.36993766548963275,181.20731753310284,3.5
496,S0642,0.5102063148336635,0.0,0,0.0,0.0,4.0,881.0272438604015,117.85039087958596,0.15668192637194037,872.6506266448048,0.6766314503622141,0.48487395349125506,0.34986524886260906,169.05868563904514,3.3125
497,S0038,0.5101887132946601,0.0,0,0.0,0.0,4.0,915.5537662964358,95.83223554393234,0.17186428685436012,875.2752705254203,0.6597133496985499,0.5093079823619078,0.3489179123670515,184.91366765010852,3.625
498,S0577,0.5101373714634219,0.0,0,0.0,0.0,4.0,697.8880240810895,99.50973146650244,0.15854658762522197,876.7120606298921,0.6425786398865192,0.49475384619933754,0.37008086327406675,186.15987252424026,3.625
499,S1825,0.5101244342792822,0.0,0,0.0,0.0,4.0,701.1741017664925,99.33448396451926,0.1480238921544654,861.3470923892008,0.6571583294487784,0.46622423707462707,0.33312001655207657,179.78018583193492,3.5
500,S0630,0.5101061936607356,0.0,0,0.0,0.0,4.0,755.8273219287674,94.22074610457612,0.16400701624803332,876.1050696175682,0.6922542338274382,0.493799318239756,0.36805310038045574,184.47990430323057,3.625
501,S0936,0.5100773190783204,0.0,0,0.0,0.0,4.0,721.4000853763912,105.5476025742103,0.14784723349033627,853.7001089814553,0.5840320829588261,0.45658511276556124,0.3043918886605724,182.60058645122803,3.4375
502,S1916,0.5099929849900494,0.0,0,0.0,0.0,4.0,668.0169620270945,87.64297719747404,0.15004881900562445,856.9878857494707,0.6468630555496353,0.47549283413956994,0.3149440473012707,182.72121842420762,3.3125
503,S1425,0.5099716529124747,0.0,0,0.0,0.0,4.0,949.646602166745,124.28495403774296,0.1821607746645219,891.2580265557248,0.6716385368038832,0.5193349481441559,0.3642788672577768,179.54128622527617,3.4375
504,S1230,0.5099039026890105,0.03,0,0.0,0.0,4.0,1031.4116967387886,124.00055403892993,0.2037641627353633,879.3678701238421,0.6381706236829706,0.48816392112507173,0.3594783504673084,188.3820366481207,3.5625
505,S0285,0.5098557095880049,0.0,0,0.0,0.0,4.0,1009.2397174751384,109.83227720538473,0.18263364546195127,861.1829317128147,0.676017025451411,0.4670808098376213,0.34229602748602495,179.65921877198116,3.5625
506,S1664,0.509781027950534,0.0,0,0.0,0.0,4.0,707.9347990305727,107.78861019168664,0.1636702754561089,867.4870695085511,0.6654960548754166,0.4709224343512398,0.3396666166449991,184.1175950646116,3.5
507,S1735,0.5097440490011957,0.0,0,0.0,0.0,4.0,717.5627309918085,87.55249266339301,0.16989013548157508,866.6434267288764,0.7283982441528176,0.48355498642658956,0.3483250794910719,186.25994879227736,3.5625
508,S1981,0.5095973160517321,0.0,0,0.0,0.0,4.0,624.6983833983381,90.56555183866978,0.15377938485352527,865.9411083218929,0.6333433303661716,0.45657032557129607,0.37648341796896756,187.2764388039351,3.5625
509,S0888,0.5094579424795852,0.0,0,0.0,0.0,4.0,582.5208946916395,89.24234640063041,0.15837780475965466,866.8218003078439,0.7262165326160887,0.4787086417479314,0.3235628469168685,185.68209133462278,3.375
510,S1141,0.5093776905714184,0.0,0,0.0,0.0,4.0,711.8239628854503,92.00139638702171,0.14958315882837028,888.0179782752286,0.7059790048012787,0.5009316002094221,0.3732493636203802,182.12054925670483,3.625
511,S1566,0.5093519667406395,0.0,0,0.0,0.0,4.0,644.7546241309121,92.19917884125894,0.1530898637275112,843.3751135241683,0.6235236649419114,0.4338684703695113,0.3077495366316678,186.19597859145117,3.4375
512,S0070,0.509324387165806,0.0,0,0.0,0.0,4.0,836.8423513964357,94.99417336878886,0.17614659402336957,865.0517407101972,0.6283544889145073,0.4586995724329476,0.37005196027668136,187.19373108482608,3.4375
513,S1770,0.5091917996751998,0.0,0,0.0,0.0,4.0,728.9475705125768,95.43426389740637,0.15253969523882502,855.1234928221796,0.6221357275125642,0.45323082168657963,0.3181503729022727,182.05495237787434,3.3125
514,S1658,0.509096972038326,0.0,0,0.0,0.0,4.0,938.4267880720618,108.61169572263366,0.18498513074556736,850.694928986788,0.5891500970317527,0.4318791167978622,0.32330566681587286,188.34767745053946,3.4375
515,S1546,0.5090821634187866,0.0,0,0.0,0.0,4.0,849.4806327901948,109.36845391022513,0.16941333318175425,888.828581134014,0.6584545184155102,0.47505726657413894,0.3775784257543196,183.200436375727,3.4375
516,S1880,0.5089253555757748,0.0,0,0.0,0.0,4.0,672.845171606601,109.15260817336824,0.17192679935519542,877.9612469883631,0.6741010782031025,0.4719125805609732,0.37964575211016727,185.2257694333656,3.375
517,S1465,0.5088895531421588,0.0,0,0.0,0.0,4.0,747.9191647014776,100.79089896752973,0.15137193606280558,888.1978659611327,0.6518012365524173,0.48634361861283654,0.3840635449485641,178.77735301648738,3.3125
518,S0040,0.5088825007470306,0.0,0,0.0,0.0,4.0,893.0873376032769,103.43998426584875,0.18044541710394488,855.6516088736253,0.6361249668915875,0.4703473414622281,0.3095303808685341,191.06195284662073,3.75
519,S0438,0.5088488921517228,0.0,0,0.0,0.0,4.0,715.7350285815688,97.83226261987966,0.1543671460385104,851.0949633888549,0.6714663642302182,0.4560525880057652,0.31467031757312747,179.26014658902858,3.375
520,S1679,0.5087591917359434,0.0,0,0.0,0.0,4.0,872.3320682650575,115.98913915546245,0.17497284012315567,862.8452587724504,0.5945758477410321,0.43995165966448424,0.34019304963364777,186.5823334191169,3.5
521,S1306,0.508681671866872,0.0,0,0.0,0.0,4.0,833.4210804797076,95.63845479196138,0.16782476795415163,903.2917758087779,0.6817640516331976,0.5276407060034131,0.4224624163780359,181.11159886507778,3.375
522,S1809,0.5086612302981203,0.0,0,0.0,0.0,4.0,649.5645130496113,91.49029903429057,0.1415462802342183,846.0489168953493,0.5877154200759187,0.44362105149048225,0.3079396004082769,184.31460302868032,3.4375
523,S0488,0.508650901680612,0.0,0,0.0,0.0,4.0,801.7281074807188,94.89967689874925,0.1682376246789988,857.5967489112433,0.6373430679062322,0.46547315796236916,0.32959170788153913,186.89937148579418,3.5
524,S0127,0.5085596241716086,0.0,0,0.0,0.0,4.0,680.4153423160809,103.63548995304163,0.15914605448320251,857.7414996239028,0.5837070347648152,0.44649786564032423,0.31983463377040316,189.64932790567013,3.4375
525,S0744,0.5085440413107988,0.0,0,0.0,0.0,4.0,669.4419047075279,84.13021911746148,0.136470924523501,843.2094921778894,0.6146656115191813,0.4420914290639894,0.2821487958079301,184.08250901001202,3.5
526,S0547,0.5085007214964521,0.0,0,0.0,0.0,4.0,899.1799544513574,109.04740400280764,0.1656033881877301,899.0138715589128,0.659138344741617,0.5144142476749988,0.4168980410655335,175.39932977613958,3.3125
527,S0340,0.5084351280801848,0.0,0,0.0,0.0,4.0,603.5887952298682,84.08885368285088,0.1500087824127925,862.3861151131897,0.6952285560546738,0.47834092461932254,0.31862994400064526,185.44539395766844,3.4375
528,S0415,0.508381243964252,0.0,0,0.0,0.0,4.0,703.2787582371972,92.59874093881112,0.14740180042360906,864.9190680419296,0.6136527649725836,0.4467358059055347,0.3614993389632982,183.11630670713788,3.4375
529,S1128,0.5083301865695976,0.0,0,0.0,0.0,4.0,693.0754237787023,92.97544241384934,0.15040409894389795,877.7571671839826,0.6726741246621373,0.46820037084508614,0.38622630764743254,180.5926849439169,3.4375
530,S1940,0.5082970667688842,0.01,0,0.0,0.0,4.0,954.622221717698,106.67434643157277,0.18932802293538553,892.0011660042605,0.6689966941916079,0.4866529491567965,0.4090877055192477,185.18809950868703,3.4375
531,S0974,0.5082859496525266,0.0,0,0.0,0.0,4.0,763.6456893631579,105.04918465803227,0.16118242365665436,898.2565724722009,0.681037970070918,0.520897365926838,0.4036989874431176,180.97358742404128,3.5
532,S1479,0.5082213404513903,0.0,0,0.0,0.0,4.0,752.2780632218085,113.70336195671122,0.17846308799840868,858.3620182848812,0.6456787364345512,0.4397535977649944,0.33204641669532237,186.06624634967324,3.3125
533,S1753,0.5082119083350226,0.0,0,0.0,0.0,4.0,710.3928695691886,96.89000359620928,0.16616241388812789,881.8629177386716,0.6553444582621358,0.47546366668703266,0.38273237329880266,186.8241928502642,3.375
534,S1502,0.5081819502999609,0.0,0,0.0,0.0,4.0,632.1984492743941,98.00702309805682,0.16308819693769117,854.223986227268,0.6155323253587218,0.44157054975877774,0.3423504227275221,188.60408748136354,3.375
535,S1659,0.5081759549827953,0.0,0,0.0,0.0,4.0,808.9388838649804,98.89188290164245,0.17365302932694376,856.1886236410768,0.6123476728682805,0.46115280139199494,0.3312293044265915,191.05500061817054,3.625
536,S0094,0.5081539840703199,0.0,0,0.0,0.0,4.0,634.3565355053469,92.22161941569814,0.15042777340254315,846.5516302031187,0.6134124470246733,0.44045487212296763,0.2894519962205196,188.57370185910565,3.4375
537,S0439,0.5081092895308941,0.0,0,0.0,0.0,4.0,693.4968593627339,88.30523590995253,0.14878267495185624,836.417140587436,0.5602008499757314,0.40917998108649783,0.29684018966956005,186.17144817074285,3.25
538,S0646,0.5079515985578906,0.0,0,0.0,0.0,4.0,789.0255887160495,110.2018998104901,0.16219314396844808,877.2319524512044,0.653539414504795,0.4686168528755572,0.37209565199356,181.28285944476997,3.5
539,S0347,0.5078857831197533,0.0,0,0.0,0.0,4.0,632.5193646357617,89.4016195401134,0.14907961613357718,865.7682885335064,0.6429451138308002,0.46268199927123044,0.3560641869975699,184.03800135284288,3.375
540,S0967,0.5078791504600432,0.0,0,0.0,0.0,4.0,868.0605064888712,112.07914775267267,0.16133213824480558,887.5410643012424,0.6751103398271465,0.5024080936888664,0.35546878471038484,177.05994655393965,3.375
541,S1178,0.5078249886055316,0.0,0,0.0,0.0,4.0,892.2645476734293,101.96955616308728,0.17888394764596363,888.130645532025,0.7438481359299971,0.5340226964048383,0.37334049824148774,182.37739160248827,3.6875
542,S0932,0.5077964690906582,0.0,0,0.0,0.0,4.0,785.6911092051971,99.7197758578143,0.1637541857620598,886.7638295921255,0.710217303845568,0.48635318758108087,0.38061727150935276,180.74668954798514,3.4375
543,S0016,0.5077252196204154,0.0,0,0.0,0.0,4.0,684.0840803244004,92.56926015927232,0.15494529934862167,854.6454691871645,0.6237552917430887,0.45306043378806476,0.31353712043235044,186.6407930745885,3.375
544,S1381,0.5076536177290037,0.0,0,0.0,0.0,4.0,621.8258296032442,84.35638230395118,0.153546608307973,869.257747405321,0.6881991775138657,0.49339230605214124,0.3312876951366997,190.26607267392473,3.6875
545,S1377,0.5076496315168764,0.0,0,0.0,0.0,4.0,827.6215218730173,105.04609246455317,0.16419443639767345,840.701173283092,0.6102275022967942,0.44282132792807627,0.26593416310207924,183.58570953216346,3.3125
546,S0121,0.5075948224777416,0.0,0,0.0,0.0,4.0,661.642314110937,91.41791434549323,0.15250714102768093,858.6251748568659,0.6432035634995871,0.4584888982157263,0.32161097284955936,185.43350671769713,3.375
547,S0977,0.507594120089479,0.0,0,0.0,0.0,4.0,735.7139757603803,92.33208895273745,0.15934894637374775,894.3174325275296,0.6880621719210677,0.49920174719124355,0.4143927885128497,181.42132241386193,3.375
548,S1984,0.5075916554830554,0.0,0,0.0,0.0,4.0,857.8135810322183,100.77323571669646,0.17438160458559368,846.6055796570192,0.604013656804229,0.45422469298650625,0.31324761264601386,186.79529716417272,3.4375
549,S1347,0.5074906652988632,0.02,0,0.0,0.0,4.0,887.4923207617724,109.30676459865509,0.19010263759523172,908.8883329364104,0.7208432115322753,0.5324153867266996,0.4086834194534147,187.42400481880958,3.5625
550,S1944,0.5074301602893803,0.0,0,0.0,0.0,4.0,658.754505523212,92.67370212690544,0.1737776686366736,867.1088583798276,0.6668727265681094,0.48763258345172356,0.33423254951089526,192.67874513147635,3.4375
551,S0601,0.5073291733132278,0.0,0,0.0,0.0,4.0,909.8674999055678,102.00581012997415,0.16559137701193072,893.1615782774034,0.670764926159636,0.5135811056018618,0.39277102086919885,180.55805482106985,3.5625
552,S0651,0.5071957140918237,0.0,0,0.0,0.0,4.0,678.5824118818555,97.44908382185972,0.15315223151663637,853.2059008194452,0.6126030753567383,0.4544004871403671,0.3139022916427098,187.87573421877377,3.5625
553,S1006,0.5071739188910434,0.0,0,0.0,0.0,4.0,711.0620198225074,109.77166248666248,0.15554102796494595,883.4912604257948,0.6653326565946686,0.5052583078598223,0.3635771927947484,182.8559045326209,3.625
554,S1701,0.5070814736101317,0.0,0,0.0,0.0,4.0,662.1488927022848,102.36510798340365,0.16000561596097598,862.3207395647108,0.6295486595653713,0.4592743107456078,0.32165640858865413,189.437185375905,3.5
555,S0819,0.5070523327162462,0.0,0,0.0,0.0,4.0,749.0368998317091,95.2676795873594,0.16560906065184322,865.0340902423658,0.6246823186119767,0.45530322447985927,0.34933227599645295,186.84413704953715,3.3125
556,S0275,0.5070340373078784,0.0,0,0.0,0.0,4.0,866.0139430327717,107.52557323010288,0.16417011884561908,879.0861056593784,0.7180501323123498,0.4782933214867175,0.37633468233010364,173.73853208024246,3.375
557,S0186,0.5070005806001824,0.0,0,0.0,0.0,4.0,672.9617181583889,100.69308664929814,0.1696672369794252,861.9872346347805,0.6181876598620875,0.43403416686886154,0.35489064862225067,195.8360274745216,3.75
558,S0689,0.5069765168497679,0.0,0,0.0,0.0,4.0,721.5281869073797,98.05699871199215,0.16138101247956557,866.8364403817707,0.6275178117089454,0.47605411022630256,0.3160041526982878,189.27982931658238,3.4375
559,S1177,0.5067908241068732,0.0,0,0.0,0.0,4.0,869.6118973588793,100.46627054430428,0.17278657549880166,874.9241586357737,0.7026533844264458,0.46970587570220984,0.3664153495845137,179.45106942074898,3.3125
560,S1198,0.5067739683357616,0.0,0,0.0,0.0,4.0,682.5767291391644,91.23992140734781,0.16000144021441354,864.8424737275649,0.653583945187705,0.47265741117010784,0.3567658865163596,185.09783329455544,3.375
561,S1745,0.506698385024868,0.0,0,0.0,0.0,4.0,713.1667024878878,97.53326567986873,0.1625957053987642,858.2007284415405,0.6255944758464516,0.4440286441018216,0.33626636781868247,188.80061154580167,3.5
562,S1365,0.5066949773793125,0.0,0,0.0,0.0,4.0,768.3238665582979,96.10966421613817,0.13736688559036553,843.8299025101358,0.5988040715251112,0.4164055280133781,0.29928743459878104,176.2110327187091,3.25
563,S0550,0.5066457319473168,0.0,0,0.0,0.0,4.0,607.6334957439196,92.95306431389908,0.1325465243283844,836.9781419999626,0.6201476576416106,0.4276040705776738,0.2717863069998827,182.39124210229872,3.5
564,S0616,0.5066015805689535,0.0,0,0.0,0.0,4.0,830.3371472874135,98.94303750790402,0.145630807612627,867.9400988082914,0.6468559915104606,0.4694705124706285,0.3399637718798261,177.16295640747015,3.5
565,S1526,0.5065012695353329,0.0,0,0.0,0.0,4.0,877.232189916429,101.87443379165784,0.16811442050448297,897.0825283148145,0.7464455846081687,0.5216496175294806,0.41083606624938745,174.7607102467293,3.4375
566,S0611,0.5063280023105516,0.0,0,0.0,0.0,4.0,805.7744672980836,107.15555238270017,0.16211607209959283,890.2552138340063,0.692576663109508,0.504592065132745,0.3784660968666313,178.35656876395169,3.375
567,S0431,0.5063101118367757,0.0,0,0.0,0.0,4.0,798.3497630963303,98.37016730555527,0.15452937390584429,873.5670498298191,0.7079723770565634,0.49314350415815184,0.33883639171118113,176.42332986334762,3.375
568,S1094,0.5062764605160586,0.0,0,0.0,0.0,4.0,767.4579771155408,97.65165472907202,0.14926196642407955,862.9850479319412,0.6138916877985255,0.4576859567621545,0.34512303179923637,182.25116466440585,3.5
569,S1646,0.5061789242407593,0.0,0,0.0,0.0,4.0,756.7747787673112,89.27724859245448,0.1500648333271486,880.0195112006451,0.6597509630381214,0.4579011075036518,0.3721057761663967,183.12185325604267,3.4375
570,S1955,0.5060448188318705,0.0,0,0.0,0.0,4.0,824.4583626668987,104.73100587673218,0.17100325749032647,880.6139578427677,0.6425150939449086,0.4933692329883339,0.38367213699701463,183.08182851228227,3.375
571,S1362,0.5059955387949593,0.0,0,0.0,0.0,4.0,774.9651248929839,105.97386596713177,0.1750567723662748,865.0366601052873,0.6683118416449608,0.4682089424923749,0.35746610542526197,185.55332028758843,3.5
572,S0976,0.505911331898225,0.0,0,0.0,0.0,4.0,587.9747023186914,87.45729674181112,0.14194315457497003,874.3578470063698,0.6959581574471098,0.49208489890134605,0.3629740058502471,180.8558678965808,3.4375
573,S1325,0.5058228602837476,0.0,0,0.0,0.0,4.0,947.4998642181132,107.36824355753907,0.15188619483783317,869.8755670425471,0.6269962479980047,0.4921482120408763,0.33519400566462987,173.21381621365623,3.375
574,S1418,0.5057475251157504,0.0,0,0.0,0.0,4.0,735.6096926371299,102.90096739113403,0.17083312249741478,880.063704040574,0.730111406317812,0.4841220784405405,0.35928082900919023,184.672770458399,3.5
575,S0844,0.505737616776595,0.0,0,0.0,0.0,4.0,729.882232850682,81.02562169489686,0.15760239076742205,896.7498551364564,0.7172255913305957,0.5443124080187255,0.40575024924561753,182.95463872457108,3.5
576,S1975,0.5057219736146984,0.0,0,0.0,0.0,4.0,805.9185729307701,108.10101902743465,0.15285116183784822,872.1543437215412,0.6472408232665586,0.4728719912904453,0.3713152897006617,176.87755079139922,3.5
577,S1488,0.5057017747395356,0.0,0,0.0,0.0,4.0,738.9777314826238,100.28433810157557,0.16406153072810264,849.720363800385,0.6173362880842961,0.44790869151254104,0.3193987510336237,188.57695447600784,3.5625
578,S0205,0.5056235382148397,0.0,0,0.0,0.0,4.0,776.9352276979132,104.95720073984225,0.15210231922263234,850.75567209092,0.6885658324753579,0.4458563028458173,0.2899059414858764,174.95201695906664,3.25
579,S1921,0.505453575139129,0.0,0,0.0,0.0,4.0,791.765259141593,100.79188493136814,0.15372193294663722,853.5734915973079,0.6123171399506493,0.4633898700174095,0.3265816619659291,180.75198241182076,3.4375
580,S0491,0.5054428284829224,0.0,0,0.0,0.0,4.0,686.1450762675187,98.81153026093881,0.14514146564297903,844.4743819598572,0.5917489365969364,0.4380413912498976,0.28425937220369113,184.42893408574116,3.375
581,S1954,0.5052683075037945,0.0,0,0.0,0.0,4.0,846.8706770266921,94.68804808483304,0.15911739865393104,909.3489454473558,0.7156186803246591,0.5511039556253676,0.38276784029852073,180.6510752065675,3.4375
582,S0758,0.505131193565573,0.0,0,0.0,0.0,4.0,780.6641913957848,111.23176211025464,0.1806451676452082,870.9971853090201,0.6528699479924076,0.4632884664739121,0.38051003576074466,187.3061949317443,3.5
583,S1445,0.5051127710834833,0.0,0,0.0,0.0,4.0,1020.5282601201538,117.31532317873342,0.17129638502252192,878.7864520904923,0.622811976728516,0.4848569349393621,0.36676256331308893,175.62814067283773,3.3125
584,S0158,0.5050751198210927,0.0,0,0.0,0.0,4.0,857.3114310864069,102.75705801756538,0.17953289775822473,873.8842397582961,0.6909234879003417,0.5137889408209106,0.39515686311259407,182.39146554565866,3.625
585,S1597,0.5049855201766712,0.0,0,0.0,0.0,4.0,694.8022900872066,97.26410787269738,0.14886386100336724,875.1040162565091,0.6448077757899003,0.4594019215009705,0.35235089650929396,184.36166648293144,3.4375
586,S1648,0.5049507641049839,0.0,0,0.0,0.0,4.0,789.9721915039128,97.68368852775257,0.17236532146803732,864.3198008261766,0.6805148689740113,0.47635914299877447,0.32563293364774104,185.09400355851398,3.3125
587,S0661,0.5047936409769482,0.0,0,0.0,0.0,4.0,856.8840624916401,88.90616383711362,0.16582970421827514,862.7417511592391,0.6416766080587811,0.4595551932413615,0.34057285006688537,186.06760046858966,3.4375
588,S0052,0.5046947094733115,0.0,0,0.0,0.0,4.0,709.9690647928749,100.94719943692571,0.14376305849457358,851.4032047124726,0.609047200391177,0.42856193414528804,0.32822552668740096,179.0687074656693,3.3125
589,S0359,0.5045722195062315,0.0,0,0.0,0.0,4.0,640.2468042163486,87.62946980064675,0.15019753648835799,874.663908121411,0.7121986870378667,0.4778063277958593,0.3555549490121608,184.05177506279196,3.5
590,S0811,0.5044330352859281,0.0,0,0.0,0.0,4.0,686.7836016973303,94.40675822100022,0.1557025159262561,866.5975985482321,0.6441904087573889,0.43920685415362704,0.35150394674339264,192.37355387246814,3.8125
591,S1071,0.5044143693653446,0.0,0,0.0,0.0,4.0,718.9827652920725,106.05931948239433,0.17188142615739818,863.2963596360534,0.6248727022059223,0.45994880819820205,0.3659748036459517,190.4048927270924,3.625
592,S1312,0.5044116341922398,0.0,0,0.0,0.0,4.0,887.0701998400134,102.97854626966688,0.1669596397219506,875.1883133834205,0.672063106979472,0.5063026642928558,0.3700330231549806,178.99534181048466,3.5
593,S0475,0.5043930438643348,0.0,0,0.0,0.0,4.0,641.7034157506312,88.36227812725595,0.13603991198224136,863.0434200267572,0.6281022310533302,0.46492207842940936,0.3251844737427533,184.23291515591367,3.5
594,S0087,0.5042635011851018,0.0,0,0.0,0.0,4.0,717.5327357279648,93.42422012538748,0.14901575954881086,856.9104200399945,0.6083802289617554,0.471716602966028,0.31448478562474175,182.61610923668803,3.25
595,S1764,0.5042046959850219,0.0,0,0.0,0.0,4.0,850.6559369519628,96.40541684288853,0.1618852056738224,899.2161891090565,0.694650691487704,0.5402224182912043,0.39291146497581725,174.57360540663618,3.0625
596,S0421,0.5041173036398646,0.0,0,0.0,0.0,4.0,775.0552854130042,95.26404903829896,0.16006050970221405,891.6689817543444,0.7005210353843694,0.5078762394072343,0.3616868659106091,186.73833955639714,3.625
597,S1610,0.5040369537997087,0.0,0,0.0,0.0,4.0,662.5209706842252,90.20658159977322,0.15891117754929446,864.0714487540932,0.6160786608831856,0.45563961994792523,0.36113751950242895,192.59034163172402,3.625
598,S1301,0.5039447430394023,0.0,0,0.0,0.0,4.0,709.0457524214394,92.17473505365379,0.14652477454492302,855.9025523645679,0.6733984685170593,0.4507762290729741,0.3223067058737638,178.75817869947377,3.3125
599,S0722,0.5039260020528751,0.0,0,0.0,0.0,4.0,666.0723683687148,84.08863413421525,0.1336156806369591,872.3727583770811,0.6328842175274012,0.4673199938031182,0.3480957996062453,181.84371808585112,3.375
600,S1590,0.503855324834945,0.0,0,0.0,0.0,4.0,703.0468365574179,81.20516717684488,0.15169175943117758,857.9964509941735,0.6422759163130035,0.43900183483078226,0.34342769954277524,187.07207624445863,3.4375
601,S0986,0.5038292223004537,0.0,0,0.0,0.0,4.0,723.5629837483289,90.185582788557,0.13343066617396737,857.4720019258087,0.6052122125468106,0.4450042732253863,0.33301309705416304,179.7005956271303,3.4375
602,S1133,0.5037957107506033,0.0,0,0.0,0.0,4.0,717.841239647995,100.27619268632262,0.1614745385345044,882.4604127016134,0.7435003494301408,0.4979049146285711,0.3613464648165674,180.47990129031626,3.4375
603,S1412,0.503726465085113,0.01,0,0.0,0.0,4.0,924.4066628223381,111.80626545255993,0.18384467286243134,910.3464876955816,0.7125520211195918,0.5557872646518474,0.40756713628797037,184.70345735724345,3.625
604,S0316,0.5037012818681337,0.0,0,0.0,0.0,4.0,752.8973284753565,92.30706614658924,0.16600876353309182,888.2404385382105,0.6887745562125904,0.5051214855643905,0.3712917012835316,187.29936736835222,3.4375
605,S1269,0.5036895043799658,0.0,0,0.0,0.0,4.0,823.9112852681519,106.66897418701268,0.15870280355278332,885.3420072785718,0.6516550280215873,0.4814415815188454,0.3918364997396464,183.89388742376056,3.75
606,S1252,0.503686690082037,0.0,0,0.0,0.0,4.0,887.7497100817407,103.73198112486118,0.15089360148248238,874.5992368358123,0.6185280575645201,0.47561999551298356,0.3708582185416353,175.73073471750968,3.375
607,S0568,0.5036153279200054,0.0,0,0.0,0.0,4.0,752.0938891723293,93.29789231771227,0.14934781271563966,851.6168125551907,0.5985096651031758,0.4354547812608466,0.3499176700596104,180.65861261867425,3.3125
608,S1374,0.5034605882558582,0.0,0,0.0,0.0,4.0,799.2578032893592,101.42231900004909,0.17409601410447428,893.8835636628793,0.7018413692966741,0.4995304881552265,0.3857504122596992,187.22753097593505,3.5
609,S0512,0.503432565046486,0.0,0,0.0,0.0,4.0,724.587080036255,100.2777221619967,0.16366211042576637,890.4306091808829,0.7389752054011569,0.5223222929675561,0.4008535760195159,178.78488078813945,3.4375
610,S1535,0.5033255148740191,0.0,0,0.0,0.0,4.0,839.4042049513488,99.40102941968689,0.14583434386346805,897.6153026341087,0.7020162715015146,0.5093381281803862,0.4066290925019627,170.8055065158944,3.3125
611,S0281,0.5033188170954485,0.0,0,0.0,0.0,4.0,827.7720535905323,93.69263839810782,0.16653753793892234,879.4845707506787,0.6671905919761103,0.5226469392400493,0.35741379590161787,181.6460847293279,3.25
612,S0346,0.5032720014754197,0.0,0,0.0,0.0,4.0,684.5527076228539,96.78002849216924,0.14707580562902664,863.155805142703,0.6363097795538584,0.4853299192714309,0.31324028360594414,183.1933945028417,3.375
613,S0284,0.5032499312762002,0.0,0,0.0,0.0,4.0,870.8896666742943,99.63447013591232,0.16203955601885364,868.1041830450256,0.6059266257378316,0.4677021679566596,0.341930937529054,182.41496580616047,3.25
614,S0470,0.5030930244240533,0.0,0,0.0,0.0,4.0,756.7121356163085,95.0704694954972,0.1613553741636047,859.6997911700313,0.6243948448277287,0.44976498639058604,0.3465159695172862,188.5142933579478,3.5625
615,S0707,0.503071165201699,0.0,0,0.0,0.0,4.0,837.9318525902017,101.46456187346263,0.1681525106404224,855.809432968405,0.6362514430477471,0.4615808974115203,0.3361425885233622,181.02708997036765,3.25
616,S0827,0.5030223048615483,0.0,0,0.0,0.0,4.0,669.4948887658956,85.64081976654094,0.152870660375816,876.9460845499559,0.6589095073619411,0.48850878351045496,0.353319334326763,189.01366205306925,3.5
617,S0309,0.5028935943702871,0.01,0,0.0,0.0,4.0,962.7222972257812,100.59860826984678,0.19325762965870572,890.3819724951172,0.692786062873308,0.5250802568004882,0.3852104742714951,188.30730549375616,3.5
618,S1603,0.5028120501864903,0.0,0,0.0,0.0,4.0,741.7017726722166,100.0968084847308,0.15865444549614674,861.8215661769963,0.6350939990164102,0.48392108290532787,0.3374839198229504,184.6708494815286,3.5
619,S0140,0.5028112956122758,0.0,0,0.0,0.0,4.0,814.9882288965991,96.09427040975672,0.15875762815428734,878.3274786435912,0.6732280050763854,0.47893218075860367,0.3874686537881848,179.89880813055973,3.4375
620,S1001,0.5028012348881324,0.0,0,0.0,0.0,4.0,651.7857815961737,98.36922757591918,0.15490929665209188,884.6400311142477,0.6848017643739851,0.48281765517709035,0.4020210163531812,185.1259975009439,3.625
621,S0804,0.5027771631952057,0.0,0,0.0,0.0,4.0,775.8705609364874,102.28463731896397,0.16658027093798547,868.0942580407383,0.6459050295412311,0.489754642809533,0.357220174255832,185.04456562164904,3.5
622,S1373,0.5027670714785276,0.0,0,0.0,0.0,4.0,620.2812562519982,94.22544928325807,0.15547142820082313,868.2948541201555,0.6597335134676642,0.49109787212568073,0.3466514325141055,185.93376941435665,3.375
623,S1787,0.5027569974160491,0.0,0,0.0,0.0,4.0,790.0712152554793,96.2055944662992,0.14280677209947334,868.937010092139,0.6234728983503844,0.45285484468032816,0.3690852525520573,179.95568223245945,3.5625
624,S1969,0.5027338895448062,0.0,0,0.0,0.0,4.0,668.2033903166596,86.89758916273227,0.16753429304773945,890.9002440964239,0.7497430822983565,0.5154075910222249,0.37498938564212386,191.3685732424326,3.6875
625,S1056,0.5026389065732041,0.0,0,0.0,0.0,4.0,750.2331868809797,92.38351476322583,0.1578093747398443,886.9256640072814,0.7508087621900688,0.5192336137286239,0.3575729650157896,180.9581253468675,3.5
626,S0623,0.50247970076285,0.0,0,0.0,0.0,4.0,693.2675308064831,92.73923034842397,0.15129973151818377,865.1075239679196,0.6159188341986974,0.46196335396813204,0.34550566152643447,187.86303774102697,3.5
627,S1501,0.5024010124408258,0.0,0,0.0,0.0,4.0,586.3563001819045,78.89686981815949,0.12743249943656948,881.3075268867524,0.6878570184790105,0.49237439722174764,0.35451404998139197,181.16610793198606,3.4375
628,S1935,0.5023181326568208,0.0,0,0.0,0.0,4.0,613.3867534940948,92.48188607967816,0.14389138619355238,866.6418029091006,0.6450435023760256,0.47823534541072615,0.34952268333166275,183.86804487572093,3.4375
629,S0062,0.5023065995934565,0.0,0,0.0,0.0,4.0,783.8654482643437,105.16225990856131,0.15086825744634638,851.1088730489421,0.6447790258803231,0.45526437760733823,0.31562442904302623,177.98620361609227,3.4375
630,S0699,0.5023044693287386,0.0,0,0.0,0.0,4.0,711.0970782288224,94.29221182065143,0.16963030100170662,873.1080901751977,0.674622466710025,0.47859667521442417,0.3842387974218218,189.79433842686626,3.625
631,S0921,0.5022798227093099,0.0,0,0.0,0.0,4.0,699.8646937895252,82.69046155194977,0.14507989523355866,843.0440018225478,0.6148569630877009,0.4462514741023516,0.28883087673391716,187.83464782838303,3.5
632,S0379,0.5021732336636517,0.0,0,0.0,0.0,4.0,1033.2977881038796,117.15219198456575,0.18604124603274677,866.7380187483035,0.6591589054692022,0.4796620030685758,0.3679635100224668,179.0049217105773,3.5
633,S1196,0.5021429306965166,0.0,0,0.0,0.0,4.0,726.0826821561221,98.4301488023455,0.15220319405790933,887.3790920227505,0.7331818256277346,0.5054009504567036,0.3780055318275359,175.62619975240833,3.3125
634,S1451,0.5020275916999112,0.0,0,0.0,0.0,4.0,900.166876193419,103.36231250322146,0.16531682385529148,911.1013931549552,0.6926614123636328,0.5425541900757995,0.40802737658869404,177.52588549305483,3.25
635,S1327,0.5018082728871428,0.0,0,0.0,0.0,4.0,854.9869832622542,105.39950390964071,0.16559292557954483,879.355938792413,0.6681589075409553,0.5053835375595437,0.331041784986841,187.0625543981347,3.6875
636,S0891,0.5017176485509756,0.0,0,0.0,0.0,4.0,626.3706289524489,85.11997672120876,0.1461887674408113,855.4301210348846,0.7014916805453346,0.4485551876982355,0.32980303207660416,182.81459909828916,3.4375
637,S1886,0.5017051979730877,0.0,0,0.0,0.0,4.0,730.2053397492557,92.31111683718765,0.1516525381163918,872.1903851526338,0.6168970992045866,0.4712082643568479,0.39475271436343595,183.95512331458718,3.5
638,S0318,0.5016595594612615,0.0,0,0.0,0.0,4.0,850.3230181241619,114.88497606532489,0.1798394282548839,880.1192500045765,0.6613449268875341,0.4973824549706686,0.365334215198504,186.866518960589,3.5625
639,S0572,0.5015513188131475,0.0,0,0.0,0.0,4.0,762.8390437097075,103.29702507199198,0.14166300704285023,845.503189187705,0.6205359434600994,0.44114771252873275,0.3005274456322152,174.34999218387318,3.1875
640,S1758,0.5015004326559942,0.0,0,0.0,0.0,4.0,621.8249441670376,83.86710585985585,0.1576362540550514,845.7004417325492,0.6498048359218092,0.4676133285527439,0.2948412743676699,192.931380233571,3.5625
641,S0541,0.5012970328508198,0.0,0,0.0,0.0,4.0,911.6315798771351,111.71761451811079,0.17391893846578058,849.6958112347087,0.5956911875487487,0.45302038290333674,0.3234563371181696,183.29058428955167,3.375
642,S0606,0.5012956106054308,0.0,0,0.0,0.0,4.0,679.091700854136,91.94653048030116,0.15204460136438802,856.3840158548204,0.653069490688337,0.45191105761366823,0.3271869019239259,186.40361899528756,3.5
643,S1839,0.5012705997455483,0.0,0,0.0,0.0,4.0,818.6571787865091,98.4852529563552,0.135321423319607,861.65841248996,0.6303024161972289,0.44816882848489287,0.3197741658144263,175.37163782962975,3.375
644,S0566,0.5011736440658497,0.0,0,0.0,0.0,4.0,812.7121434192657,88.29960916984227,0.14720165539517696,845.5788462450948,0.5872166620121543,0.42357598893387977,0.295211694048624,186.17283070799414,3.4375
645,S1245,0.5011618073926797,0.0,0,0.0,0.0,4.0,794.8011165561346,97.11051220028844,0.14736892025458156,877.3165249143801,0.6554950466030673,0.5117126888426073,0.34807754492888665,178.844652741872,3.4375
646,S1012,0.501149732947314,0.0,0,0.0,0.0,4.0,561.6555351821615,99.59155198572708,0.14272546264270536,868.6395988238519,0.6266375995772685,0.4417315314499574,0.34842368336422347,187.4193324546924,3.4375
647,S0345,0.5010131442515671,0.0,0,0.0,0.0,4.0,728.0529467957282,107.03864340153939,0.14996866965222283,899.3201286964786,0.706389823427426,0.49177343926067774,0.4125784490658926,177.99091456967398,3.5
648,S1382,0.5009030238323124,0.0,0,0.0,0.0,4.0,794.2963808770216,111.58955821640261,0.1669857812797987,886.8241909218636,0.679220773683335,0.5092122610491968,0.37689686384238824,181.61365651674714,3.4375
649,S0135,0.5007911295588535,0.0,0,0.0,0.0,4.0,833.6572717464917,111.66919113272355,0.18576625649580203,913.6124513866289,0.7693337371158233,0.5592883897513307,0.40493684643382916,185.33671228910382,3.5625
650,S0818,0.5007569809694891,0.0,0,0.0,0.0,4.0,820.0942060023763,109.09121406914164,0.17305318581248058,852.284038010057,0.6362269523103964,0.45164277298523037,0.31900989152886633,187.7603361402485,3.5625
651,S0312,0.5007387903214431,0.0,0,0.0,0.0,4.0,833.4330193741341,106.59843251555904,0.16556560125362593,862.5151195938437,0.6201705926723291,0.4402787116384153,0.34537669061476783,188.72473538100778,3.6875
652,S0787,0.5007376423138276,0.0,0,0.0,0.0,4.0,618.2072847498937,97.43901438874903,0.15219805934227693,864.1610596983917,0.6219512907311594,0.4470504544765159,0.35449732720151883,189.2512527721222,3.5
653,S1946,0.5007018841209206,0.0,0,0.0,0.0,4.0,785.6354472168689,91.32831985251858,0.14824542030145282,854.5999156644643,0.6227206044084463,0.4721108621957954,0.3215610162456775,182.7103899754681,3.5
654,S1544,0.5006344271482427,0.0,0,0.0,0.0,4.0,904.2142332113008,111.18966466581367,0.1633775553474384,869.0860704287073,0.634693040661401,0.46948305090174247,0.35391000741859835,179.22874878853705,3.4375
655,S1497,0.5005791128012977,0.0,0,0.0,0.0,4.0,676.2086684559736,89.20472378400981,0.15086844399665814,839.2678397966059,0.5970122935710143,0.4238527849031467,0.2839939817958743,192.52606283081502,3.5625
656,S0692,0.5005408205244981,0.0,0,0.0,0.0,4.0,818.9780433435525,95.81014230185512,0.15227404144712348,873.6320462119321,0.6982883459236539,0.5079573114561908,0.33482034376934194,181.46447141987767,3.6875
657,S1959,0.5005407413447607,0.0,0,0.0,0.0,4.0,656.1419707550301,92.86451626857551,0.1524344442000095,870.4767896405925,0.6682048691991601,0.47467529470474046,0.3686147133592129,184.134059719078,3.4375
658,S0218,0.5005119471376034,0.0,0,0.0,0.0,4.0,657.4205186170049,98.70136326375444,0.14877888526251798,847.5939105830911,0.6321900191554944,0.44321805241735274,0.3102466331434381,186.2536682885977,3.5625
659,S1114,0.5004651382200936,0.0,0,0.0,0.0,4.0,687.265279031228,93.08875642955071,0.15469977330963625,847.8746125081647,0.6013918676564047,0.4265070538936706,0.3066119589927701,191.68114527769936,3.5
660,S0995,0.5004609601883822,0.0,0,0.0,0.0,4.0,768.3050156372032,95.96177701716,0.1483652493511769,880.5381610885703,0.6946281502269456,0.5214833425428658,0.36631845874931696,177.4150074861578,3.5
661,S0198,0.500338818581853,0.0,0,0.0,0.0,4.0,747.843844427888,107.42952317547864,0.16932960380048911,871.8442787021572,0.6615588602030019,0.4929478329797527,0.3619874110070314,184.76824330927025,3.4375
662,S0124,0.5003327260496904,0.0,0,0.0,0.0,4.0,869.1907137144888,110.10506655584385,0.15041531469802544,895.8507043946859,0.6950808429153298,0.49724396342151334,0.396733776161758,172.9912576735938,3.4375
663,S1227,0.5003065197979876,0.0,0,0.0,0.0,4.0,782.5819670153683,99.02387697735074,0.1624992358129984,849.0719372995118,0.6348783286538802,0.45049580945031165,0.3379915243472348,184.08897854607113,3.5
664,S0358,0.5002657579719281,0.0,0,0.0,0.0,4.0,854.8432560727425,99.37927429315013,0.17073571932599366,871.0814820587809,0.6505808162212565,0.48964058182996556,0.34774881244893296,187.6514815333316,3.5625
665,S0930,0.5002513493213679,0.0,0,0.0,0.0,4.0,657.4963204883696,91.89636428595772,0.159578278650012,877.185163402196,0.6397974234595598,0.4764230871026856,0.37894748913120413,191.82620931159096,3.5625
666,S1428,0.5002152442002756,0.0,0,0.0,0.0,4.0,591.4953193143043,94.71787454918316,0.15790865817857044,873.5180192782328,0.7011537252184795,0.4835400167254907,0.37421096877252713,189.17132378404108,3.6875
667,S1500,0.5001566982940823,0.0,0,0.0,0.0,4.0,636.2257971300593,88.81647912490516,0.1458338593766462,874.4925933111472,0.632003763825411,0.4642911798701581,0.36637104657804487,184.93884423539052,3.25
668,S1254,0.5001350182686638,0.0,0,0.0,0.0,4.0,708.2573612856254,87.61951914679227,0.15996704944449638,894.5787147003192,0.7267537793264386,0.5268482857669731,0.39807344413615214,182.03166025695694,3.3125
669,S0806,0.5000787309304302,0.0,0,0.0,0.0,4.0,665.6792456883688,98.46531811431731,0.16017265879558026,877.1396109275383,0.6419215781180067,0.485671956596402,0.36236131993784426,192.7773549613091,3.6875
670,S1573,0.5000325526098953,0.0,0,0.0,0.0,4.0,921.2388952659923,111.90974922986464,0.20423354184034254,865.1911893575839,0.6445347606887899,0.4865988637633746,0.3363896706874181,196.8892736949362,3.625
671,S0416,0.4999307662078762,0.0,0,0.0,0.0,4.0,884.0837417011056,100.66407302185354,0.17182049705027233,860.4654338345459,0.6642261212407223,0.4905784115253483,0.33537897697866387,183.2810448834226,3.5
672,S0301,0.49990259329765363,0.01,0,0.0,0.0,4.0,920.3533778942751,93.74979491536827,0.18802504021417266,906.9861210398075,0.7051393645770948,0.5329468999343896,0.41276733320910813,192.48507601894292,3.625
673,S1489,0.499866178437852,0.0,0,0.0,0.0,4.0,758.7590758904697,98.77236656219469,0.1719773553137898,858.3212600928887,0.6243580802047561,0.4618051037063198,0.3272490732449472,191.61375463361082,3.4375
674,S1992,0.49968771627223596,0.0,0,0.0,0.0,4.0,819.7030359307863,81.2578591513188,0.16710394275937646,880.7105358602843,0.6976691517616086,0.5331994818495133,0.3463234086328812,189.19939835855183,3.5625
675,S1483,0.49961589649529065,0.0,0,0.0,0.0,4.0,683.5291851315567,79.61036496101386,0.14111041832186946,863.0474173280525,0.6277840043103751,0.44294625711176977,0.3554509902779994,186.82560093153222,3.5
676,S1221,0.4996139574981132,0.0,0,0.0,0.0,4.0,726.5498562541949,84.98058544571671,0.1523236948141676,859.2303349351887,0.6880327223852803,0.4567740755769133,0.34849003531128414,181.49030491523123,3.375
677,S0734,0.49942814007788877,0.0,0,0.0,0.0,4.0,654.5710027465467,85.27098962120769,0.1646795636049191,862.505109128176,0.6763917209989521,0.48775124582818613,0.33815698938869176,193.42249437334016,3.625
678,S1918,0.4993675038858162,0.0,0,0.0,0.0,4.0,811.8482829212992,91.94103758690808,0.16389365891889812,879.780792186055,0.690799540048839,0.5072801563984443,0.3925418179434208,181.13917246356183,3.4375
679,S0019,0.49916597004242874,0.0,0,0.0,0.0,4.0,700.5984387071071,92.69433368129965,0.15977311958877466,875.3859592897736,0.706016750981456,0.5019705745013293,0.3620869638327253,187.3555869213807,3.6875
680,S0288,0.49916112208678876,0.0,0,0.0,0.0,4.0,943.1844505244932,92.40721026250681,0.1722756667736041,879.5450301260612,0.7148292390792428,0.49165965737574724,0.36229070115955747,183.70430197445796,3.5625
681,S0679,0.4991602319884716,0.0,0,0.0,0.0,4.0,597.8527386558396,90.78235739053592,0.15106228923249435,836.3316558327296,0.5779610202093437,0.39774684564956286,0.2957047742362308,196.9991353602785,3.625
682,S1316,0.4991567618967064,0.0,0,0.0,0.0,4.0,530.905078993675,93.13346768185578,0.13060079887428452,850.5998614857348,0.6130528679241114,0.43293836511044803,0.33371208354019416,185.39974868955585,3.5625
683,S0882,0.49912959118781236,0.0,0,0.0,0.0,4.0,798.0099619339536,106.70297359600343,0.1805731074274127,884.4762022436893,0.7230130673988597,0.4981205557156476,0.38216494195777223,185.10905905653553,3.4375
684,S0299,0.49910922255295237,0.0,0,0.0,0.0,4.0,763.9431184228126,105.09759630918089,0.17170932014480772,889.4220129584993,0.6855430043709713,0.5059300370037519,0.3677976755036677,190.5219343724767,3.625
685,S1962,0.49908344455769055,0.0,0,0.0,0.0,4.0,811.45148657294,104.78919884389191,0.1553366655034374,860.4694440600455,0.6296484000939768,0.4650150185351767,0.3573254410434936,181.66701344248088,3.625
686,S0418,0.49907896825177867,0.0,0,0.0,0.0,4.0,788.1697047949255,103.5985146339801,0.1551358116254379,876.9596850717077,0.6431285182341253,0.46680296651868897,0.3895804352242973,181.32030038803506,3.5
687,S1394,0.4990732011222092,0.0,0,0.0,0.0,4.0,891.0468058569028,93.60314024173914,0.15885873916272283,914.1840995629661,0.7285684299025119,0.558476159817011,0.3957890319148701,180.49099988893295,3.5
688,S0006,0.49907293834864186,0.0,0,0.0,0.0,4.0,869.692274366761,109.90465569355024,0.18010715831566348,881.5511107689648,0.7082438894635585,0.5196868921454318,0.37783056661244585,181.23477587765151,3.4375
689,S1819,0.4988791814362008,0.0,0,0.0,0.0,4.0,781.6768962947023,97.08200999598736,0.15400166869482437,900.8501197739981,0.6955384241879644,0.5085450898042185,0.42030377781438005,176.95947083841995,3.25
690,S1314,0.4987850649719088,0.0,0,0.0,0.0,4.0,551.4807744915994,105.56475510296153,0.1428758688929216,856.2245655131313,0.628776303146067,0.4560252175149333,0.3450423929548521,183.8880961893311,3.5
691,S1784,0.4986699045001307,0.0,0,0.0,0.0,4.0,675.5242527575479,75.06223582223569,0.15045673468386214,888.6926675251077,0.6977319244288357,0.5114375808439724,0.36609217808415506,189.6413908226412,3.5
692,S0754,0.49863830026927647,0.0,0,0.0,0.0,4.0,681.645254138106,96.5873815428202,0.15225562021378225,858.4966004868305,0.6418374700872814,0.45650350778624965,0.3495378698193616,183.1862631607643,3.375
693,S0195,0.4986213543066724,0.0,0,0.0,0.0,4.0,847.7757690503352,108.61340165153358,0.16257311848323924,887.8676193947318,0.648138644646836,0.5004775130515037,0.3862577294953517,181.38068265133893,3.4375
694,S0548,0.49859029776186725,0.0,0,0.0,0.0,4.0,849.7432118046859,104.72293337309388,0.1612192847458545,886.7042233145346,0.6477374426642883,0.5164225705246751,0.3579879636280215,183.20066846133886,3.4375
695,S0688,0.49855094973247993,0.0,0,0.0,0.0,4.0,1061.3704797295072,105.17385351086271,0.172391084033438,916.585520208815,0.734613077610208,0.5392618400153484,0.42689387067923046,171.54666519636731,3.1875
696,S0926,0.49852939748207586,0.0,0,0.0,0.0,4.0,795.0863490307659,94.34494759114381,0.16321150020143657,868.4024982146395,0.6676345558598303,0.4943999246895932,0.32528818683939803,187.25795178827764,3.5
697,S0142,0.4985293598979448,0.02,0,0.0,0.0,4.0,1149.3603746203441,111.71153232737541,0.17431081913044505,909.1507748926156,0.767443210701756,0.5251504838431108,0.41420443116328454,167.13376227880747,3.3125
698,S0249,0.4985042072822184,0.0,0,0.0,0.0,4.0,598.6002036111313,97.85250771965838,0.1589275001318942,853.3617190584164,0.652751719726677,0.46604694982470685,0.32765117058710647,187.74618781468598,3.375
699,S1715,0.4984555515986306,0.0,0,0.0,0.0,4.0,689.1992456061182,97.432460868293,0.15855511052054944,883.3921884217036,0.6819435886021676,0.46661557388151026,0.3912908157725586,183.0533918937597,3.25
700,S0143,0.4984458277448065,0.0,0,0.0,0.0,4.0,827.673100662675,96.17104835099863,0.143370772822013,842.4093735249456,0.5973561652240128,0.4281181402913522,0.2769098240747307,187.12744786497558,3.75
701,S1348,0.49842618052490195,0.0,0,0.0,0.0,4.0,761.9367587025558,99.39666376434185,0.13787589929462268,873.8704367635204,0.6594040457097254,0.4880234296086622,0.3481632166951291,174.41536409839466,3.3125
702,S0207,0.4984193937455874,0.0,0,0.0,0.0,4.0,829.4946928876003,100.87004860049882,0.15806667716355347,865.9245581975912,0.6400029858374271,0.4802718307791831,0.3417160747155332,182.0168386066421,3.4375
703,S0789,0.4981942127627854,0.0,0,0.0,0.0,4.0,890.2692436874383,115.37225322779136,0.1563683616737837,885.084423658685,0.6646122514345494,0.48229342994526614,0.3723260495598069,176.135586312641,3.4375
704,S1738,0.49814879106282434,0.0,0,0.0,0.0,4.0,757.5250290132518,98.29439075064496,0.16250094451723296,871.8579939562343,0.6725190122929958,0.5076231071387498,0.35022228809589356,185.7924940914992,3.5625
705,S1431,0.49811310698916444,0.0,0,0.0,0.0,4.0,900.0938486412864,119.10364611874544,0.1691473642248316,899.0302131392718,0.754686965545762,0.5175570997610278,0.3929784893962121,174.6542651371358,3.5
706,S1482,0.49807991474096874,0.0,0,0.0,0.0,4.0,679.0590611121671,95.28339320103431,0.161301309277495,874.9017227882491,0.6575390027603387,0.5054550158642439,0.3169748332522616,191.9531078871662,3.4375
707,S1200,0.49778356486274067,0.0,0,0.0,0.0,4.0,771.5669654381296,97.73249573335677,0.17522205010899902,870.7037190687553,0.7695961242506654,0.4900044683529297,0.3598350433556927,181.94139120687706,3.4375
708,S0907,0.49775664286126536,0.0,0,0.0,0.0,4.0,616.8296091979244,101.16613455710441,0.14851197459940046,854.9559822710659,0.6216601556446333,0.4452895086221694,0.33275019924917626,186.3580624429553,3.4375
709,S0542,0.49774636124458177,0.0,0,0.0,0.0,4.0,604.9008563559971,83.02817794264352,0.1427223891355698,868.1951078178689,0.6844732435846234,0.4864817975145755,0.3530444395351501,187.67091903637046,3.6875
710,S1225,0.49772642184028554,0.0,0,0.0,0.0,4.0,830.2567237955493,103.08441414490387,0.15879013574226816,878.3982793461356,0.6402270790561697,0.4873538653420741,0.35370308172185566,184.6012144432275,3.5
711,S1741,0.4976480735373089,0.0,0,0.0,0.0,4.0,842.3462026682597,125.84005277700989,0.18562429501126743,895.8008349802312,0.6747175462262762,0.4932340526251028,0.39993830131908764,188.8916106038396,3.625
712,S1136,0.4975641348176949,0.0,0,0.0,0.0,4.0,797.9867185655229,107.07549329985005,0.14974650736487935,867.9302920736884,0.6385801709514004,0.4757214728317972,0.34149661568028866,176.54186204213983,3.25
713,S0151,0.49755194392590574,0.0,0,0.0,0.0,4.0,912.0934495915974,113.14204055590469,0.16524856020165307,886.4481041607125,0.6654021538246825,0.492219390678996,0.38377756149148157,177.61005042976836,3.375
714,S1942,0.49755119209350024,0.0,0,0.0,0.0,4.0,837.6393882773508,97.57888840827736,0.15133133163493093,861.0139549528341,0.6379277960300689,0.45409066520960767,0.3147900013558108,184.49175443885272,3.5625
715,S1463,0.49751661551640824,0.01,0,0.0,0.0,4.0,804.862502784811,101.30010212593756,0.19138501412916495,916.3146946433031,0.7332128194487052,0.5504804323589803,0.4306778060356878,191.74606049600285,3.4375
716,S1286,0.49745952209810634,0.0,0,0.0,0.0,4.0,783.4178098650158,113.72795849810609,0.17201340949529156,891.632511515259,0.6506107417452658,0.5034599502599261,0.38123629426438876,186.59562667834228,3.375
717,S1258,0.4974375579674277,0.0,0,0.0,0.0,4.0,747.0276999179913,95.53248105730428,0.16306407351231386,854.7440315479128,0.6355560435310685,0.46435610547496414,0.323141151319004,188.29434087830052,3.4375
718,S0494,0.4971171585168501,0.0,0,0.0,0.0,4.0,747.4626371472458,96.70037056917461,0.15159434987697293,859.8898956521301,0.6198919549376292,0.4468088841108104,0.34922635946419434,185.28435321894497,3.5
719,S1081,0.4970824640634639,0.0,0,0.0,0.0,4.0,865.0852971709504,102.7690004959217,0.1647969631204986,845.0927662620326,0.5856221719389736,0.4327796060573788,0.30536969277252474,189.342339729876,3.5625
720,S1075,0.4970465565232545,0.0,0,0.0,0.0,4.0,538.2015179940404,86.30821107411411,0.15109674526839786,850.5990243758102,0.6765668865186771,0.45153429583107285,0.2938133952469895,192.26887917651845,3.4375
721,S0987,0.49704047116012284,0.0,0,0.0,0.0,4.0,641.5617949012399,94.90411843985606,0.13498348033124136,864.7345516207231,0.6249718738455653,0.45270534696049797,0.3526182488190912,185.52431683429836,3.6875
722,S1243,0.497008104298414,0.0,0,0.0,0.0,4.0,663.3626896506514,99.92330279255002,0.15549745794597575,844.4422641283135,0.6605050115714258,0.45404693915692146,0.289820498733483,186.08485309573928,3.4375
723,S1204,0.49697152374249914,0.0,0,0.0,0.0,4.0,775.4717267357703,95.20880862706494,0.16331612896432635,890.2603742747252,0.7634806529096411,0.5224581282901424,0.381330682989703,180.62835993340676,3.5
724,S1283,0.49695684768019444,0.0,0,0.0,0.0,4.0,834.7868641697921,95.64616629841039,0.15689266558231876,859.7494786931898,0.645476197827962,0.4846913548690348,0.3254349598717374,184.92092702297958,3.625
725,S1698,0.49690487695008206,0.0,0,0.0,0.0,4.0,643.5706238073934,95.87580988426413,0.150892691195386,864.4930126122913,0.6396501010038425,0.4711535692470847,0.33744056793623367,189.24344740531052,3.5625
726,S0584,0.49683709729084763,0.0,0,0.0,0.0,4.0,753.1009247914791,93.08066633426749,0.17498357676382786,867.6808694323081,0.6800334768895786,0.50409494767689,0.35768747132588063,190.5828288535982,3.5625
727,S1122,0.49670407330333666,0.0,0,0.0,0.0,4.0,829.1925356531494,104.37756247896554,0.16151691983770378,861.7693899467922,0.5994717541653999,0.4411555155278315,0.3661230200391609,183.67611567755432,3.375
728,S0574,0.49666928457064285,0.0,0,0.0,0.0,4.0,813.3104042172865,97.30342487515858,0.17774186417759752,885.8639862847078,0.6877240067456244,0.5066468808055764,0.3964344431854157,187.52857257845858,3.4375
729,S0600,0.49663857001850037,0.0,0,0.0,0.0,4.0,866.0520182528884,112.4804554709626,0.14814479028539193,867.7800629509167,0.6539815280130011,0.4473299120832382,0.3520628832543374,171.9057913352047,3.25
730,S0242,0.4966094288419726,0.0,0,0.0,0.0,4.0,811.8112569098059,95.14168212181255,0.15606223170149053,888.8623608815454,0.6596035113967167,0.4878082117215652,0.39887226767211914,181.05435000244267,3.3125
731,S1616,0.49653405314546667,0.0,0,0.0,0.0,4.0,826.3194093766482,100.7620941568708,0.1600515523704973,880.2856663356183,0.6808544353625731,0.4771856567995912,0.36427188783331566,178.06051673240725,3.125
732,S0047,0.49645968038835997,0.0,0,0.0,0.0,4.0,715.1625051297552,89.95360614381303,0.14829874550415179,859.7126257010083,0.6617902303751374,0.47464927445017213,0.33564654781843806,181.89756081411807,3.375
733,S0157,0.49645001267064937,0.0,0,0.0,0.0,4.0,699.8486653320113,100.24189702478664,0.16058149766467394,875.8741417823455,0.6425586904972608,0.4760755729679994,0.3807091408209183,186.26624922649563,3.375
734,S0226,0.4963903664825355,0.0,0,0.0,0.0,4.0,650.2106768574159,93.3017503756333,0.13443001806083663,858.2244346451309,0.6280644389965591,0.45440991987280016,0.3265119460198065,183.26181731850977,3.5
735,S0227,0.49625401799560337,0.0,0,0.0,0.0,4.0,677.749479427561,91.59488470358662,0.1506806494490654,863.4562554167314,0.6963506338811871,0.47910813428993504,0.34585737854397847,182.02973526244415,3.4375
736,S1358,0.49622317060466514,0.0,0,0.0,0.0,4.0,816.1191526778667,105.18317707261183,0.1724517539627314,845.3035318682138,0.6766697434529267,0.44567019002937164,0.30483002767437284,189.38497524416036,3.75
737,S0925,0.4962129834827931,0.0,0,0.0,0.0,4.0,641.2516956103483,102.87072830017216,0.15324299814288278,863.1484784934265,0.654340373572689,0.4903698890569446,0.3284791108663744,185.27541234405948,3.4375
738,S0892,0.4961103773983625,0.0,0,0.0,0.0,4.0,935.0124579803281,96.18354720530428,0.15186648169303582,869.9315710645719,0.6197959084970585,0.4813001383766885,0.38097759459963365,176.59268468206014,3.4375
739,S0278,0.4960287723525416,0.0,0,0.0,0.0,4.0,861.0737595385233,100.15327957810868,0.15737291705295783,892.0779419780326,0.6971808680695184,0.5040004841589755,0.391781192115422,180.32972022932134,3.5625
740,S1300,0.49601682972444505,0.0,0,0.0,0.0,4.0,738.4809310800313,97.66129443855777,0.1450439104831134,865.9726876541741,0.6275817021103486,0.49276989397202337,0.32945990497927913,180.71204540658178,3.3125
741,S1074,0.49601050666984453,0.0,0,0.0,0.0,4.0,659.030272631321,95.18670074222895,0.16953990196337881,872.802343273147,0.7246410240137487,0.4909153592103719,0.35678085420999084,188.39214072659047,3.4375
742,S0764,0.4959976030179692,0.0,0,0.0,0.0,4.0,873.6746013447374,114.87009488383919,0.16902096052161478,895.1803589208844,0.7012001618293073,0.5258366293034998,0.3552999249307424,183.61500312654337,3.5625
743,S1032,0.49599441321809945,0.0,0,0.0,0.0,4.0,1017.9635226599072,108.42425786342501,0.18217722142147189,860.6206710829515,0.6169227525807564,0.46350580090777566,0.34912609242752946,186.47812311043273,3.5625
744,S1494,0.49598129037596234,0.0,0,0.0,0.0,4.0,945.2579802361415,107.23904299773295,0.17285966919457127,862.7637110621835,0.6190224231144639,0.4624583702037692,0.3414308259470161,184.76549828139687,3.4375
745,S0330,0.49594329238875007,0.0,0,0.0,0.0,4.0,655.2305797852686,101.02266106752765,0.15053326262999256,857.9509471508393,0.6331501313147938,0.44792551891444327,0.3338259340446493,188.8077519259221,3.625
746,S1742,0.49593615951841336,0.0,0,0.0,0.0,4.0,782.4438504226888,95.80529720790733,0.15148036039059806,866.2579787631327,0.6231842139245901,0.47790447523674034,0.3367898092189346,184.62823111413718,3.4375
747,S0861,0.49589677000543236,0.0,0,0.0,0.0,4.0,803.1416695386316,96.15548535178763,0.14200171759404867,860.6947509886518,0.5874680476410634,0.4484362476098034,0.3422470500529332,183.015822253866,3.5
748,S1130,0.4957667231441734,0.0,0,0.0,0.0,4.0,664.0780174350032,104.86545501586328,0.155738849685981,872.0054711005213,0.6762208655084834,0.4643186567724754,0.3789548586927917,180.08698205844505,3.25
749,S0960,0.49572263221280977,0.0,0,0.0,0.0,4.0,751.8471387628373,103.49712196952332,0.15253092152369305,851.8021626058543,0.6389592793489143,0.4567602666161167,0.32602837228516546,183.0971503337996,3.5625
750,S1739,0.4957202072039059,0.0,0,0.0,0.0,4.0,590.018543620123,99.96607167181892,0.14435651462972598,847.2639020717667,0.6167098676905468,0.4254367655872298,0.2924856958563838,192.16396968143437,3.625
751,S0613,0.49570001076319875,0.0,0,0.0,0.0,4.0,715.4212599990813,92.50229499283691,0.14018211979089987,876.8993743997631,0.6822228381644103,0.4881603494922051,0.34281410153604414,181.64048655095118,3.5
752,S1189,0.4955951706958033,0.0,0,0.0,0.0,4.0,713.1180864840717,99.18578991991023,0.13029165486648783,844.8090433677432,0.5960738828682541,0.42710614577396067,0.29586945518547514,182.04784961191325,3.5625
753,S1890,0.49558087858109806,0.0,0,0.0,0.0,4.0,906.5469702510526,99.96625781768853,0.1747308475368666,865.1446852005175,0.6747502398582905,0.46608345011675706,0.3391916026444551,190.8693705150635,3.8125
754,S1291,0.49549539884570043,0.0,0,0.0,0.0,4.0,790.735502140062,95.10008790010883,0.1577866297516194,848.9238684186588,0.6118345420055858,0.43523329140317424,0.31619875274746434,188.48387127144676,3.5
755,S0953,0.4954644246406809,0.0,0,0.0,0.0,4.0,793.7098068332359,99.7238073087095,0.16131400711660254,878.5911228821628,0.6390167532686073,0.47953248697067935,0.35710467252953076,186.71420509572113,3.375
756,S1142,0.49539488575992574,0.0,0,0.0,0.0,4.0,861.8839546348011,109.80673154558184,0.1557852848411905,879.5162300844128,0.6572456049577727,0.5072652486756795,0.3677544772288691,176.14555919915412,3.375
757,S0753,0.4953193458594202,0.0,0,0.0,0.0,4.0,740.2571934679404,84.02185025100752,0.1407546872955932,876.2156794811622,0.6340686212866833,0.47827981686823196,0.3892886284677,182.8447701787387,3.5
758,S1541,0.495296842521713,0.0,0,0.0,0.0,4.0,783.2452159974728,95.02183479185776,0.15636033972727217,875.2681652053274,0.6949205282837208,0.4966427410619328,0.3764265066781734,181.4559652626933,3.5625
759,S0108,0.49520311840527714,0.0,0,0.0,0.0,4.0,769.457864686499,93.80822260947957,0.1565628039310968,886.7126882853258,0.6864093728461238,0.5223868526280018,0.35700155219166807,184.60459244205975,3.4375
760,S1490,0.4950972206425893,0.0,0,0.0,0.0,4.0,854.3553709215678,103.78612377175762,0.17573554400158237,902.9078538485244,0.747655132280197,0.5326777269660173,0.41683616720021716,183.8519400206169,3.625
761,S1837,0.4950952215897885,0.0,0,0.0,0.0,4.0,752.8013896062879,93.98675681562617,0.16481348225464107,876.0608503384392,0.6539600322053561,0.5099870177019374,0.34718314437346776,189.53339406621853,3.4375
762,S0235,0.4950322459120208,0.0,0,0.0,0.0,4.0,932.480377124229,112.99164823087914,0.1708619144677374,889.166302117859,0.6669396133756068,0.506511869579171,0.38571255774741015,180.40471057623242,3.4375
763,S1884,0.4949242293086358,0.0,0,0.0,0.0,4.0,786.6147180435783,105.1414240897328,0.17952666595591213,880.4236641412455,0.6878818508720932,0.5138942613657809,0.3599782442875854,189.02330577497827,3.4375
764,S0259,0.49479467111720454,0.0,0,0.0,0.0,4.0,824.3508613952488,98.45552303991158,0.16489051913285055,875.3442998255225,0.6392789295328276,0.5011597241187141,0.37289617964672755,186.83263063921123,3.5625
765,S1152,0.4947354053180133,0.0,0,0.0,0.0,4.0,479.63095363633283,90.30495434890423,0.14967702651805537,871.4901355826073,0.7198902282672356,0.48927651417704066,0.36404832383459645,191.81428676312942,3.75
766,S0114,0.49468411566318404,0.0,0,0.0,0.0,4.0,588.1338669191841,107.23018573400715,0.15959363103254443,858.3449220221564,0.6486484009226314,0.4506654290784443,0.3564432093043368,185.85456534256176,3.3125
767,S1361,0.49462889929182696,0.0,0,0.0,0.0,4.0,717.4247031435651,94.05361549090024,0.1552670275382281,874.526627604038,0.7070265811906435,0.5005192730998002,0.3673290804616629,184.08738702986852,3.625
768,S1961,0.49461920671466486,0.0,0,0.0,0.0,4.0,730.4546928090202,96.82333060651135,0.15271615882678677,855.722366287658,0.6879444567517841,0.45689961074426616,0.3356083417701067,181.6794255182042,3.5
769,S0508,0.49444389827923513,0.0,0,0.0,0.0,4.0,1012.4471145212023,107.92337335114892,0.18718900991436224,896.0170098994178,0.6948474489785121,0.5212648516087153,0.4111456900584494,183.5957435799662,3.5
770,S0495,0.4944338927040685,0.0,0,0.0,0.0,4.0,688.3684399157736,99.10583793563434,0.1469045657882645,846.0554776022993,0.5898896894836878,0.4058281962319699,0.3246300214205294,189.25094914016745,3.5625
771,S1786,0.49412210744859636,0.0,0,0.0,0.0,4.0,903.633233842551,104.2765373185216,0.16776980906754385,885.6878935785359,0.6576375042295635,0.5002544841863951,0.3760999908592504,182.5693349844158,3.375
772,S1268,0.49396041780203886,0.0,0,0.0,0.0,4.0,745.6369696692053,95.60406789579775,0.1479400195693127,853.7744985611578,0.6258994987215408,0.4602954738407105,0.3340921277444808,184.42088580896865,3.5625
773,S0260,0.493902283168328,0.0,0,0.0,0.0,4.0,621.742542786987,96.34575030550374,0.140269617445407,847.7029434574737,0.5901005040948358,0.446252521232881,0.3109390697406236,190.06860122470212,3.625
774,S1246,0.49387842762206596,0.0,0,0.0,0.0,4.0,681.2806010432619,98.00248788126598,0.142876104001215,858.4812111014029,0.6185334796721786,0.45260636763217366,0.3323337253415616,183.60947043797788,3.375
775,S0350,0.4938765454332731,0.0,0,0.0,0.0,4.0,673.6647990893829,89.42788045659097,0.15622152752007235,885.2143923063138,0.7384642108016172,0.5098974962091412,0.3841310524997603,184.1688151599103,3.5
776,S1971,0.49380168366504595,0.0,0,0.0,0.0,4.0,786.1793535140362,93.64854242963436,0.14727609134992828,866.7236733023886,0.649464942019672,0.48135852682959207,0.3415185982025739,180.6145099371685,3.375
777,S0051,0.49375293479403726,0.0,0,0.0,0.0,4.0,1047.4933858715544,103.47192872112969,0.1658512608506771,866.0240214139491,0.6227081114284669,0.4956642177406632,0.37359012821544446,177.6904726859403,3.5625
778,S1414,0.4936627944211662,0.0,0,0.0,0.0,4.0,776.2432774879359,102.45054580390368,0.15137949675606477,866.3297494446664,0.6459398389703548,0.4761451484404938,0.3272898712176355,181.22554687171484,3.3125
779,S1608,0.4936522857227576,0.0,0,0.0,0.0,4.0,612.9899774248522,96.49514020125997,0.13866111029294947,844.1665443946192,0.6500686181033865,0.4223800631132017,0.28599292069336585,185.42332969850176,3.4375
780,S0593,0.49363051600001695,0.0,0,0.0,0.0,4.0,888.4355883857683,93.19115742671747,0.15844343723764295,865.4156463689598,0.6256738175316771,0.47733383702592896,0.3431535709677036,186.87533486651594,3.625
781,S1687,0.4935359155361749,0.0,0,0.0,0.0,4.0,682.2217389440544,97.4144720302751,0.1443575184726762,863.209947691126,0.608415861574376,0.44938010833916137,0.3608223215637902,185.7433434021689,3.5
782,S1673,0.4933064542196857,0.0,0,0.0,0.0,4.0,938.8587293385273,106.5268073058738,0.16489365338310355,887.8606137637947,0.663846132209172,0.4926114574806093,0.4055449016339028,178.6130354770929,3.4375
783,S1898,0.493212418124289,0.0,0,0.0,0.0,4.0,779.8425411113693,97.80241580169071,0.17008256329315605,870.7653226466076,0.6772687528254181,0.4801500495517924,0.35680121816310906,187.00513842687477,3.375
784,S1433,0.49320311254491134,0.0,0,0.0,0.0,4.0,589.0183051103171,97.47639415556188,0.15022509599210246,873.3338123849675,0.7087757892962523,0.4907151484208405,0.3333831517622238,186.3357222658222,3.4375
785,S1852,0.49316617263680285,0.0,0,0.0,0.0,4.0,751.9147675658575,91.80066726547635,0.16494541392312445,885.8899349356128,0.7257629238250165,0.5285456005228888,0.35003697688447066,186.94764764589357,3.4375
786,S0972,0.4930717883038826,0.0,0,0.0,0.0,4.0,854.9408167384931,109.04112420102051,0.16195802664041556,863.6990103017577,0.6308064011955482,0.4618676170882585,0.33231357437854153,185.5929315132414,3.5625
787,S0685,0.49300547822102275,0.0,0,0.0,0.0,4.0,791.5061206867198,97.12562409945258,0.16325457421321266,884.7693741677818,0.7020404430656348,0.5031840822523461,0.3757000443022388,183.06341488460745,3.375
788,S1279,0.4927541379400733,0.0,0,0.0,0.0,4.0,690.9617745720019,89.8594721539991,0.15909601496293177,896.9825640907834,0.7618096261767059,0.5419174323784671,0.38844764180245184,185.26126835874868,3.5625
789,S0302,0.49269651957628785,0.0,0,0.0,0.0,4.0,587.639517427305,95.77555511485957,0.15197186230903972,856.4054460222837,0.6303256376745194,0.4583109577061396,0.33203182440239914,191.5153693245443,3.5
790,S1369,0.49269146811066344,0.0,0,0.0,0.0,4.0,813.5830769579079,102.84952048790802,0.1545135270476734,878.1579297569272,0.6341895518908194,0.47336982365041647,0.3918074546572848,178.76824067096533,3.25
791,S1873,0.49268040475223,0.0,0,0.0,0.0,4.0,773.7015845044924,95.85822158044267,0.16204698230852765,869.0110113613521,0.6182587592743674,0.46502940851594504,0.3446839824016825,190.1995898568533,3.375
792,S0182,0.49251862887179054,0.0,0,0.0,0.0,4.0,770.4594215222377,95.69434965866401,0.1524473717422245,857.1412535283923,0.6397239306883601,0.4754579699960343,0.3421850952103147,180.55339015019916,3.3125
793,S0367,0.4925155096683169,0.0,0,0.0,0.0,4.0,896.9669516422088,113.95920288168398,0.18455334404311652,885.2883746655405,0.7360025650592269,0.5316905415507853,0.3586406497103705,182.81605923131175,3.4375
794,S0676,0.4924821632454824,0.0,0,0.0,0.0,4.0,734.0333634018451,103.94211456940141,0.15509312057530386,863.4931252644294,0.6633002102686555,0.46523357409204713,0.3637790884088788,181.98544776791633,3.5
795,S1834,0.4924474662355608,0.0,0,0.0,0.0,4.0,975.9346845146378,109.54377431215752,0.19234012460210448,906.016232962714,0.7567706864622936,0.5697518521399016,0.3827457212986204,182.75248627489756,3.3125
796,S1244,0.49244225098808114,0.0,0,0.0,0.0,4.0,833.8599478749215,92.88602529490929,0.1474750029946558,865.0082218275023,0.671790930582081,0.486998523358715,0.35799272331896964,179.34552706990036,3.625
797,S0112,0.4924276816063794,0.0,0,0.0,0.0,4.0,659.0628938291004,89.81578006956843,0.14357430658831083,851.1584467687848,0.627155485125948,0.47641150969638113,0.2960698923248554,191.16679418834232,3.6875
798,S1044,0.4922496680570826,0.0,0,0.0,0.0,4.0,840.2181930407357,110.66595153890236,0.16410212446303651,908.5000618567591,0.7417084097810354,0.5370648422019458,0.41619070985719475,176.6827393063938,3.375
799,S0675,0.492230727597172,0.0,0,0.0,0.0,4.0,843.6536685954973,104.7781077939453,0.15466150388007696,860.5989795020853,0.6317980425742087,0.45668955123602073,0.350588510790536,180.21328104234274,3.4375
800,S1065,0.4920619715602844,0.0,0,0.0,0.0,4.0,657.1353122550454,93.65745237565137,0.16339082450186226,865.9145270780891,0.6750797501266153,0.4889259803820338,0.34855308747553165,193.442380362664,3.6875
801,S1765,0.49206140909068785,0.0,0,0.0,0.0,4.0,643.6945757019225,88.29311153565436,0.1507584006464005,851.35971908886,0.6290694575024696,0.4461009000758319,0.3294730374539036,189.96397062836513,3.4375
802,S0136,0.491919534572273,0.0,0,0.0,0.0,4.0,890.8521283592609,110.1929371421476,0.160109931687121,913.015670088183,0.7568354349219312,0.5500819273679851,0.4242301523039915,170.65396430835688,3.25
803,S1586,0.491893160920059,0.0,0,0.0,0.0,4.0,673.1299367180682,97.66653240735485,0.16343463239617972,876.393498812315,0.6685978346771486,0.47057924229250625,0.3729425951084754,188.5072801569833,3.3125
804,S0203,0.4918215061966906,0.0,0,0.0,0.0,4.0,877.0638183009169,97.68708602531902,0.1496517071958233,855.9410683601104,0.6341660114805813,0.4500903267799304,0.3091900740225916,182.612414724815,3.5
805,S1583,0.4917474551718398,0.0,0,0.0,0.0,4.0,792.5457730445507,95.7327307830721,0.17028102839214262,879.2405700800442,0.6963953346637967,0.5184320382249586,0.3393704085973245,188.00210244805032,3.375
806,S1859,0.49167226056350916,0.0,0,0.0,0.0,4.0,840.1805405688165,102.92790552938547,0.154672161194204,862.7159034623742,0.6406177840896369,0.49413874391444895,0.3349136646715914,182.07799989560175,3.5625
807,S1285,0.49153151908697434,0.0,0,0.0,0.0,4.0,858.9540036913567,99.49174868569555,0.14095928568303748,864.6206042929006,0.6819457451131729,0.4760892635574363,0.3339208295079807,175.47287766804885,3.5625
808,S1680,0.49148464548956033,0.0,0,0.0,0.0,4.0,789.4310415085268,103.40199304610324,0.17037558895543853,873.0088185011338,0.6776728115912904,0.4956271839647091,0.3573944486732037,185.44491848188193,3.375
809,S0033,0.4914029932407741,0.0,0,0.0,0.0,4.0,772.2161112047629,85.99241916945715,0.14926278916995686,880.1875252683664,0.6495502048102944,0.5091209231454544,0.36201475114731774,189.17656447972965,3.6875
810,S0618,0.49139203900136275,0.0,0,0.0,0.0,4.0,921.570155251998,106.67292172053935,0.1765040360759609,896.2780794351227,0.7127167353179149,0.552293052843996,0.3615058202173554,186.7045725016808,3.625
811,S1464,0.49136905196935643,0.0,0,0.0,0.0,4.0,647.206815556991,92.0968574473892,0.15648517538296464,859.0451353339566,0.6059462968141333,0.4510074333277218,0.31474939752843295,196.2521530637483,3.4375
812,S0620,0.4913359811289839,0.0,0,0.0,0.0,4.0,734.7688933509979,103.69603550569676,0.14612705088742853,875.5809879100626,0.6812343048079121,0.5039266100464133,0.3414998964268352,180.54944565148824,3.5
813,S0663,0.49133148382703445,0.0,0,0.0,0.0,4.0,964.342781835383,101.8469518776447,0.18014247477918588,907.8574528637743,0.711538707885068,0.5603072434696487,0.4290710074135383,182.06225484308638,3.4375
814,S1392,0.49131375194267146,0.0,0,0.0,0.0,4.0,952.8779705253191,106.38607207796592,0.16870469366667348,894.2866249895164,0.7083060888966678,0.5304330565037401,0.3875061461240487,177.5363218977539,3.375
815,S0063,0.4911505466104721,0.0,0,0.0,0.0,4.0,963.7304113711278,117.90790606920908,0.1879252130386746,865.3182312043991,0.6571774794588201,0.502825646506485,0.3334382264301294,188.1004072910707,3.625
816,S1732,0.49110196199201284,0.0,0,0.0,0.0,4.0,699.6287014974959,100.13228376334527,0.16076795832987098,865.955181759516,0.6756909604563751,0.49079220335135887,0.3431163123400992,187.98024762709653,3.5625
817,S1823,0.49102637530615884,0.0,0,0.0,0.0,4.0,772.6942136408383,108.41207333619346,0.1530604659724118,864.1521679333785,0.6406991555797698,0.45998010207271367,0.338388134411333,181.65034594077127,3.375
818,S0499,0.4909212178763031,0.0,0,0.0,0.0,4.0,659.1086737910842,89.45191402551256,0.14485653903289708,897.1287108459967,0.7545922652200568,0.5103410364523066,0.407395125893635,178.94443960573471,3.375
819,S0883,0.4908677906577029,0.0,0,0.0,0.0,4.0,774.9914924219279,94.79468057562147,0.15981138027647424,899.482539155311,0.7483445628596825,0.5340209421409163,0.396975677374412,182.24546013554504,3.5
820,S1744,0.49086650570705825,0.0,0,0.0,0.0,4.0,701.9454639305337,95.57322690939544,0.1495994744023825,871.7718567997478,0.709996424346011,0.5069479827876052,0.3099669939471488,183.18942264483212,3.375
821,S0775,0.4908581064763954,0.0,0,0.0,0.0,4.0,759.2079221763257,99.53675905795329,0.17122639821450586,859.1232306919095,0.614531412600836,0.4585845971515538,0.3575020710771517,192.61858326644278,3.5
822,S0743,0.4908016997166019,0.0,0,0.0,0.0,4.0,777.3952112528797,94.50486125517659,0.16255162011143742,876.1157879964442,0.6653781730609409,0.48620041426939,0.3550785150452267,190.2084442691889,3.5625
823,S0389,0.4907520690001106,0.0,0,0.0,0.0,4.0,939.2390631883862,103.11227527347975,0.1828917877810561,893.3224309222902,0.6773283077948081,0.5141594748650947,0.3943487781208339,186.1135967009676,3.3125
824,S0991,0.49074099855399805,0.0,0,0.0,0.0,4.0,698.4824921821872,107.06453536097015,0.1562384337107829,839.581068750855,0.6478137007379444,0.44339694241308053,0.28794540459629453,186.26876260601594,3.5
825,S0161,0.49067888201003923,0.0,0,0.0,0.0,4.0,863.0614253495179,100.59395872721925,0.15050920161219106,854.6500143968165,0.6280068513531286,0.4526158237311746,0.3030496254881436,182.60188099231445,3.4375
826,S1719,0.4906788137512835,0.0,0,0.0,0.0,4.0,981.8593344063676,109.79667514853085,0.17069506012460808,864.5198040075622,0.7058851787158662,0.47483985235678744,0.36323951661228765,174.96995852724282,3.4375
827,S0773,0.49052447041374275,0.0,0,0.0,0.0,4.0,797.9825865597332,101.03483411038806,0.15566055311473795,864.0028734468603,0.6357043761020946,0.48182981863067115,0.3131714788066979,187.1248017159034,3.5
828,S0408,0.4904426237349448,0.0,0,0.0,0.0,4.0,763.9279151455427,90.44303748213505,0.14121752335209425,875.1824720962028,0.6462553307947173,0.4858948431591599,0.3712611800553038,181.83550083783263,3.5
829,S0740,0.4904119845439167,0.0,0,0.0,0.0,4.0,893.3236051340062,106.55465798841095,0.16773111219913256,856.9339104061124,0.6263869619610901,0.4949768540491455,0.3182241681996572,186.013834474303,3.5625
830,S0029,0.4903395904050019,0.0,0,0.0,0.0,4.0,812.0685477320819,101.83866631340406,0.13524599325608863,889.5710172779328,0.6967796166197252,0.4943935441758875,0.4056429950948504,170.85281188177422,3.4375
831,S0254,0.4902428546867242,0.0,0,0.0,0.0,4.0,583.7319259997219,95.10926906465717,0.15645900928909434,863.7977795595558,0.6600675453579267,0.4768077183573992,0.34341507567857144,192.09930262455993,3.5
832,S0462,0.49021558511567914,0.0,0,0.0,0.0,4.0,784.0551712927839,104.00043385326103,0.1452252945419218,881.0059024053736,0.7016471869229508,0.5035073781981493,0.36261511645124755,177.72228123477157,3.5625
833,S1947,0.490177432878161,0.0,0,0.0,0.0,4.0,786.3599786498985,107.67765972548759,0.17082151996511893,886.0983607373776,0.7469898864162962,0.501686102235745,0.3855563080599069,180.69716912334533,3.375
834,S0256,0.490152391812532,0.0,0,0.0,0.0,4.0,948.4122918718826,107.45508110960338,0.16719805971210652,902.2737732071367,0.7703759539071604,0.5431130021847789,0.39571280989574054,170.97456322200048,3.1875
835,S1046,0.4900236301650407,0.0,0,0.0,0.0,4.0,742.0807443635958,77.31578630610095,0.15149538767824108,878.7122121146574,0.6922748182631704,0.5142678411144888,0.3466575819843795,187.80765705862407,3.4375
836,S1319,0.4899574884968241,0.0,0,0.0,0.0,4.0,810.9517091026077,96.16585489477845,0.14483986227760445,853.1539622470652,0.6344694529438465,0.4548461235516412,0.3280984563113919,180.09374889822854,3.4375
837,S1460,0.4898356571758651,0.0,0,0.0,0.0,4.0,699.9692512622463,108.01066494975322,0.1518964945269122,868.2400799965483,0.6862427207588586,0.49976911535388535,0.33464198866931827,182.7585085617367,3.5625
838,S1803,0.4896990522616381,0.0,0,0.0,0.0,4.0,779.4507503747931,99.14860684217217,0.16964644809380075,863.51094897836,0.7228212875757759,0.4897116010771698,0.3409692176481118,183.99437817557572,3.4375
839,S0004,0.48969653375249705,0.0,0,0.0,0.0,4.0,988.3392020850657,111.50973164549274,0.14963992615135824,898.7710089750283,0.6935116441932211,0.519220645098098,0.39683607098540274,168.06156288535175,3.25
840,S1240,0.48966720442351863,0.0,0,0.0,0.0,4.0,724.6585707277295,103.8149046086204,0.15842194920462593,874.4933328119795,0.6943726360174278,0.4929373549242172,0.3717683897985293,184.66626226424728,3.625
841,S0165,0.4896509391555713,0.0,0,0.0,0.0,4.0,772.0545975605336,91.50439672774135,0.15379798783324564,862.8314907284599,0.6973197377746058,0.47186156039094496,0.3402917035187895,180.59358394678168,3.3125
842,S0483,0.4896335006819636,0.0,0,0.0,0.0,4.0,744.0956501182801,100.52008513554051,0.15572441977376372,863.4428567118357,0.6329126659468705,0.45228091957128225,0.36832216573008236,185.00502021680958,3.4375
843,S0708,0.48960768320701403,0.0,0,0.0,0.0,4.0,734.6224449475418,90.18696923074232,0.1527557223988896,886.9208292440034,0.6612799207672658,0.49375372999952516,0.38374116406114467,185.6276541452373,3.3125
844,S1914,0.4895775345443416,0.0,0,0.0,0.0,4.0,734.8194298536296,94.02402193820737,0.17137171733560141,864.0206115820364,0.6567899419303613,0.4888766754112976,0.34412229189468163,194.97280443713447,3.625
845,S1160,0.48951404847174124,0.0,0,0.0,0.0,4.0,552.2713417029491,87.2860570504568,0.14356499965301667,863.3420532513443,0.6360615663222983,0.45466469412217203,0.35125480941848536,191.33594463798883,3.4375
846,S1907,0.48936889621089663,0.0,0,0.0,0.0,4.0,791.9103634681684,100.54797860661293,0.15199605614843206,882.9367994006454,0.676220079884043,0.5081689833205447,0.33959821638031706,183.62918771694567,3.4375
847,S0076,0.48935008492525356,0.0,0,0.0,0.0,4.0,936.3467140838003,113.40073888801163,0.16381122544577392,888.7970087466554,0.7279549877587749,0.5117797514407274,0.3680807220830359,175.53517876323926,3.4375
848,S1950,0.4893499744745183,0.0,0,0.0,0.0,4.0,778.8372267428089,117.76814763862177,0.17800069154089398,873.4693131296369,0.667984529045289,0.4452485099713883,0.3950380084141813,184.15839047091941,3.25
849,S1697,0.48934391616294964,0.0,0,0.0,0.0,4.0,758.0408745321453,91.05676316876489,0.15085265221578592,883.8935354540727,0.6904491633770612,0.510667307671331,0.36543781357067256,185.33210079496155,3.5625
850,S1402,0.48933329902609884,0.0,0,0.0,0.0,4.0,855.262484315377,92.64615153585191,0.1450741485672599,886.6640933508912,0.6896034178879694,0.4927521210461578,0.37828882197036034,179.89528805944022,3.5625
851,S1806,0.4892942255933847,0.0,0,0.0,0.0,4.0,684.6511766237156,103.07080112527997,0.1450274137173112,892.9866096847867,0.6954159465017293,0.48850593404649906,0.37491990872773867,183.88171118402246,3.5
852,S0447,0.4892360865033099,0.0,0,0.0,0.0,4.0,689.1524606840816,97.43630940135259,0.148158832432041,872.7419084133538,0.6243208714499334,0.45652510744026803,0.37501606505199137,187.84523077376534,3.5
853,S0349,0.48923323948936287,0.0,0,0.0,0.0,4.0,778.1966512067663,101.02861377464859,0.1562783154187824,880.6902149070925,0.7049205012675085,0.48757890362778167,0.36734875558080815,182.5794723174283,3.5
854,S1965,0.48923192240634594,0.0,0,0.0,0.0,4.0,748.5419234614757,93.95467983681627,0.14730564455233583,838.9226205217418,0.5784244340751036,0.4281559260605052,0.29099825854407585,187.44297641595386,3.3125
855,S0255,0.48922547805720656,0.0,0,0.0,0.0,4.0,866.5955920005058,116.06871894125419,0.16379840585100383,876.8853921380827,0.633244891471551,0.4638367062825313,0.38285994831023523,180.14106711167372,3.3125
856,S0653,0.4891892846318094,0.0,0,0.0,0.0,4.0,840.735579801087,97.9220192803089,0.16842574010039277,865.5495663890407,0.6904625169357181,0.48313129057834114,0.3337538382620258,186.58901991824126,3.5
857,S1234,0.4891777169389227,0.0,0,0.0,0.0,4.0,763.2898420297462,92.70626502784127,0.14688444170321174,866.0836368686982,0.6774424131437498,0.48535167894248094,0.33825087950292576,180.48875027828723,3.375
858,S1569,0.48900375576021915,0.0,0,0.0,0.0,4.0,1040.9718430390697,109.13521376813537,0.18196531560884754,904.9537994154176,0.7098061128244084,0.5486255977278541,0.3909911516798855,181.44705817235578,3.375
859,S1666,0.4889723368756181,0.0,0,0.0,0.0,4.0,618.5956373545547,91.6843761425923,0.14290138817237716,886.7748064094404,0.7115219524715213,0.5077742160122556,0.39385146123687625,186.41965818551554,3.75
860,S0645,0.4888132341284572,0.0,0,0.0,0.0,4.0,689.6342901402421,90.06484219811401,0.1525322524927185,894.0063884298559,0.7386308042363772,0.5197159552655487,0.40494414375267573,181.3460571728721,3.375
861,S0043,0.4887235358788083,0.0,0,0.0,0.0,4.0,804.6007661716545,103.42222518975854,0.18547699942017667,856.4222730332109,0.7247197499483335,0.48596720229134793,0.32884944542483097,191.89942130680777,3.6875
862,S1033,0.48868611389793093,0.0,0,0.0,0.0,4.0,808.1909743716046,97.71953465816482,0.14645156926540626,877.548618884145,0.6221656707928742,0.46535035756206744,0.3620000923625847,183.50262645140114,3.375
863,S1565,0.48866255829566435,0.0,0,0.0,0.0,4.0,1040.8295477270724,110.2223415937213,0.16526162408152695,850.3114203342155,0.5719341684603757,0.45763743269191864,0.3111069378150208,182.66550101436448,3.4375
864,S0625,0.488537137267869,0.0,0,0.0,0.0,4.0,862.6012457253294,132.27090246885538,0.16024358714962617,855.6400643148289,0.5901816299076086,0.41617342445240696,0.3544439653313005,182.06375694203976,3.625
865,S1003,0.4884744106630291,0.0,0,0.0,0.0,4.0,895.3185921619366,100.21393306479777,0.1789554306021974,844.9039673449452,0.671165024806338,0.45378259707250884,0.30579749726833044,189.78386447284103,3.5625
866,S0672,0.488461101934875,0.0,0,0.0,0.0,4.0,745.3778914037297,82.71689195495921,0.15874339616158126,883.0124442181716,0.7119443463839541,0.5094372511892278,0.3515555007547043,185.645334056493,3.1875
867,S1393,0.48840253143086737,0.0,0,0.0,0.0,4.0,1053.930865226371,102.65082080982708,0.16281525245552173,913.1908713126371,0.7130757414986817,0.5445647931871266,0.4144137324468525,175.0841923078731,3.375
868,S0243,0.4883941230185104,0.0,0,0.0,0.0,4.0,676.2561932495524,95.73929035156453,0.1493357902705452,881.2158665834812,0.6582424087548068,0.48267005827795545,0.3822508297155417,185.36890444022507,3.375
869,S0013,0.488301182865313,0.0,0,0.0,0.0,4.0,822.6633536625772,102.76115705504174,0.14010499945583763,874.0870608249994,0.6662595184327116,0.4811301245933079,0.3572329131778662,174.82807161844872,3.375
870,S1638,0.488206292862125,0.0,0,0.0,0.0,4.0,666.0934210171588,99.58221474635076,0.14968945372856135,862.9362679284653,0.7065243053030015,0.47978018672344563,0.3252290562356698,181.11623831907156,3.3125
871,S0219,0.48818367278064195,0.0,0,0.0,0.0,4.0,772.6216962667067,92.44418101119996,0.15904724479116453,880.64889430093,0.6625373928468832,0.5033908999644514,0.3775223797625174,184.92733716535892,3.3125
872,S0189,0.48815739474529374,0.0,0,0.0,0.0,4.0,924.3513102575935,103.41262579941883,0.17092512989821904,869.3020581504855,0.635174863678323,0.49728042357025276,0.33563037892551556,190.4234333327106,3.6875
873,S0363,0.4881099634590207,0.0,0,0.0,0.0,4.0,808.9520001220363,90.99563251351246,0.1556208094649442,875.7069225889403,0.6746952713744595,0.5078185638603232,0.3509373729886385,182.6829583328943,3.3125
874,S1487,0.4880820523741761,0.0,0,0.0,0.0,4.0,923.9120418518958,114.26044243817609,0.16046437155378476,852.7979434978862,0.5805959703060403,0.45076006699120635,0.3216780420162228,183.10350779289192,3.4375
875,S0895,0.4880741681027443,0.0,0,0.0,0.0,4.0,692.9299516160144,102.91725508606112,0.1524185772566167,868.3837102907469,0.6523013824933609,0.48252339127358523,0.3469627965789326,186.28916470833192,3.5
876,S0258,0.4880612830561131,0.0,0,0.0,0.0,4.0,695.705380514502,88.32941665828179,0.13728210932485474,838.002165350205,0.5766497545939325,0.4396018984069369,0.2608098813837922,191.85778561544495,3.5
877,S1137,0.4879517609825066,0.0,0,0.0,0.0,4.0,544.0747493794922,85.61373280657031,0.13814895308939099,869.7420793066317,0.6954155235280488,0.48382159769350147,0.35640423216406,182.99544346809105,3.25
878,S1550,0.48794040031774105,0.0,0,0.0,0.0,4.0,989.5554717846501,117.92854050672989,0.1762113657716093,871.000718288677,0.6507378221412687,0.49060736125254184,0.342432076754357,180.42749037375685,3.3125
879,S1019,0.4878205034101731,0.0,0,0.0,0.0,4.0,813.9878474219387,102.40442305161228,0.1625977088369506,848.024719666222,0.6157693168067375,0.42711553754439774,0.3320552505438556,187.31449001050632,3.4375
880,S1288,0.48781362148223467,0.0,0,0.0,0.0,4.0,919.3316994317124,106.28581433650447,0.14912774914877408,851.1933470071773,0.6288696419616113,0.4543499604503828,0.2946516001714543,177.39102611469693,3.3125
881,S0686,0.4877424617120082,0.0,0,0.0,0.0,4.0,1217.681601221375,129.3533366020082,0.1794544241023287,898.4870562873764,0.6614848768188555,0.5057932416495609,0.40698530354653883,173.330958935612,3.4375
882,S0709,0.48769329510833975,0.0,0,0.0,0.0,4.0,785.402484068185,95.05856512764345,0.1691881066329483,873.9251657490423,0.717825905468938,0.5067798151773536,0.34943705784339096,191.1728122824871,3.75
883,S1271,0.4876907870332833,0.0,0,0.0,0.0,4.0,775.4016846582549,100.92933464592217,0.15137259817116613,860.6365175249595,0.6446924061616309,0.47812760875514626,0.32682917654393207,186.05798057670867,3.625
884,S1521,0.48763463843918825,0.0,0,0.0,0.0,4.0,806.8520445858086,107.89770256467474,0.1483493388730656,866.0958233755264,0.6621175452857578,0.4824517234194403,0.35225650093350436,175.20073734638845,3.3125
885,S0230,0.487631216525836,0.0,0,0.0,0.0,4.0,877.5412948952243,104.71970671691037,0.16418600385539567,880.2354595043298,0.6769800287573796,0.5178272723243185,0.34729894126666006,185.776670376501,3.625
886,S0518,0.4875449632574304,0.0,0,0.0,0.0,4.0,864.9963073015325,110.21701880374471,0.1609192876668287,900.0184495519483,0.6869127121904844,0.5288200790804822,0.4161763663219482,179.50083397360987,3.5
887,S1255,0.4874012596879661,0.0,0,0.0,0.0,4.0,731.7017399084195,104.6745521108381,0.15483208312617794,850.1789386172566,0.6236465862584643,0.46779495002278254,0.3034406026607747,190.55233989383711,3.6875
888,S1893,0.4873759575990951,0.0,0,0.0,0.0,4.0,827.9694947882781,102.43427718036371,0.16680030930211895,872.1297242289629,0.6762491800761844,0.519999416840375,0.35196163942048014,188.39068494036349,3.75
889,S0454,0.48735012040530473,0.0,0,0.0,0.0,4.0,929.1309951789399,128.27422832662455,0.20560768582138494,874.5809091261511,0.6824799431468651,0.4912880909784415,0.38148173670943875,187.59109243450516,3.3125
890,S0291,0.487349545909054,0.0,0,0.0,0.0,4.0,576.7274276934662,87.45935286949916,0.1640292927367684,857.7846460278503,0.6660682189746607,0.4550375727713326,0.33519269426574216,198.31743931090242,3.5
891,S0244,0.487341047429796,0.0,0,0.0,0.0,4.0,691.0618888810465,93.43049989576643,0.13543915738781245,866.5217243568571,0.6266461847600278,0.4517745654423147,0.35809740427398135,185.03711458219738,3.5625
892,S1995,0.4872101873667511,0.0,0,0.0,0.0,4.0,881.1329122540345,109.6627843055748,0.16563205297697356,877.0035564353478,0.6407139571545748,0.4976836083484675,0.3670553342822201,183.3685265572933,3.4375
893,S0665,0.48720394136168615,0.0,0,0.0,0.0,4.0,825.3907811448128,118.92109411005364,0.16575615306354322,840.3491615903264,0.5969297836899188,0.4381702246932036,0.2811792346296013,189.54377286108445,3.5625
894,S1668,0.48717772906648255,0.0,0,0.0,0.0,4.0,915.2031739312214,86.62015618030688,0.16539142844666416,877.6528584586727,0.6716049186374703,0.5085867604982487,0.3739147651022835,186.6753153524931,3.5625
895,S1342,0.4871098867111184,0.0,0,0.0,0.0,4.0,767.3366574927805,94.24592038490337,0.15313081138975077,860.4402461458759,0.6680353799049408,0.46528469783764403,0.3488546861281393,184.94752103265523,3.5625
896,S1585,0.487099601315803,0.0,0,0.0,0.0,4.0,779.417623793711,94.76807382731498,0.14811130069831083,870.3933747423879,0.6547959790670348,0.4629321446546417,0.3450641084420751,188.26891971670443,3.6875
897,S1919,0.48709122339094485,0.0,0,0.0,0.0,4.0,782.4399686379018,93.41699832245027,0.16873680765564067,874.401388300534,0.6622303351269976,0.5206376050334287,0.3610642105509397,189.33892956767627,3.4375
898,S1927,0.4869553472506531,0.0,0,0.0,0.0,4.0,954.4265897193702,97.41380379141796,0.17299353104817342,889.2644380464875,0.6820674040976659,0.49977750783705127,0.4205953218903187,186.23993853027588,3.6875
899,S0594,0.48686371272593043,0.0,0,0.0,0.0,4.0,797.0042829186857,95.89113345111372,0.14053918953813008,857.6760809330933,0.6039914348890315,0.4426545358025276,0.3450912979644031,183.04563242598195,3.5
900,S1070,0.48674869515432706,0.0,0,0.0,0.0,4.0,781.4505935913436,97.43421849924441,0.1544222692128073,839.1036163809979,0.6053464661706149,0.4067437677277607,0.29578818134840407,193.32764630169558,3.6875
901,S1577,0.48672506463365,0.0,0,0.0,0.0,4.0,933.3286874875448,113.13291795856308,0.1717638733062919,892.7591938606539,0.7195307012279997,0.5375781998925422,0.37533528168144026,179.1829394778823,3.4375
902,S0329,0.486704457002179,0.0,0,0.0,0.0,4.0,717.156975844999,104.93195097127494,0.15206428839403052,878.1728323833124,0.6954828456312824,0.5023750553495163,0.38279226040449654,180.33020639193057,3.5
903,S1876,0.4864326169824179,0.0,0,0.0,0.0,4.0,863.5969988677839,107.52146882436347,0.17331188451162186,875.5003695911543,0.6353259784726917,0.4887390490589763,0.3579847588362761,192.9305840475148,3.6875
904,S0649,0.4864213901702257,0.0,0,0.0,0.0,4.0,647.2922726841543,90.70276883027941,0.14291380425953137,878.6123596687088,0.675884963506065,0.47522238109899223,0.3728562440676046,188.49197520830788,3.625
905,S1188,0.48640950514895287,0.0,0,0.0,0.0,4.0,833.5245596141693,108.89369713917685,0.17029109837808198,859.7601635030364,0.664221822061631,0.48105023999659247,0.31880201744218,185.48153399612636,3.375
906,S1999,0.48621314716607905,0.0,0,0.0,0.0,4.0,818.0784091141303,97.70432077408762,0.15674160427742803,876.4533521101158,0.6554601360900778,0.4866038187035909,0.3587066146001448,188.03631921460422,3.625
907,S1720,0.4861368803765056,0.0,0,0.0,0.0,4.0,724.5824196580669,89.21364630639886,0.14757576432636965,891.8278742634759,0.7331374529555634,0.533765228503376,0.37511575720320883,182.51476005521636,3.5
908,S1910,0.4860598577806067,0.0,0,0.0,0.0,4.0,674.6582617687708,88.0167194446742,0.15535002955053706,861.2679421738419,0.637319661238312,0.4638604082357817,0.3446232428373721,192.10409392413078,3.4375
909,S0640,0.48602497300793757,0.01,0,0.0,0.0,4.0,1047.93408289688,125.37964676351633,0.205670137835841,911.5942565479019,0.7305626284147536,0.5325286638120023,0.4365031057008287,184.29675638096015,3.3125
910,S1580,0.48601793435058444,0.0,0,0.0,0.0,4.0,753.0440637248975,109.79663499311906,0.14182379344980903,844.2220955300088,0.6067312065232161,0.4526223652466609,0.26585443833529454,182.20260005671082,3.3125
911,S1706,0.4858950720066944,0.0,0,0.0,0.0,4.0,751.0930899665177,87.7721044305269,0.14712626049985114,850.7555349175208,0.6296702574584406,0.45913758978879016,0.3107830736379604,185.57132850070667,3.3125
912,S0742,0.48579767703326576,0.0,0,0.0,0.0,4.0,777.6285638340352,90.08762618400354,0.14961387083219008,887.9958938269482,0.6411838782016658,0.49383323478173374,0.4072637449015399,185.20826250620738,3.4375
913,S1256,0.4857147871127884,0.0,0,0.0,0.0,4.0,737.6411151998756,110.35045013159532,0.1735033107990554,872.2275468412279,0.69627714153828,0.4986524646296706,0.3503403708870794,189.77734540055397,3.5625
914,S1213,0.4855349530001809,0.0,0,0.0,0.0,4.0,811.2246354751095,95.06798647317186,0.16564901823037814,894.487500073662,0.7435687988437711,0.5106418678093996,0.40314438005845793,182.47959881443208,3.375
915,S0540,0.4855088803937765,0.0,0,0.0,0.0,4.0,930.6129555443447,103.28990848324284,0.1694219476430756,891.1180787275198,0.6764404292728671,0.47967653975761154,0.391593223951145,186.19714376235373,3.5
916,S1982,0.485502864796366,0.0,0,0.0,0.0,4.0,1003.2430025818269,106.28356588286526,0.18537892719706925,887.6051066615524,0.7077504902716157,0.5395291325058996,0.38416680921549906,184.9328825769736,3.5625
917,S0428,0.4851345838854657,0.0,0,0.0,0.0,4.0,650.2066484939049,85.61799254196711,0.1466960273203664,879.0967483593365,0.71246715057353,0.4898232396844687,0.35251534222786174,187.45077491513706,3.4375
918,S1193,0.4851123955870572,0.0,0,0.0,0.0,4.0,833.7807229312814,99.39674993982847,0.15477684859198193,901.0918632406997,0.6737897231218958,0.5256539624411584,0.410354185566134,183.27683665527357,3.5
919,S1888,0.48509324233705636,0.0,0,0.0,0.0,4.0,939.3295467379942,103.25193262922994,0.1451562192212283,878.6929932428254,0.6441393560681202,0.4778573024256448,0.35208035280759087,178.7470306898047,3.5
920,S1042,0.4850061381024335,0.0,0,0.0,0.0,4.0,964.3187675705309,107.98085636170927,0.1760029069170694,847.3093770939746,0.6169846684473566,0.4506587748343347,0.3104100359771415,185.7814495996359,3.3125
921,S1508,0.4849427260764028,0.0,0,0.0,0.0,4.0,626.4881172380807,73.03193895914424,0.1428406989278079,880.4701523797943,0.6513250667031718,0.5040442742110821,0.3894383114129405,194.5553924138578,3.6875
922,S0372,0.48482337279482757,0.0,0,0.0,0.0,4.0,796.2330730756233,98.00655746424617,0.15435401965460555,868.8038481938,0.6433705603190055,0.4803640124730005,0.3523339219146004,183.2829062277781,3.3125
923,S0436,0.48453685653239986,0.0,0,0.0,0.0,4.0,825.1803178915808,107.24832692436932,0.16570649501139242,882.1273124384865,0.660936619646532,0.4751313870300236,0.37768838489387313,189.46897887521857,3.625
924,S1399,0.48451775509064765,0.0,0,0.0,0.0,4.0,610.7963424774424,93.48150492512929,0.14101104418757776,866.92840793237,0.6658961224375516,0.4670787972725381,0.38255484607430607,179.66950283474318,3.1875
925,S1716,0.4843608846490609,0.0,0,0.0,0.0,4.0,770.7617264972358,100.1902507687697,0.15409576617345416,848.0910570549789,0.6435442464884094,0.44449546092732983,0.3143011305827861,185.4215096476996,3.4375
926,S1153,0.4843345569856805,0.0,0,0.0,0.0,4.0,799.8387124919753,102.66384897044831,0.1745199266283556,878.7802607612201,0.7100716958308368,0.5134331340854724,0.34692122358253297,188.8544821649955,3.4375
927,S0767,0.4843104252812479,0.0,0,0.0,0.0,4.0,898.6816560113753,102.85694035806078,0.15095842976788612,873.0309600660395,0.6637280929157579,0.46350007557280665,0.34312621296003165,181.39426984329285,3.5
928,S1681,0.48426766048398673,0.0,0,0.0,0.0,4.0,913.7454524451088,97.65755221660535,0.14738914621355775,892.7326522714268,0.6729745419668436,0.5186836369208095,0.3892377250421886,176.54459916207497,3.375
929,S1218,0.48426147218563503,0.0,0,0.0,0.0,4.0,757.9606022704434,95.46632496654033,0.13587263846051928,872.1862474928618,0.662088263697797,0.47773438038476645,0.36044218440683096,177.8194304755117,3.375
930,S0860,0.4840862792370581,0.0,0,0.0,0.0,4.0,678.3405289531615,87.68259659762779,0.12627990042867066,852.0912729942645,0.5904918073581713,0.4234711072862934,0.3106052121424174,188.18518053858043,3.5
931,S1695,0.4839735574356041,0.0,0,0.0,0.0,4.0,700.3111892939936,105.61755765025397,0.14056573057366387,862.4350945216682,0.6188710275135622,0.4508319935255547,0.3441193279690232,185.2959817555358,3.5625
932,S0333,0.483901505780142,0.0,0,0.0,0.0,4.0,771.0900686284582,96.00418154906623,0.1521788021364247,868.4331240309989,0.6319560196519294,0.4788851325793859,0.3400386971275296,189.58195651787773,3.5625
933,S0053,0.48380826525168846,0.0,0,0.0,0.0,4.0,889.1713865091459,101.01507952922879,0.16556742953106496,841.9931153174839,0.5914815762393099,0.43219230866677466,0.3121863857233388,188.31476810253716,3.375
934,S1514,0.4836174407264137,0.0,0,0.0,0.0,4.0,787.6604925413124,110.13398401654962,0.14812592732362517,844.2375566486829,0.5990930447250169,0.4372243661009511,0.30891678817630336,182.3237208974384,3.375
935,S0873,0.48352370986778226,0.0,0,0.0,0.0,4.0,799.7819872715215,112.66866412766922,0.17133295607226662,854.5568984402145,0.6137072230247994,0.44685001569056143,0.3480801249878852,191.05199607933284,3.5625
936,S0801,0.48334359161851237,0.0,0,0.0,0.0,4.0,922.7873133482555,108.1477369638387,0.1439980950459861,893.0571955414033,0.6881163050254968,0.49489241043349724,0.40996605663905716,172.72349983428535,3.5
937,S1308,0.4832905491670364,0.0,0,0.0,0.0,4.0,902.6866610094103,90.03112475851208,0.16814695424076068,898.5518457577693,0.7821174570709877,0.5563617431624078,0.38424363318838006,182.72696934085184,3.5625
938,S0300,0.4832087636822974,0.0,0,0.0,0.0,4.0,880.7341601951923,97.6731101611582,0.16555791982469142,883.3476136960197,0.6638798933950282,0.5157151000872013,0.35291456739913957,187.7462358066036,3.4375
939,S0810,0.4830584322470876,0.0,0,0.0,0.0,4.0,773.8346574709482,112.12796497140533,0.1559257983961549,855.8000175249181,0.5815303803231808,0.42894066055040786,0.354512348639908,187.9529250965985,3.5
940,S1844,0.48285721848459984,0.0,0,0.0,0.0,4.0,778.9645717074964,98.77962866579097,0.1578302231005473,861.3669851203787,0.6534682466177527,0.4869181832195794,0.35798805272321205,183.76954054036966,3.4375
941,S1529,0.48282372009598795,0.0,0,0.0,0.0,4.0,898.9710178462444,109.93751949583984,0.160710054014333,861.6074363106459,0.6040189538796048,0.4578517941090821,0.3363706048285829,188.98718538698947,3.6875
942,S0168,0.48280262447887345,0.0,0,0.0,0.0,4.0,754.2889311820965,98.00955447946959,0.14834383460656572,870.6212825158985,0.666025213493758,0.48212334026836623,0.342361409931928,186.017174467623,3.5625
943,S1721,0.48280064216685287,0.0,0,0.0,0.0,4.0,700.4963380252519,91.13603581916145,0.14725764600639246,863.2519536536712,0.6472160284002189,0.47763503308962657,0.33392694942426726,190.67435870583793,3.625
944,S0089,0.4827741180673102,0.0,0,0.0,0.0,4.0,805.8699239274695,96.67045516413768,0.1541401218286226,870.1279985687128,0.6785389652498235,0.5147996580783001,0.33393832441534305,184.0384818979148,3.5
945,S1891,0.4826968236079774,0.0,0,0.0,0.0,4.0,684.2021960634873,94.6130074120187,0.14864725404378223,853.2151115362886,0.6070448018775682,0.42054760007176906,0.35161853792116754,190.92194414381234,3.5
946,S1093,0.4825085384966757,0.0,0,0.0,0.0,4.0,791.8608557155771,96.75432073979053,0.15435703589135147,846.6036342390331,0.6190257479779595,0.4515443446553738,0.28831206961581896,191.57195164234582,3.5625
947,S0085,0.4824426442587011,0.0,0,0.0,0.0,4.0,714.8621111129495,80.93822752725215,0.15704463881152778,861.6629355281162,0.6839266106924268,0.4818866529027966,0.3524404415440607,190.1212559612137,3.5
948,S0580,0.48233845592703367,0.0,0,0.0,0.0,4.0,634.3247226709192,75.71547433550467,0.14530564593131368,875.5236456297188,0.6983929571460492,0.5108230912845004,0.3622503795428337,189.7661331627155,3.5
949,S1207,0.48232535620581435,0.0,0,0.0,0.0,4.0,885.6489211416703,105.63771926168761,0.17248148942165403,899.7284108189676,0.7086044852423794,0.5542173268020145,0.3967534786031808,186.61629237169424,3.625
950,S1495,0.48228357998452026,0.0,0,0.0,0.0,4.0,747.708668211851,90.57866180760564,0.13648648130249397,872.4285575954367,0.653881803090393,0.48812701515216156,0.3467923916741792,183.26655288617906,3.5
951,S0994,0.4822046338227417,0.0,0,0.0,0.0,4.0,705.5375749424032,96.81345432207499,0.1348644845309517,855.6050324950083,0.6554639273445109,0.44767060000428993,0.3269600759430031,182.8907348534584,3.5625
952,S1539,0.4821945922707424,0.0,0,0.0,0.0,4.0,587.4881342617848,78.94433523061161,0.13701746396763298,871.2221882060496,0.6773568144143696,0.46000177534712794,0.3730534563751896,190.30898322214193,3.5625
953,S1743,0.4821884602635023,0.0,0,0.0,0.0,4.0,749.9869226284007,106.10942179981734,0.16298656948400822,874.3706456243431,0.6108429177606977,0.4836114624958372,0.3649744623979453,192.28722566063732,3.5
954,S0106,0.48216183034479754,0.0,0,0.0,0.0,4.0,819.6836145691886,100.50521098049522,0.15399030626501525,910.1889863815425,0.7800519606941848,0.5676933527392565,0.38220753225961424,177.53048786435127,3.375
955,S1717,0.48214070288059513,0.0,0,0.0,0.0,4.0,908.0543600720966,114.54016404202983,0.16268721079798706,870.2318314018946,0.6637053176986356,0.5023084312968753,0.36345786903950256,177.8422551757006,3.4375
956,S1329,0.48211662466272154,0.0,0,0.0,0.0,4.0,909.6450663066612,110.49631452844176,0.17711170314799632,873.2514670072976,0.6591298226083208,0.47147081333714985,0.3787338692629746,183.55866348986228,3.25
957,S1748,0.48210135360965395,0.0,0,0.0,0.0,4.0,752.8645745161017,101.68773777980356,0.15555589207954915,849.2461377665873,0.599475698599657,0.45877856125175487,0.3107553032477072,192.78550131262435,3.625
958,S1226,0.48208146305240385,0.0,0,0.0,0.0,4.0,881.5289097000665,126.30665997156973,0.1828396802748818,863.658153647245,0.6607188704910859,0.4847160112550633,0.35033883761805606,186.69252549140998,3.5625
959,S1674,0.4820706957610394,0.0,0,0.0,0.0,4.0,886.6129767741172,108.89861806382982,0.1651692887542671,873.9243522950835,0.6132242051278751,0.4812455329289926,0.3818257223637843,188.8396197293598,3.6875
960,S1766,0.4820526455929666,0.0,0,0.0,0.0,4.0,789.9400500278947,113.3258439040873,0.13841269445882365,865.6768085434552,0.6202895562261062,0.4657363403149384,0.3356925693681929,179.69057956222795,3.5
961,S0868,0.482029106585124,0.0,0,0.0,0.0,4.0,794.6889785943948,101.6480558811835,0.17151729830150736,886.4521407734478,0.7279672899180445,0.5153729266504471,0.37269537056191665,189.68476789207006,3.625
962,S1013,0.4817483536090539,0.0,0,0.0,0.0,4.0,787.8398052961472,110.09692530491932,0.1764250209799361,870.4264784163983,0.6937140837612396,0.5020301403884218,0.33326714983954536,190.52370072410528,3.5
963,S1008,0.48161312853538696,0.0,0,0.0,0.0,4.0,903.9730072041642,104.69524626204077,0.15291888155414818,847.369199668979,0.6717332607870934,0.448909123129799,0.3248305403603256,175.6946098620356,3.375
964,S1216,0.481612825647069,0.0,0,0.0,0.0,4.0,794.7647774585986,98.2859030762323,0.15619207553759137,891.8501817633539,0.7383030548924107,0.5098284187501687,0.3956791091746826,181.3741534976251,3.5
965,S1722,0.4815935744383144,0.0,0,0.0,0.0,4.0,816.7447379606749,102.10780814817043,0.15722810001729176,865.6263251482004,0.6487985768677416,0.47613695749793356,0.31033836264799414,189.09593190898022,3.5
966,S0610,0.48153803817217333,0.0,0,0.0,0.0,4.0,628.2064924535503,99.78794059189948,0.1497317998604071,859.8830471039828,0.6250494345595142,0.44809324484070456,0.34560271409443627,193.63006228920182,3.625
967,S1817,0.48152222711768977,0.0,0,0.0,0.0,4.0,720.4188304289659,96.55177076460484,0.13745207497289685,875.6974388566016,0.7128680275553952,0.5191188767419144,0.3206528245382988,178.8809997093038,3.375
968,S1686,0.48150580329584425,0.0,0,0.0,0.0,4.0,677.324187102081,103.2067890155693,0.13767457883259418,862.562597499806,0.6038110033278097,0.4499255038194376,0.35029873674390755,185.91573764441273,3.5
969,S0105,0.4813543568777421,0.0,0,0.0,0.0,4.0,912.9143202221021,100.46409099945262,0.1644734260674132,893.5063007850204,0.703597543022416,0.5356196250440727,0.3808686593586229,182.207703234079,3.4375
970,S1022,0.4813468234632997,0.0,0,0.0,0.0,4.0,1090.3570848311585,114.56412451193478,0.16984580071591085,860.6515330800639,0.6694344570882866,0.49139004999941016,0.29847990793024154,176.91409522123504,3.3125
971,S1383,0.4813071968171475,0.0,0,0.0,0.0,4.0,834.8575035391622,110.93588728595071,0.16446894165368603,854.3675144597092,0.6480709789770884,0.4474078808649917,0.3232625204896576,184.00677387029344,3.3125
972,S0311,0.4812036313983255,0.0,0,0.0,0.0,4.0,719.617796312204,93.32769677773757,0.15905393610906146,868.7322228269641,0.652449650168453,0.4616307510686728,0.36205159186128166,191.26746277611736,3.4375
973,S0781,0.4811039187622414,0.0,0,0.0,0.0,4.0,841.5410722761351,121.58717131946068,0.16420503900723782,858.558487940552,0.6380541542239113,0.4638934714687832,0.3191811270722368,186.87902176774878,3.625
974,S1112,0.481077884585053,0.0,0,0.0,0.0,4.0,914.4331391194754,101.20982281695552,0.17976665435894443,905.8568583232278,0.7436625254069308,0.5622327923600033,0.3859841048360585,191.9726920189969,3.75
975,S1991,0.4810263979924778,0.0,0,0.0,0.0,4.0,797.4132885018769,98.72531766430893,0.1721933840436307,885.5256663926762,0.759496292259964,0.5074339627168802,0.38418997626375256,188.7490649420145,3.6875
976,S1127,0.48096956618176523,0.0,0,0.0,0.0,4.0,711.5736208178425,94.6759008631785,0.14305237891411246,864.7000864946765,0.6157406894686089,0.4482182851783218,0.37077520437500194,188.0709708122503,3.5625
977,S0100,0.4809507274947187,0.0,0,0.0,0.0,4.0,794.8981799410603,102.81332163130028,0.1746272134722004,889.7082655595979,0.6726328857133209,0.5205498951645824,0.3946782199507049,191.7101947686875,3.5
978,S1978,0.4808109811256931,0.0,0,0.0,0.0,4.0,721.27022176815,109.25673207803152,0.15445350058262738,852.8327597235964,0.653301584663684,0.4301155508799072,0.3193693942322223,185.7770882363422,3.375
979,S0338,0.4807439764301576,0.0,0,0.0,0.0,4.0,766.3738240331529,89.65600540824781,0.15195789711323646,877.5543521557216,0.7226441163683179,0.5046361875486948,0.36996424473321465,182.9089854644107,3.5
980,S1298,0.48068112498641546,0.0,0,0.0,0.0,4.0,737.5656769669393,106.35135544074936,0.1527207798847787,835.3417921003554,0.5748224806584649,0.40943624041519494,0.30346430710893063,190.2780815676445,3.4375
981,S0507,0.4806662434639407,0.0,0,0.0,0.0,4.0,758.9959710737589,96.04047548764058,0.17902141498588578,890.3800706559912,0.7736736376928212,0.5253290472057417,0.3890020566976643,189.03877714761333,3.4375
982,S1026,0.4806443052342295,0.0,0,0.0,0.0,4.0,748.4704454096016,98.85008628405339,0.1648373390229575,866.7540509325371,0.6561176484967597,0.4551603553040413,0.3849529605247295,186.97395572800798,3.3125
983,S0304,0.4806291331834801,0.0,0,0.0,0.0,4.0,752.4558124316067,101.0586555691786,0.16468876331379081,867.1622530733981,0.7060633280553505,0.48493482845858815,0.3494710065831739,188.89767745457056,3.625
984,S1199,0.4805064403300879,0.0,0,0.0,0.0,4.0,914.7872746423045,108.95498645471356,0.1606895651388532,882.0284426739804,0.6599016834907826,0.4878952419702836,0.389342756935516,181.29340620057442,3.5
985,S0575,0.48043403135137486,0.0,0,0.0,0.0,4.0,700.1316588737578,93.64869301763765,0.15634044329237926,860.5650968376402,0.6502557470818444,0.4908640924827899,0.33350792067693047,191.83041980952817,3.5625
986,S1476,0.4804036195419882,0.0,0,0.0,0.0,4.0,776.3661305553994,100.45203015008346,0.1571305520499627,858.0868525885154,0.6232883957807538,0.46025994787282,0.33571207669418723,188.6304645034767,3.4375
987,S1977,0.480299183431916,0.0,0,0.0,0.0,4.0,598.1766105720186,85.73058426203646,0.1283629264440083,872.6995724906448,0.6712191927312025,0.4891954811956136,0.3502345258118776,185.54268150337603,3.5
988,S1705,0.48019698366840236,0.0,0,0.0,0.0,4.0,907.4096926468467,116.73075917404131,0.1658853342981623,880.7437515551574,0.6873188507662628,0.4965598370330148,0.37836837698964754,179.1266731998,3.4375
989,S0644,0.4801864786383963,0.0,0,0.0,0.0,4.0,1016.58645427233,95.56886267368286,0.192780468820432,897.0397022616056,0.7489379312533941,0.5458944454668012,0.38255852613963404,186.8391730974865,3.25
990,S0964,0.4801314687681526,0.0,0,0.0,0.0,4.0,742.3999094857843,103.29367344867273,0.16945615974835035,885.903571544545,0.7521001935308337,0.5227433172713257,0.37404038360351205,186.4176234488376,3.5
991,S1651,0.48002267618804306,0.0,0,0.0,0.0,4.0,903.8998908765979,104.82942256196895,0.1733864856300789,880.6728402136848,0.7071163559587388,0.5101747901119701,0.3604175828371248,184.00059562333425,3.375
992,S1967,0.47985357943701695,0.0,0,0.0,0.0,4.0,874.1925980893215,116.35934929089653,0.1689689874523134,903.0061013157244,0.701939768013055,0.5533657768746234,0.40125059885669534,182.55999277054636,3.5
993,S1346,0.4795754193206892,0.0,0,0.0,0.0,4.0,760.7779214834966,95.17942012045569,0.1547236312936579,870.3133205454171,0.6765567064773388,0.5066226114647845,0.34226696256601274,185.91982905172165,3.4375
994,S0874,0.4794498809213739,0.0,0,0.0,0.0,4.0,845.9616385574061,92.00227306383647,0.15066779717811687,869.5417843374119,0.6723313909218313,0.48699500130507245,0.3635707656507555,182.31145847086987,3.5
995,S0500,0.4793911783707571,0.0,0,0.0,0.0,4.0,637.8810510132421,92.92874662585255,0.1379914305311786,853.4865117443254,0.6014800473643174,0.42453814264007284,0.32722993178289683,190.33087334560702,3.375
996,S1536,0.4793652338784784,0.0,0,0.0,0.0,4.0,653.7555676495409,96.0317452652976,0.1582499753750577,855.7687957968765,0.6291473153177327,0.4768712797984109,0.3275887677250325,194.6999131470854,3.5
997,S0981,0.4792423068565726,0.0,0,0.0,0.0,4.0,791.8764597667305,107.34076662173445,0.14941902848489977,852.5015330103262,0.6537553625397033,0.45895960262083263,0.32036319720718853,180.36349552692275,3.375
998,S1454,0.4792134669762638,0.0,0,0.0,0.0,4.0,627.5777418458118,84.17828798584841,0.14529312069839637,860.5306421471587,0.663072678215185,0.47935187340518665,0.33703863299027675,191.1506235432481,3.5
999,S1831,0.4792005117749997,0.0,0,0.0,0.0,4.0,791.2165217828474,116.69089560199367,0.17475898710582496,895.4856290553118,0.736354586596716,0.533928037631828,0.3798854466994998,188.2388388690938,3.625
1000,S1120,0.47918933128286445,0.0,0,0.0,0.0,4.0,816.0850170239001,105.81750076785423,0.15870187426647916,882.8705763481656,0.6745291690694061,0.4915292486567719,0.36937867800094926,186.63033857200955,3.5625
1001,S0444,0.47898873731768177,0.0,0,0.0,0.0,4.0,682.6308344367371,95.68222718956038,0.1416191127145503,865.2576102128631,0.6301221581534869,0.4778769884752519,0.34067815374307675,188.98508059600238,3.5625
1002,S1233,0.47890625205682186,0.0,0,0.0,0.0,4.0,692.3468883092282,98.79052023085447,0.14355598968446934,858.9458642668467,0.6319089431276829,0.448897869512949,0.34660568839797856,185.11095548385805,3.375
1003,S1864,0.47880422897129754,0.0,0,0.0,0.0,4.0,753.9114764513255,95.10942588905277,0.14834214583492686,886.5836773116043,0.7155844080909052,0.5107926943690267,0.41153966575022505,177.16483183036465,3.3125
1004,S1915,0.4787108758054395,0.0,0,0.0,0.0,4.0,830.2238449367028,97.63128397842786,0.1799338331286309,867.1086049045559,0.6843376338032556,0.5020118847668592,0.3736191058264239,188.76380625195208,3.375
1005,S1239,0.4786711334840698,0.0,0,0.0,0.0,4.0,635.1229407472164,101.41236557818911,0.1393733019331928,853.3362234049214,0.6240174847329378,0.43628140481632877,0.3267405692570641,188.37218303540715,3.5
1006,S0736,0.47856306156579714,0.0,0,0.0,0.0,4.0,980.7207888727996,102.34440756176011,0.1387555340194334,899.2449246711659,0.6882163870634405,0.5103607537016015,0.398684346073951,175.88549056913214,3.6875
1007,S0922,0.47847579545193386,0.0,0,0.0,0.0,4.0,852.649869767279,110.4966017986922,0.17243157459985464,909.0537053254906,0.702580196309945,0.5432548136572544,0.4323628445912325,180.75313516709264,3.125
1008,S0432,0.4783318352532459,0.0,0,0.0,0.0,4.0,781.0791745371246,90.37839836324494,0.14044641367959906,881.8851953112253,0.6953233298575504,0.5241695647343048,0.34603883164024296,179.7302680301093,3.3125
1009,S0576,0.47826545823039557,0.0,0,0.0,0.0,4.0,720.9121991618603,95.02508689294137,0.15998173894581283,854.9009580127681,0.6678991726355799,0.46016733333288634,0.352955028334057,186.17197300545368,3.3125
1010,S0683,0.4782321134746479,0.0,0,0.0,0.0,4.0,729.8238295461204,103.13604784018764,0.15171812488655462,855.4060260233674,0.6678622906302434,0.46441179893693607,0.3104750557982376,187.87648225237012,3.5625
1011,S0793,0.47819113854924455,0.0,0,0.0,0.0,4.0,810.6135835337448,111.38564128870996,0.1595765403700389,864.2856051874601,0.6447804540218974,0.4680923027687952,0.33403685521125503,188.71509195579145,3.625
1012,S0332,0.4781753809995295,0.0,0,0.0,0.0,4.0,949.9967908613638,107.30976444483595,0.16528575065959902,900.8108685048576,0.6874111039626192,0.5261979784151181,0.39285621114734326,181.07606557047214,3.3125
1013,S0188,0.47816566608869554,0.0,0,0.0,0.0,4.0,1111.8560239657143,109.59580304942162,0.1753549432318168,908.7974416752621,0.7468870159249864,0.5336268341746697,0.4259405223810888,175.1865091919752,3.375
1014,S1653,0.4780655360362132,0.0,0,0.0,0.0,4.0,814.0730994809908,91.25863993584446,0.14534937015388688,882.5626349523965,0.6498076260726826,0.5001955232085596,0.3946254993555483,182.46410165878478,3.4375
1015,S0956,0.47800399017058837,0.0,0,0.0,0.0,4.0,964.8789285709136,105.33216080071037,0.19427517177870043,899.6941496106731,0.7344738196761759,0.5371342465351606,0.4061633023739208,192.9099074064714,3.625
1016,S1773,0.47798651073819426,0.0,0,0.0,0.0,4.0,915.1429786809132,108.59093130350794,0.15224468410633668,858.7581662870347,0.6277732668844668,0.463956983165977,0.3327625057374265,181.178576827114,3.5
1017,S0843,0.4779560598422837,0.0,0,0.0,0.0,4.0,710.0275568350709,89.79058030001892,0.14135541499756213,880.3584473498458,0.7251943021493548,0.5117839996348135,0.3787657229495218,185.34641288183354,3.8125
1018,S0331,0.4779078703210424,0.0,0,0.0,0.0,4.0,750.5015910437511,108.70299928468555,0.1421217432538852,858.2078861117008,0.62342423237671,0.4417083592645098,0.34742797174717,181.85991834613108,3.4375
1019,S1185,0.4777851947874196,0.0,0,0.0,0.0,4.0,940.2831290808692,111.82428421539319,0.16063296391911347,874.0007353840035,0.7230441002691679,0.47131391323582295,0.3658408206631783,174.18345136343774,3.3125
1020,S0446,0.4777814984030047,0.0,0,0.0,0.0,4.0,815.8615263618888,111.69624903328831,0.15763202125429207,855.1411160678366,0.6095698483798832,0.4754544083937701,0.30448941283979053,187.59207788019074,3.4375
1021,S0139,0.4777404688388554,0.0,0,0.0,0.0,4.0,842.0452643325852,107.02419814075415,0.16149587379497263,862.2386646958802,0.6372505394195523,0.46656321648664517,0.32876630585889005,188.3903159500859,3.5
1022,S1023,0.4777128984288442,0.0,0,0.0,0.0,4.0,628.1003826766264,99.23140919755951,0.14829826089357462,854.3628836995999,0.639116515885295,0.45434864891486265,0.3291281466464362,190.06355189106125,3.4375
1023,S1746,0.4776892813890454,0.0,0,0.0,0.0,4.0,758.4115244362698,105.17647088595675,0.15711346792992176,873.3696506937956,0.6608609766450174,0.5162357201389203,0.34429643835994567,190.83654137162694,3.75
1024,S0617,0.4775719411528373,0.0,0,0.0,0.0,4.0,844.5730819932611,106.65733057575186,0.16456075280393456,875.1328385510504,0.6972360432798211,0.5076467831525927,0.3191064827158192,186.50679501246094,3.4375
1025,S1713,0.4775357863628985,0.0,0,0.0,0.0,4.0,820.7426595732653,109.61391854177872,0.14609716852242735,863.1164107457499,0.6044590134122345,0.46294795605876,0.34257816577909334,183.75276349133483,3.5
1026,S0798,0.477509683168356,0.0,0,0.0,0.0,4.0,765.8241438376557,91.56672715886768,0.13566045217549028,869.2013326969135,0.6877931373828048,0.47182824553388714,0.3522953518949546,179.4326198285231,3.4375
1027,S1167,0.4774010948883881,0.0,0,0.0,0.0,4.0,777.8452794878101,103.04252201470794,0.17829803116404294,859.8072614693837,0.6886340704332271,0.5030537042673104,0.3527418418575109,188.39650619335714,3.375
1028,S1436,0.477380524258812,0.0,0,0.0,0.0,4.0,829.0535137106019,101.66801166636456,0.16343417705921828,870.5151827717553,0.721179751878139,0.4958579511787068,0.34301241284856226,185.19574871692433,3.5625
1029,S1993,0.47737840871475273,0.0,0,0.0,0.0,4.0,934.3493731488095,97.5207804166775,0.15676596300067872,869.2574760431186,0.6835835035457526,0.48697126599401536,0.36742364498764934,177.86373133773614,3.375
1030,S1331,0.47735991077288065,0.0,0,0.0,0.0,4.0,786.5951100682651,100.93348125746277,0.1814552640157541,865.874285603684,0.7109798490728512,0.4922782853458726,0.3421641814067488,195.5068717308272,3.625
1031,S1079,0.4771145206735638,0.0,0,0.0,0.0,4.0,770.1973296591019,102.86592731737619,0.13976125691155955,852.044738237565,0.6271499573620709,0.4722866501655688,0.2987305932070102,185.7416213799017,3.625
1032,S1318,0.4770070359627752,0.0,0,0.0,0.0,4.0,781.5084054598809,99.51777801701952,0.15457277733531904,848.3510927396567,0.5863817084845996,0.45325841541795864,0.3070730248504556,192.92029914132087,3.5
1033,S1760,0.4769996745346945,0.0,0,0.0,0.0,4.0,795.2671553567017,101.84860622379537,0.14916566817251933,857.2332473356564,0.6981084825098337,0.4392875939574185,0.3482659000594326,180.42578751090014,3.5
1034,S1851,0.47688162013819346,0.0,0,0.0,0.0,4.0,802.5311166912664,97.18364504871226,0.1640739822229705,897.1205840814881,0.6904646966681648,0.5192944034479343,0.4259759445947351,189.33196496146508,3.625
1035,S0060,0.47679155418245966,0.0,0,0.0,0.0,4.0,790.1914112973459,97.84218627830586,0.14307445087769532,885.7367669314934,0.6660157733454373,0.5159389920071635,0.3674026636061984,184.9927614575588,3.625
1036,S1840,0.47676409597186603,0.0,0,0.0,0.0,4.0,784.21863156267,113.36349932781249,0.16633195360227482,895.9346951866836,0.7184254772566253,0.5319390854516223,0.4003730397361337,181.41762440748423,3.3125
1037,S0904,0.47675486995076405,0.0,0,0.0,0.0,4.0,834.7878354599611,95.32109085407279,0.15424451084479748,865.623885048447,0.6722100471708758,0.5105222286809316,0.3263618703132121,185.05699048652204,3.5
1038,S1661,0.476594372830424,0.0,0,0.0,0.0,4.0,965.0642066662593,102.56492933198243,0.15702829294190723,876.8914390082829,0.6751362311617595,0.5159020267544614,0.3401521973345736,181.14099593324178,3.5
1039,S1091,0.47654387815694454,0.0,0,0.0,0.0,4.0,691.7640344034113,102.18688753166947,0.14808148706123656,866.3118477219377,0.639334961192255,0.46701442229913936,0.33388160545312623,192.04128415858446,3.625
1040,S1163,0.47654298735628103,0.0,0,0.0,0.0,4.0,948.8179066206986,115.05087021552538,0.17581558862037083,882.7007019231223,0.6822546697669221,0.4999431414862024,0.37005247584140166,184.60963754681893,3.4375
1041,S0351,0.4765337990118628,0.0,0,0.0,0.0,4.0,817.9062491188912,91.14628566836042,0.17422614742210524,873.5484143502165,0.7031617201466903,0.48816793744475556,0.36580647730122534,188.1791342435266,3.1875
1042,S0307,0.47652804809898436,0.0,0,0.0,0.0,4.0,735.508439064892,107.6199501154126,0.1640710239634701,891.1473482343948,0.7086131488116921,0.5342154130973256,0.3587214558574358,190.40510754953777,3.5625
1043,S1066,0.4764880390502159,0.0,0,0.0,0.0,4.0,698.1259931010884,92.66651039323202,0.15284382336505412,854.7927086708185,0.638178663444532,0.45485221928425684,0.3290404225613208,191.69592971902017,3.4375
1044,S1249,0.47646256480795285,0.0,0,0.0,0.0,4.0,902.2551474425817,105.710954282518,0.16589465915533538,846.6302698186429,0.6039041842012157,0.4576270274104273,0.31795215084283324,187.89478059511546,3.4375
1045,S0820,0.476440319362477,0.0,0,0.0,0.0,4.0,834.7699987200303,103.16078077556797,0.1729734765440827,874.6091556181419,0.6732928766214757,0.5013103511894923,0.3638188631074256,188.4420343020876,3.375
1046,S1776,0.4764143959860938,0.0,0,0.0,0.0,4.0,810.5950510402969,95.49178524398853,0.1441330827994545,855.0519094930082,0.6330543494589961,0.4627261690041335,0.3282748003939239,186.25033636714974,3.625
1047,S0090,0.47638404189021377,0.0,0,0.0,0.0,4.0,819.4960443549777,102.55080411700852,0.16646349987597564,879.4968625282023,0.6782628954351773,0.499879749730672,0.3735524481722593,187.40719108843766,3.4375
1048,S1186,0.47630787747455955,0.0,0,0.0,0.0,4.0,970.6187031599724,108.8445129742716,0.1610645884179216,871.5981752097972,0.6493180719050893,0.46872031826497623,0.38728594938200867,179.81371021347684,3.5
1049,S0216,0.47629651735124,0.0,0,0.0,0.0,4.0,817.3250349237601,109.035314656988,0.15976829783631788,891.1236771518918,0.7239010655656922,0.5400184458627295,0.367285797075792,181.37640440223575,3.4375
1050,S0257,0.4762581475701013,0.0,0,0.0,0.0,4.0,906.2698631880316,102.35625843621011,0.1659925145486728,873.0598650314791,0.6394151832415148,0.4618259536148179,0.347422974193458,191.89112130411579,3.5625
1051,S0458,0.47623712502799465,0.0,0,0.0,0.0,4.0,820.1097000810051,101.90323506888335,0.1387695177706776,849.0682456665985,0.6418913337566391,0.44082428909591415,0.2883825309170228,182.22995078639016,3.4375
1052,S0830,0.4761348116487527,0.0,0,0.0,0.0,4.0,841.9290567601804,110.6211326118273,0.15359725575734662,873.1990421843377,0.6777649532794787,0.4876886795635915,0.36100023429966444,179.4668855863327,3.4375
1053,S1317,0.47607038104253113,0.0,0,0.0,0.0,4.0,585.4162270324422,80.19801082945034,0.14052387017585535,858.2696156123833,0.6395888352230906,0.45676123261038903,0.33942422622898705,195.01900093867732,3.5
1054,S0422,0.47604719326967804,0.0,0,0.0,0.0,4.0,851.7155370699426,102.62989071913393,0.1535768489891017,888.4109056129097,0.712990204847222,0.5351818503418033,0.37728690036786267,180.57699229383158,3.5625
1055,S1968,0.4758756071283833,0.0,0,0.0,0.0,4.0,719.615566316671,102.69676751697587,0.14710161158942855,861.5963217178768,0.657444855835058,0.47254603224345926,0.32764458088349757,186.4066313414039,3.5
1056,S0104,0.47576987394122433,0.0,0,0.0,0.0,4.0,742.9868297820993,103.61584726711303,0.16422429464203853,853.9948817021608,0.6764289744961599,0.4497420412000114,0.3351189967709281,190.63929338840623,3.5625
1057,S1151,0.4757322257697898,0.0,0,0.0,0.0,4.0,947.3201678253971,104.18535652639065,0.1605568242821146,899.1767644427072,0.6707258324780092,0.5189592150963018,0.3956883016424102,183.2155067642617,3.4375
1058,S0657,0.4757213882843795,0.0,0,0.0,0.0,4.0,829.4629520149115,95.59384306521721,0.14785592801083758,854.0952700431847,0.6183792254012701,0.44930737714519803,0.3286069500059024,182.50822957248315,3.1875
1059,S1321,0.4757120829516525,0.0,0,0.0,0.0,4.0,832.0928183806155,108.27798956906157,0.1614995928929788,871.7922533584483,0.674299643458862,0.48936182625291674,0.3574764388574101,182.9183463704058,3.375
1060,S1600,0.4757071193106677,0.0,0,0.0,0.0,4.0,935.5514601983064,99.86548132916909,0.16317149858990304,907.1808848760068,0.7339229945585369,0.5446232258479832,0.4237668145596885,176.38445362582152,3.1875
1061,S1323,0.47565510907747405,0.0,0,0.0,0.0,4.0,814.0389589182039,86.5743682941276,0.1531412032073167,874.5272143891206,0.6621988658119057,0.49711686682973444,0.36298168963646216,188.36609824409635,3.5
1062,S1427,0.47559411191232875,0.0,0,0.0,0.0,4.0,840.9792642734643,115.179531701124,0.16967069487292774,861.3064764997741,0.6965217174790063,0.48065169920053613,0.33545203522838124,183.38121611572387,3.4375
1063,S0982,0.47533326561533346,0.0,0,0.0,0.0,4.0,712.3360189304512,104.86890685767179,0.14991980909776623,874.2594709020826,0.6544562195190683,0.4831116545160171,0.3605591701088663,185.46047172798566,3.375
1064,S0522,0.4753138941990555,0.0,0,0.0,0.0,4.0,832.2697166642238,95.35814381910097,0.1537067188131913,879.9543606951073,0.6838467183294633,0.48500125857826365,0.3807813496377537,185.51001362220993,3.5625
1065,S1669,0.47520844111464,0.0,0,0.0,0.0,4.0,800.5911392923921,96.40017103751173,0.1487895585339875,897.1093157724373,0.6950892198826603,0.5386564886511097,0.4083218574389439,180.19957188648792,3.375
1066,S1779,0.47518581143874883,0.0,0,0.0,0.0,4.0,836.8741550331268,113.79538901763588,0.15023448789674648,892.6280954132887,0.6473261601579203,0.48642457352100554,0.40647585857860735,180.23438943423423,3.375
1067,S0632,0.47515948992905793,0.0,0,0.0,0.0,4.0,677.8040833218471,95.6839958843654,0.16108257497113448,858.0213611937794,0.6802625073346306,0.47011530208235724,0.344847641656532,190.73872405741542,3.4375
1068,S1064,0.47511020148391436,0.0,0,0.0,0.0,4.0,1004.5972650601398,115.54500120473541,0.18013916243386893,878.154894741736,0.6995595677114761,0.47846037387989454,0.3916100880724703,182.50755567381344,3.5
1069,S0668,0.47509343635868867,0.0,0,0.0,0.0,4.0,678.2704146404229,93.3737114229981,0.13311707235843526,847.30269945141,0.6140367061033298,0.45802319699020694,0.3082965101474446,187.18721515552267,3.5
1070,S0712,0.4750787078006005,0.0,0,0.0,0.0,4.0,881.5845476032003,109.49371070399367,0.1667449500770386,868.2274518731203,0.6512240279689602,0.48661584592241885,0.33975445109745117,188.5843821515741,3.5625
1071,S1986,0.4750386795734354,0.0,0,0.0,0.0,4.0,694.2335126471812,82.1785415115042,0.14006776727140408,875.1370949526113,0.7107184199838132,0.5061950087808849,0.3574418184212687,186.22889645847502,3.5625
1072,S1757,0.474992414996745,0.0,0,0.0,0.0,4.0,843.686454421024,102.08041221693566,0.15242397283896278,870.6559777351204,0.6875832461879409,0.47823530502700545,0.3444344329650468,182.01440428558348,3.4375
1073,S0896,0.4749182030758078,0.0,0,0.0,0.0,4.0,1115.6347884544855,120.96947619053873,0.16246450893017345,907.2209144790129,0.6747498341292907,0.5171340398091057,0.4281193945968644,172.19776615538586,3.3125
1074,S1415,0.47484323776725895,0.0,0,0.0,0.0,4.0,955.1033658800732,94.89464404135722,0.16554823431312207,873.7878139134089,0.6828002828751529,0.4898894455889035,0.3867360053304289,181.36781369573384,3.375
1075,S0443,0.4747764571184587,0.0,0,0.0,0.0,4.0,740.2757453506013,103.82193054513237,0.16107085190467615,887.5693817949399,0.7171803322308193,0.4953749649714183,0.40609925970102234,189.46004018279228,3.75
1076,S1900,0.47476088442650144,0.0,0,0.0,0.0,4.0,701.0908593780717,107.95755144822849,0.1330333788171995,852.974954065384,0.6001038373150712,0.4630727763334731,0.29390967610513424,186.22814223548028,3.5
1077,S1909,0.47464381967563507,0.0,0,0.0,0.0,4.0,885.401115939559,104.9141384865681,0.1617906049537721,872.8001650004312,0.6925586641023092,0.5100047418907446,0.3642542783751868,182.2873317664644,3.5625
1078,S0022,0.4745762380327219,0.0,0,0.0,0.0,4.0,1051.4456428994401,102.96514119438612,0.1695113963311286,880.0956738343322,0.6093860918665808,0.4975045057041284,0.3852943205639165,188.34202872929498,3.625
1079,S0482,0.4745211508132771,0.0,0,0.0,0.0,4.0,914.4792476354875,102.53916921846823,0.15843885755112092,856.6389769019454,0.6569066484627095,0.4505572723292515,0.3264435548735224,185.6939236205714,3.5625
1080,S0272,0.4742946733811838,0.0,0,0.0,0.0,4.0,756.08728590675,94.25601991651746,0.14089198464582534,867.1654273096947,0.656435821954401,0.48813579153098474,0.3402488980256464,184.7302572858589,3.5
1081,S0474,0.47422520756569153,0.0,0,0.0,0.0,4.0,859.4166120250732,101.72068056202232,0.14611759453319026,867.5467334785893,0.671950142869228,0.4784965562536257,0.34862409113519627,182.83750727680462,3.6875
1082,S0677,0.47419220340142965,0.0,0,0.0,0.0,4.0,713.5287959575965,90.8188115748071,0.15546188827810342,876.1655050130723,0.6717070902744509,0.48450226582228817,0.3835736162011362,193.62163622014248,3.6875
1083,S1174,0.4741704860081539,0.0,0,0.0,0.0,4.0,860.5544145460736,117.26033554142904,0.16866570311214457,868.9726977856395,0.6630383109053343,0.48215207270992155,0.35660819913921166,184.47748129034534,3.4375
1084,S1505,0.4739608505733805,0.0,0,0.0,0.0,4.0,893.9189401533235,111.13322961118108,0.16365115085083523,861.427565701351,0.670358329128123,0.4843980875646605,0.3378896900039908,181.9378653472737,3.4375
1085,S0265,0.47366660431335095,0.0,0,0.0,0.0,4.0,934.5437590741944,105.37906353071827,0.15909111214072238,863.8409211979813,0.633665579719414,0.45402711559335324,0.3440911578767254,184.64213938753986,3.4375
1086,S1726,0.47361208747414113,0.0,0,0.0,0.0,4.0,952.9525125803689,102.79906021089668,0.17479856794454474,897.7882200374163,0.7422003974542863,0.5267188653761549,0.3921515261709531,186.20196488772547,3.5625
1087,S1084,0.4735636974924644,0.0,0,0.0,0.0,4.0,938.0297637035895,102.3339004880981,0.1607366059710999,903.0566317103942,0.7524675171516175,0.5237278025309832,0.3989595990783225,178.53566035666665,3.375
1088,S1774,0.47346581072431737,0.0,0,0.0,0.0,4.0,800.6059075280418,92.41011597528147,0.14952997315268068,883.6103753091533,0.65898148131114,0.4832710200909553,0.38275293362333435,185.20400885728998,3.3125
1089,S1281,0.4734406219046219,0.0,0,0.0,0.0,4.0,887.7667865139451,102.49610956942158,0.1618282342430519,876.9092944222182,0.6609940751476889,0.46715939952046254,0.3884619319096676,182.15750814229207,3.25
1090,S1025,0.4732584877448751,0.0,0,0.0,0.0,4.0,883.6517357834826,97.49341032094455,0.14957463100302673,854.8569786732011,0.59532995107494,0.4824606887299969,0.2971935956692596,192.03200412581182,3.6875
1091,S0041,0.47303485998375666,0.0,0,0.0,0.0,4.0,728.1992550201188,90.64919866122366,0.14861727872036837,844.7471615728282,0.6833656867331732,0.46067094241131207,0.31309444285390703,186.45531870560137,3.5
1092,S0945,0.4730175336912602,0.0,0,0.0,0.0,4.0,876.6233978421919,107.09982803953085,0.15954494903631988,850.9013054059603,0.6360525043695174,0.43497618339207855,0.31271101959570563,188.00248099132577,3.5
1093,S0739,0.4729596962474786,0.0,0,0.0,0.0,4.0,774.6214674049047,91.27911246958823,0.15114288919903365,873.9131843548075,0.6834195736765125,0.49777227866091306,0.3405634522391543,187.70160389192282,3.4375
1094,S0796,0.4727109291896084,0.0,0,0.0,0.0,4.0,888.7274099243197,113.3127897735031,0.1594952044687024,889.6583317019948,0.6970365786597653,0.516985265382095,0.4064435318647103,177.84474630280238,3.4375
1095,S1785,0.4724133853526653,0.0,0,0.0,0.0,4.0,745.1946017745445,99.79890567756397,0.13449364111744075,871.7073975995665,0.6564204791561666,0.4983950082576021,0.3421993478446485,178.5565265936509,3.25
1096,S0424,0.4723369759070376,0.0,0,0.0,0.0,4.0,902.3107313333409,91.82028009244185,0.1474689035155561,889.9072803726705,0.7076013374815695,0.5153180349028768,0.4211665650022412,174.63200854713247,3.3125
1097,S1534,0.4721580572913531,0.0,0,0.0,0.0,4.0,787.0532217491074,88.44627502582597,0.14503793324574685,870.2045896882744,0.6611480298905313,0.4899719846537818,0.33929671241048226,186.93107892785218,3.4375
1098,S1796,0.472151897515429,0.0,0,0.0,0.0,4.0,928.7334948451014,113.47835949209977,0.17299028641910338,886.881486786897,0.7473719287139805,0.5370095081590609,0.3580144222209262,180.30573107317414,3.375
1099,S0628,0.47200573330038076,0.0,0,0.0,0.0,4.0,812.2451477771756,109.60390027716244,0.14906428139977798,860.6278492622629,0.5888034440787699,0.42532872321174026,0.34000143706893077,189.64831922246506,3.5
1100,S1349,0.4719534618799203,0.0,0,0.0,0.0,4.0,804.2451503997179,111.43268584850749,0.15101435549306833,862.5068471383938,0.6710379069996109,0.4907986430000264,0.3232936479135394,183.30443404590775,3.5625
1101,S1166,0.4719341143369678,0.0,0,0.0,0.0,4.0,933.4232037442232,111.01771146023995,0.1591605468116765,871.3439409426776,0.6673793513802504,0.49961376872319213,0.3408446811647628,178.3612241350615,3.25
1102,S0839,0.47189286883611486,0.0,0,0.0,0.0,4.0,787.4094279419623,111.34730773328903,0.14637716868406733,864.5006605772056,0.6382198761416044,0.46914784653368513,0.35099023669685186,183.58683240721209,3.5625
1103,S0034,0.47177411265643077,0.0,0,0.0,0.0,4.0,764.9861120119491,100.3206090476653,0.13530998516921278,844.4159694298156,0.5962227158560249,0.45759447429496725,0.30743873386123505,182.06764548256947,3.3125
1104,S1456,0.47174999594921285,0.0,0,0.0,0.0,4.0,796.475003542858,96.96975041773956,0.14541913179442506,868.1512454271336,0.6912716850666442,0.4637170236337913,0.33538485055138195,184.5512755460455,3.5
1105,S0885,0.471714974866307,0.0,0,0.0,0.0,4.0,558.2003389191153,87.92944198402134,0.12920904731253197,851.7000384916139,0.7001745508209329,0.45798318696556284,0.31989047894775763,186.08033584595825,3.5
1106,S0310,0.47168322064166146,0.0,0,0.0,0.0,4.0,1103.3035557423661,110.36003231908408,0.19828749275481808,915.0111606193112,0.8085570003241181,0.5811738267786071,0.4254962621873659,183.03800147094324,3.4375
1107,S0191,0.4714610548777071,0.0,0,0.0,0.0,4.0,786.9442903039392,96.87042118892641,0.14275699640200915,851.7275217962938,0.687907548638241,0.4653326169714972,0.3092055603731934,184.20224614262193,3.625
1108,S1542,0.4714478924700245,0.0,0,0.0,0.0,4.0,852.4227232350013,96.48855310022878,0.15597087236151233,879.9658705187193,0.6600445880162734,0.4875580209978177,0.37325586957731843,188.68724057306414,3.5625
1109,S1933,0.47140306715369396,0.0,0,0.0,0.0,4.0,988.5560048035072,97.3803075612067,0.16106173469583276,870.0958704524568,0.6625062880524623,0.5019596941562977,0.36085000554272845,181.59267062335766,3.4375
1110,S0968,0.4713843259550542,0.0,0,0.0,0.0,4.0,1114.8544881847151,108.67819210355053,0.1850116454364915,905.3451387853105,0.733773880792319,0.5561133571987126,0.3902730963010057,184.7573962684442,3.5
1111,S0738,0.4712091851377798,0.0,0,0.0,0.0,4.0,685.5138445499003,93.74202276099591,0.13107435448880272,873.1756271363621,0.6366744441577811,0.4636064169318419,0.37571452124420385,187.36805749012896,3.625
1112,S1874,0.4711511202948033,0.0,0,0.0,0.0,4.0,860.7534129930394,98.97452427702757,0.16363792991481643,854.3118786462325,0.6383809993952433,0.44760292778587374,0.3324846603523207,191.02310737426853,3.5
1113,S1509,0.4711029353242542,0.0,0,0.0,0.0,4.0,877.7125779055438,111.821759842396,0.17199895942101728,907.3283786420989,0.7548662222775769,0.5504117308885889,0.4234516273994394,183.6658520967141,3.5625
1114,S0484,0.4710926180344989,0.0,0,0.0,0.0,4.0,924.5412382914025,115.13937510370167,0.16869475287145483,848.1929101941766,0.6131862202733382,0.4361628831647116,0.30682725784106796,191.2563828453757,3.5625
1115,S0537,0.470992008201289,0.0,0,0.0,0.0,4.0,1125.0054621914885,108.90113198749532,0.17611292962034567,911.9981711552228,0.7367132518548377,0.5330744623101897,0.42261803446128976,181.5953789746535,3.5625
1116,S1797,0.4709086291849264,0.0,0,0.0,0.0,4.0,936.820929921542,100.66931628224893,0.16906752610236084,856.1398697831196,0.6292990061414805,0.45075972130490466,0.3437463774623028,190.22603865369604,3.5
1117,S1761,0.47083748932707237,0.0,0,0.0,0.0,4.0,731.8611273743828,98.45305937817062,0.14395753265099268,864.0637124707149,0.6599134582887145,0.47392061891457155,0.34268299632239546,186.9797066237344,3.5625
1118,S0082,0.47067874489795547,0.0,0,0.0,0.0,4.0,872.0565308029419,102.11680893334082,0.16640173682327788,864.5249026905034,0.6488279869254951,0.4733532639892032,0.34839058112923826,194.00527802351087,3.75
1119,S0864,0.4705864633271791,0.0,0,0.0,0.0,4.0,979.8812371904437,106.27726644073012,0.18064801766492236,907.9302952083416,0.7806186344201398,0.5682209722647646,0.39635162550296754,181.76670977550054,3.3125
1120,S0805,0.4705516353059576,0.0,0,0.0,0.0,4.0,833.2951766546256,100.13792014056347,0.15178732313777887,875.795434304252,0.6508228096763199,0.4856794238632342,0.3765422524230775,185.25218250617388,3.5
1121,S0399,0.4704879696793544,0.0,0,0.0,0.0,4.0,795.7020130829487,114.27140851580364,0.15762243822792527,868.5233103255144,0.6249883678604187,0.470195237618072,0.3574591734696715,186.12718763871192,3.375
1122,S1582,0.4704711063548781,0.0,0,0.0,0.0,4.0,758.5558386050132,102.52267019275772,0.15505742138401937,873.896884935181,0.6535480649720208,0.482298963535611,0.3523420211759704,189.45251285888062,3.4375
1123,S0113,0.4704681460309155,0.0,0,0.0,0.0,4.0,933.0474981694118,111.51653592552577,0.1738161956369959,904.1683360680217,0.7644081305637304,0.5212282820419764,0.4124163999547389,181.01063921099004,3.375
1124,S0949,0.470456323764557,0.0,0,0.0,0.0,4.0,1001.6971946212451,94.36243802750603,0.16703194334795143,914.3901211362538,0.7294873541073637,0.571082563338345,0.40994761960382925,188.95507378034375,3.75
1125,S1101,0.470403497656012,0.0,0,0.0,0.0,4.0,804.7700716723219,87.84233904367653,0.14976868091069268,883.2587233225898,0.7220877625564472,0.4847698827014455,0.39405656153003543,186.9842391058621,3.6875
1126,S1629,0.4703172387118212,0.0,0,0.0,0.0,4.0,901.8968182279518,123.03602526690196,0.17212501322145501,864.8183002856664,0.6389920122868818,0.46636833952841217,0.3143001589695196,193.6673203981597,3.6875
1127,S1328,0.4702484635408506,0.0,0,0.0,0.0,4.0,676.1572643349582,94.10459076404217,0.1510583032233975,887.3313322851692,0.7381150599913261,0.5399851395201748,0.3640187572586278,187.2904785810487,3.5
1128,S1247,0.47016909281081776,0.0,0,0.0,0.0,4.0,760.7307014106112,108.84830209659751,0.1449780972428703,881.4393064688068,0.6826272592189363,0.5094115250618559,0.3425530344292448,183.893961203991,3.5
1129,S0920,0.47010581934530804,0.0,0,0.0,0.0,4.0,779.7371652314251,108.21248007734852,0.16015579409289873,870.6672428929596,0.6596003830222144,0.48805937791295056,0.3641838363708181,188.54348912314074,3.5625
1130,S0225,0.47007787249453076,0.0,0,0.0,0.0,4.0,818.4720878414139,99.55492283012146,0.12802354125563692,849.3992149105156,0.6231359768570066,0.4536890137323333,0.28356603562106475,180.72695728193648,3.375
1131,S0875,0.46992297638307207,0.0,0,0.0,0.0,4.0,794.2059764785894,99.29396319625451,0.1659310425741937,896.0126274824686,0.7567823539031038,0.5283959367706919,0.39914704213836366,186.5234647880473,3.5
1132,S0024,0.4697925605753603,0.0,0,0.0,0.0,4.0,885.3222667588094,106.25446054716939,0.1499062358735134,871.2006446164012,0.6388453867469889,0.48990133719767354,0.3510078642896497,182.15178333175896,3.4375
1133,S0377,0.46977415531347383,0.0,0,0.0,0.0,4.0,936.9210873250787,111.14133346004515,0.17874510401869964,864.2641668742018,0.677570756853572,0.47991291597766483,0.35375331338797067,185.99516842273468,3.375
1134,S1368,0.46976623280463015,0.0,0,0.0,0.0,4.0,677.8086081198219,94.17161879087962,0.16553554841219933,872.980562828491,0.7430353515600224,0.4990676500028647,0.3465652707572753,191.20961608474755,3.375
1135,S1994,0.4697637684829182,0.0,0,0.0,0.0,4.0,921.9445133108563,96.0563790596616,0.1375282252846695,875.2991982558632,0.6664695576961202,0.4889413214853722,0.3461165432101902,178.30394295538528,3.4375
1136,S0267,0.46971811155598797,0.0,0,0.0,0.0,4.0,901.6172621549823,93.80971799141349,0.14807295420685157,849.0173912270465,0.6197534157695215,0.47825333239157086,0.31389478061498166,184.0105032411432,3.4375
1137,S1899,0.46971314663219427,0.0,0,0.0,0.0,4.0,924.9936492705816,107.93410650690979,0.1573312119205271,843.8736704427213,0.6102078044394966,0.4197459698649609,0.3245492589256766,184.13316664571406,3.375
1138,S1570,0.46957027180740385,0.0,0,0.0,0.0,4.0,740.770300216033,108.59672432045687,0.13673692352151612,878.0062889877732,0.6367501074634259,0.49153156236531387,0.3471115372612738,182.7424702769015,3.375
1139,S1289,0.46950553243290166,0.0,0,0.0,0.0,4.0,702.4205967256227,94.57885723679284,0.14760196587351493,869.7743701417406,0.7513623095541788,0.48476930230570636,0.34944452013381017,180.1091143266669,3.25
1140,S1107,0.46947242384275667,0.0,0,0.0,0.0,4.0,781.1403422507427,100.0597974074642,0.14767166156886816,892.3345006845458,0.7233295996725536,0.5171736007077566,0.40730857217519933,179.63872196784018,3.4375
1141,S1622,0.46938975954170836,0.0,0,0.0,0.0,4.0,869.767681417836,106.60097123288995,0.16646463967177852,851.7906413111363,0.629664107817882,0.46833821097276285,0.32425181693297106,188.99244848009457,3.4375
1142,S1985,0.4693533724679757,0.0,0,0.0,0.0,4.0,719.430298215452,99.12931172821068,0.1602532624617507,865.1261236699468,0.6940587560184193,0.4883248843973426,0.35013088947040677,187.7922940839737,3.375
1143,S0919,0.4691972340165826,0.0,0,0.0,0.0,4.0,783.4688581582188,114.38941798932011,0.16814692154140776,868.479991509926,0.665932745864719,0.4787518635288597,0.35849089648047777,188.56072427067977,3.4375
1144,S1036,0.4691821856865203,0.0,0,0.0,0.0,4.0,821.1325526486183,91.33976486862002,0.1558057978454767,917.0441242035149,0.7271500059385296,0.5537393455143397,0.40469715236544324,191.98673259420568,3.625
1145,S0117,0.4690880059680192,0.0,0,0.0,0.0,4.0,917.6873229255891,99.19586918980129,0.1497632885930043,903.8879390525005,0.733290036864442,0.5003705192040402,0.40160537468823415,180.94149348548063,3.5
1146,S1552,0.46899486445033056,0.0,0,0.0,0.0,4.0,949.0946379557437,123.24145668312163,0.17205352217314127,897.7288441339357,0.690524404613723,0.49533610237091835,0.4243600851289508,180.8620874623865,3.375
1147,S0292,0.4689942315491801,0.0,0,0.0,0.0,4.0,755.7731901114189,104.87594209972079,0.14721226824062889,872.0244695794439,0.7291704316644438,0.5048434782833419,0.3440660189381023,178.79081523012812,3.375
1148,S1028,0.4689676359431478,0.0,0,0.0,0.0,4.0,735.4159702805881,108.84231291977513,0.14519523535213183,849.5115925478053,0.5725299709564124,0.44376642797500376,0.2905804514289515,195.18932291187065,3.5625
1149,S0718,0.4689645427408069,0.0,0,0.0,0.0,4.0,891.9940313273594,102.04772368907999,0.1481590788500231,858.0416631317204,0.6215945596704768,0.45679227581865145,0.33599595870327115,183.62306760844353,3.4375
1150,S1253,0.46889403374003524,0.0,0,0.0,0.0,4.0,639.9059439489009,88.68680854037052,0.13179246760979124,852.9875891356523,0.6335627625013489,0.44414032301271616,0.3518199796284127,187.67010126731768,3.5
1151,S1589,0.46886325188608785,0.0,0,0.0,0.0,4.0,918.8615825701603,108.06165575436813,0.15335549789879488,864.7000028344273,0.6354393608306474,0.4751538668526749,0.35526495247050766,181.14623778953353,3.4375
1152,S1330,0.46858456785090047,0.0,0,0.0,0.0,4.0,858.127131973218,95.55876660276705,0.14734543985516527,886.4993318651481,0.7139857477004596,0.5249584502759654,0.3356047365915413,181.55711222267436,3.3125
1153,S1904,0.46854483435216343,0.0,0,0.0,0.0,4.0,906.2752395112847,93.72129576415222,0.1627568427171559,890.4489223986175,0.6916138288104278,0.5080216193705864,0.40321082219958504,187.84545688830897,3.5625
1154,S0898,0.4685379423854635,0.0,0,0.0,0.0,4.0,745.9105515936348,83.36353208404967,0.14032226889925695,879.2900968764802,0.666887315908006,0.4866631228250408,0.3550600492009616,188.64690868671082,3.375
1155,S1592,0.46853283570281085,0.0,0,0.0,0.0,4.0,802.2056815675083,87.71737487976118,0.13432392949329705,869.9475265253202,0.6561595727543575,0.48585165699672933,0.35249341812449186,186.35386272631837,3.6875
1156,S1055,0.4685032832124315,0.0,0,0.0,0.0,4.0,769.8905352215661,95.08086425914769,0.14822720403161077,878.5349732597907,0.666132912838795,0.49119275568850246,0.347936931044995,188.9341356024101,3.4375
1157,S1439,0.46837024268040406,0.0,0,0.0,0.0,4.0,959.4980484100629,97.60080348861752,0.1706801469212421,872.5901365386981,0.6488019640382519,0.47488311097790276,0.35596153150415755,190.0939314373943,3.375
1158,S1934,0.46825493658671946,0.0,0,0.0,0.0,4.0,888.1404343188166,103.85494191761057,0.17125942854491136,899.4007806223299,0.7439429851517242,0.5214812344399378,0.4011505399454806,186.77707374444765,3.5
1159,S1926,0.46822140943589247,0.0,0,0.0,0.0,4.0,655.0492078290207,94.27531995563854,0.15910180484190603,868.2170935878959,0.7149709351748034,0.48135399428093634,0.3492662297425082,194.03919628164067,3.5625
1160,S0427,0.46822015566674413,0.0,0,0.0,0.0,4.0,839.0362877894507,106.3782385906307,0.17989026258234378,864.4023255914998,0.7061803689736105,0.5122023829110575,0.3205504550682942,192.86196988044807,3.5
1161,S0524,0.46820933246697205,0.0,0,0.0,0.0,4.0,890.616638044593,97.88194038461515,0.1355998668467989,887.3584371840878,0.7117194167422285,0.5192551865027578,0.344370365848335,179.8040083256595,3.625
1162,S0126,0.46816307965343934,0.0,0,0.0,0.0,4.0,1162.5809966532536,120.48762695584287,0.18798841144369394,873.3562965570641,0.6338839098974478,0.48911484213505535,0.36837303327765664,185.4715768879814,3.4375
1163,S1292,0.4681474007878986,0.0,0,0.0,0.0,4.0,889.1341806960882,99.29231704230034,0.1562279212497357,863.1408836110791,0.636910543360425,0.4680329800939138,0.3472463562496836,186.40876135653525,3.4375
1164,S1504,0.46812139662598845,0.0,0,0.0,0.0,4.0,722.9578304059503,94.80463146364909,0.13503434091872363,851.7808036732267,0.6604379889999611,0.45662372604853024,0.30935454584972694,186.40816254823463,3.5625
1165,S0283,0.46807818399267903,0.0,0,0.0,0.0,4.0,976.9797741604208,110.95021888111143,0.1562606660977472,905.0846621282273,0.7087984568299734,0.514759585264937,0.4277593344865386,177.02111511488718,3.4375
1166,S1896,0.468028048070018,0.0,0,0.0,0.0,4.0,743.6753928537561,95.33910841459081,0.15252610245676637,873.259745636863,0.6580935196394724,0.4593038396175726,0.38252275773223837,191.40275451899095,3.5625
1167,S0368,0.46800387939155763,0.0,0,0.0,0.0,4.0,874.3361076763332,102.03087261482236,0.15379549418203592,857.113404197872,0.6098479819235346,0.4678671841268052,0.33107841035358576,189.2142089211811,3.5625
1168,S0074,0.46799041704856004,0.0,0,0.0,0.0,4.0,828.5607544125854,101.1424610844063,0.1473264805369452,883.2908650537565,0.6643066978842038,0.5009630541485555,0.3571650341586812,183.19192281866495,3.3125
1169,S1685,0.4678434872988767,0.0,0,0.0,0.0,4.0,963.7084994113115,108.33075285350617,0.15422016952094206,891.6566993972286,0.6552667391628826,0.5163573236171128,0.37500814633303553,180.0999757176624,3.3125
1170,S1877,0.4678264049349606,0.0,0,0.0,0.0,4.0,910.2529499421302,118.89536643169757,0.14820907093304145,874.2609778162689,0.6574242580198414,0.4959227897171545,0.3601121953147909,174.61976679354365,3.3125
1171,S1801,0.46771207430460826,0.0,0,0.0,0.0,4.0,734.4765413878067,87.33587161439965,0.13374465693589108,865.4927824820023,0.6377245323747301,0.47366149270357194,0.34969359846291026,187.12270283785008,3.5
1172,S1555,0.467619380921656,0.0,0,0.0,0.0,4.0,769.6722238018218,92.5779609291375,0.13708065578058168,883.0446612470078,0.6757516078600672,0.48269729025385993,0.3834097598849075,183.07412406067854,3.4375
1173,S1684,0.4674581445834589,0.0,0,0.0,0.0,4.0,897.7669899269786,104.49422689569046,0.1370933126672497,878.4890080904239,0.6443727939377994,0.4827145883649723,0.3928888751338823,175.11187860826269,3.375
1174,S1159,0.4674072607536796,0.0,0,0.0,0.0,4.0,808.9789692309312,95.0472966725697,0.13857120359515904,853.6865257943151,0.6275961780444222,0.45652912540462715,0.2991199719542168,187.9196491788607,3.5
1175,S0525,0.46736166233969023,0.0,0,0.0,0.0,4.0,866.8418939742869,110.52660142601789,0.15899038489666847,853.8474933420619,0.6591240104182139,0.4627512095985584,0.32441959654178315,186.83458244129707,3.625
1176,S0234,0.46729914794609084,0.0,0,0.0,0.0,4.0,967.2559144435028,105.82251925347218,0.15957321065627297,865.2304191019678,0.6137827288189565,0.4475858290937639,0.3659496916984076,186.31252030463844,3.5
1177,S0492,0.467295884773557,0.0,0,0.0,0.0,4.0,848.0070999783667,94.30832669051303,0.14199829633347177,891.2458627507103,0.6779677095673954,0.5061255015779806,0.39574356306964087,181.60137477014646,3.4375
1178,S0723,0.46728577895633844,0.0,0,0.0,0.0,4.0,838.2395982656844,93.74940159222578,0.14609280401859462,889.1229357448336,0.6903359645967203,0.5120486175994077,0.37817974230204654,182.5638879792755,3.375
1179,S1206,0.4672389975574645,0.0,0,0.0,0.0,4.0,769.3078845251437,102.67953603285328,0.15570785061697331,854.7196073529566,0.6735929728161268,0.45657498839960237,0.32887203665353987,188.13784092051597,3.5
1180,S0770,0.4672357037260975,0.0,0,0.0,0.0,4.0,825.2265891801812,102.29272928815271,0.1541389012300721,885.037136041622,0.6561491575287858,0.5111400750023124,0.391100362626364,188.07058368357653,3.625
1181,S1938,0.46715985104844476,0.0,0,0.0,0.0,4.0,833.6138927402027,99.17708670972198,0.14704511228950962,892.2447668729794,0.6754394985479159,0.5123020058091329,0.3990393273103557,182.6656045781886,3.4375
1182,S1804,0.46709315333171253,0.0,0,0.0,0.0,4.0,1035.2480621084205,123.6506069616203,0.17140007366952884,881.5514140003249,0.6691951130825862,0.5064064244950147,0.3913663030863309,178.41109637299337,3.4375
1183,S0652,0.46707380430115286,0.0,0,0.0,0.0,4.0,746.9698842842008,101.43751175617214,0.14381965274855793,851.1870464644821,0.6536442211091867,0.43827424791205677,0.33496484744252786,182.7691403701084,3.3125
1184,S0570,0.4670427643349761,0.0,0,0.0,0.0,4.0,763.4422977713807,85.09287026219585,0.14591653498504617,880.7572883040899,0.7430658154145529,0.5261343319435188,0.3639739236582956,180.3562940297547,3.25
1185,S0479,0.46684809809110833,0.0,0,0.0,0.0,4.0,745.2385452339663,99.26710956362746,0.14525129766571526,867.8627949502944,0.690981682095865,0.4712345623712351,0.34484110678021745,187.430926776326,3.625
1186,S1443,0.46681165788119794,0.0,0,0.0,0.0,4.0,943.5039345579648,116.18527684271018,0.14864939533053723,885.5976219909695,0.6243582712095797,0.4891740122409181,0.3917511499879144,178.3539254837764,3.375
1187,S0323,0.4668028880021084,0.0,0,0.0,0.0,4.0,887.4068906902882,101.3864563092363,0.14575728854579545,880.5200608103717,0.62767217998183,0.489889378201539,0.3752767331536039,184.41123852297443,3.5
1188,S1637,0.4666930541825192,0.0,0,0.0,0.0,4.0,1008.5230526585611,119.52382423500443,0.15194752770971234,882.0570889146109,0.724791163068804,0.5221788188335446,0.36642026202797995,168.69577427936085,3.3125
1189,S0055,0.46662767787295406,0.0,0,0.0,0.0,4.0,776.0377379017697,101.63797751992067,0.15380417214397596,882.950274189573,0.6680868279840907,0.4933987422384306,0.37732255809788307,188.8398693975123,3.5
1190,S1406,0.46662462174920644,0.0,0,0.0,0.0,4.0,848.9491869652965,101.61871403656886,0.1400545408358071,871.0466133132406,0.6824970122889769,0.4762185257337252,0.3513050903392621,176.40217206864267,3.25
1191,S1642,0.4666231446500778,0.0,0,0.0,0.0,4.0,1089.5914517406543,118.71926645812832,0.1807833542988634,890.4178427807082,0.6715111370946052,0.5210253898696537,0.3944685422118168,183.15919623452132,3.4375
1192,S1845,0.4666029310235037,0.0,0,0.0,0.0,4.0,885.1259327174524,99.76362268150723,0.14844024054445887,878.1983073840066,0.6824581930347008,0.5079075125683803,0.36029890266823567,185.60646686221776,3.75
1193,S0703,0.4665357153375188,0.0,0,0.0,0.0,4.0,849.5196105613753,125.65183223843448,0.15807915330120648,852.2113768620181,0.5998855764310389,0.4295298955673196,0.3297660990949796,189.09026113964927,3.625
1194,S0407,0.46649851231008527,0.0,0,0.0,0.0,4.0,896.2923404893752,108.82341292353813,0.15305274135502847,893.7134745259143,0.713902701297751,0.5190275068594137,0.388490716214818,177.15659929000856,3.3125
1195,S2000,0.46637780801393497,0.0,0,0.0,0.0,4.0,678.2186220106855,97.13189939896931,0.15246789965251636,889.0718995252433,0.7060761696138634,0.504688036491101,0.3973499360586507,191.60039427604013,3.625
1196,S1612,0.46637186395797664,0.0,0,0.0,0.0,4.0,775.0764384825493,97.36197320486399,0.14051961454447784,889.8201871614087,0.6633122340871325,0.5018904196392932,0.3697831896555142,187.1566593408558,3.5
1197,S1020,0.46627811119456153,0.0,0,0.0,0.0,4.0,692.5025820587907,88.7510378194065,0.13601745544105448,885.4315517694095,0.6711273088843329,0.4894344544686203,0.3908600302599167,184.95335002537124,3.3125
1198,S1724,0.46612084105870016,0.0,0,0.0,0.0,4.0,806.9550698059566,96.35189966023745,0.13841211038781215,883.0858362542475,0.7131370658093378,0.5178387519777337,0.379613518852657,179.3151883878767,3.5625
1199,S1116,0.4660801043467596,0.0,0,0.0,0.0,4.0,831.428739464703,107.31985222916188,0.16089887068262654,879.1402550658694,0.6453192031004277,0.4701137627722386,0.37136651355040123,192.0754350229838,3.5625
1200,S1860,0.4660529821534731,0.0,0,0.0,0.0,4.0,857.5685747357867,117.57897068941742,0.17155832145312566,888.0022991646006,0.747953804645758,0.521522499312196,0.39285785651001454,179.58749401174035,3.3125
1201,S0650,0.46596627644121963,0.0,0,0.0,0.0,4.0,963.1921154078731,102.67010523648297,0.17836932288125223,867.761985859102,0.6705556616463523,0.48933240003206646,0.3469768657969363,186.14827055636167,3.125
1202,S1447,0.4659179289213891,0.0,0,0.0,0.0,4.0,844.6525030288244,106.98160042222962,0.13531252702964042,892.0465440468772,0.683457116322434,0.49008234732694156,0.3981443240662337,175.05149454925876,3.3125
1203,S0050,0.4659012771126266,0.0,0,0.0,0.0,4.0,837.8851751165812,96.05305666727541,0.1595090989603623,875.4206946730251,0.7161190445347236,0.49449039545129664,0.3604728248165027,185.6612098909672,3.4375
1204,S0471,0.46572334571512825,0.0,0,0.0,0.0,4.0,834.4422774166122,98.16013134324272,0.15408139240084215,889.7192367378677,0.735063939910003,0.5136476154579459,0.39565342700948924,178.79374415019348,3.25
1205,S0846,0.4657183461923169,0.0,0,0.0,0.0,4.0,735.4976543004525,96.52911167352866,0.13713105938352546,858.2820301616425,0.7152363226825751,0.4796396785427084,0.32009751466636943,178.69178566461494,3.3125
1206,S1294,0.4656654120974787,0.0,0,0.0,0.0,4.0,846.6580516550574,113.03839494139389,0.14404564737747802,887.3536957164696,0.6420562865015449,0.4971906020885958,0.3739619595432313,181.98608098621258,3.4375
1207,S0348,0.4655187446313666,0.0,0,0.0,0.0,4.0,848.8519465613556,106.36248825683825,0.15500835598985593,866.2575840275954,0.6593920500333554,0.4871668111711367,0.3527805078455823,187.45136389757266,3.6875
1208,S1998,0.46523044323773793,0.0,0,0.0,0.0,4.0,1047.312535577555,114.89529065806622,0.1668860605561153,892.1814238836628,0.6814618024865106,0.4919258054723839,0.40747839676966546,182.81684330089539,3.625
1209,S1513,0.46515576901345335,0.0,0,0.0,0.0,4.0,930.0950884963102,98.39558777002156,0.1667969106791389,905.6667901325824,0.7514709239766407,0.5500958707855783,0.41091090680858544,180.9582028718386,3.25
1210,S1775,0.4649781230759143,0.0,0,0.0,0.0,4.0,724.4823202897112,100.06224184631444,0.1480135427745384,877.5356959242109,0.6963395505127983,0.5064969577714844,0.3649055121484583,185.02103940156266,3.4375
1211,S1313,0.46497431021296987,0.0,0,0.0,0.0,4.0,969.8864491665523,128.2174031267373,0.1735642320761644,850.3923982952882,0.5979552114859261,0.4377252193164442,0.3174269996187889,191.92227212562736,3.625
1212,S0780,0.46487829196448716,0.0,0,0.0,0.0,4.0,1190.1852421475683,114.60854545042261,0.18650931433319476,901.0358316887263,0.6920572395606601,0.5423816648817563,0.3914820453249827,185.55331811874558,3.5
1213,S0287,0.464847621586162,0.0,0,0.0,0.0,4.0,690.7754198235701,94.23893831619392,0.14339873947529402,857.1644013142584,0.6327530836770425,0.46667918218370474,0.34922736073116567,192.09342868517524,3.625
1214,S1531,0.4648416080189364,0.0,0,0.0,0.0,4.0,705.5453815363176,106.8298976958036,0.14053142806664617,854.1616413591452,0.5914672287137717,0.4131017622872286,0.3484473435432097,194.94157890210406,3.75
1215,S0785,0.4648145021682586,0.0,0,0.0,0.0,4.0,945.284340074189,100.9272462950459,0.1634242478125881,855.7989721371813,0.6455694771010825,0.46716478608450585,0.358726775564128,184.2801316856424,3.4375
1216,S1733,0.46478023211176483,0.0,0,0.0,0.0,4.0,845.1532611766797,106.40737535055655,0.16446061583590776,872.4429485649156,0.6423564799135922,0.4897351861844428,0.3752445932577375,190.55227820052062,3.5625
1217,S0274,0.4647682238813164,0.0,0,0.0,0.0,4.0,724.7905275708923,99.00994444372547,0.1422089782942802,851.2728837493252,0.6281401803071909,0.459682390538975,0.3066083408880818,188.5832885392083,3.375
1218,S0662,0.4646882452048637,0.0,0,0.0,0.0,4.0,858.1165951344689,98.68497042760305,0.14187379766022393,852.1297307150875,0.5903153496040979,0.4554772539890502,0.3216734788950787,188.5759066070371,3.5625
1219,S0054,0.4645936828832617,0.0,0,0.0,0.0,4.0,764.053135703176,110.34625829773898,0.1395715669750794,843.8447080749379,0.5836821251947536,0.4164198930051989,0.3056334695718144,187.46904473759054,3.375
1220,S1894,0.4645251721238955,0.0,0,0.0,0.0,4.0,798.3945723869844,103.1674169613499,0.15628586614417875,874.798475736414,0.6569829944533302,0.4694148065472456,0.3671165315516281,189.14291518515398,3.4375
1221,S0755,0.4645200520435262,0.0,0,0.0,0.0,4.0,908.8526062819088,99.47988031953756,0.1502500875897738,857.1611087001824,0.6035610939186842,0.46795372589659956,0.3228844723415134,187.50365379046997,3.4375
1222,S0365,0.46446291060936307,0.0,0,0.0,0.0,4.0,897.4228970738104,122.75795073687385,0.16156094795888035,863.0956762665256,0.6093149751010649,0.4565215457919832,0.3365705651774073,189.0033974198381,3.5625
1223,S1751,0.46424185351889025,0.0,0,0.0,0.0,4.0,919.0724148397472,118.80781031568225,0.15822907879886605,862.5812058283825,0.6138961933713574,0.4853522144105394,0.3282079534610602,184.60913248468202,3.4375
1224,S1709,0.4641619957295232,0.0,0,0.0,0.0,4.0,812.2040122775499,101.75130489400094,0.15310708414604318,902.1677620888923,0.7701426816764332,0.5516226832536059,0.3938328995381672,179.6067802611805,3.375
1225,S1842,0.46416054840408566,0.0,0,0.0,0.0,4.0,858.8072826047506,114.95630679458094,0.13835923603066072,882.734179634961,0.6758004639443027,0.4975081653721155,0.3540572289408878,175.67944995105012,3.3125
1226,S1442,0.4641140674136047,0.0,0,0.0,0.0,4.0,1119.6807598025714,117.06250483023577,0.16763037931241492,877.0260274128619,0.6392399410193977,0.48789011522208153,0.3483161047478185,182.2509176227732,3.4375
1227,S1100,0.4640441534702531,0.0,0,0.0,0.0,4.0,871.9925354855005,108.42557441531534,0.17318979167994178,888.1619845344453,0.6951600502082301,0.5116997052708572,0.3839826073534663,191.45120377329877,3.5625
1228,S1138,0.46398164217754767,0.0,0,0.0,0.0,4.0,1193.5526381695188,124.49680743740706,0.16460191254183068,917.0141711400843,0.7370456857814207,0.5494247170119673,0.4254850830129264,171.4635808333382,3.4375
1229,S0481,0.46391075808531435,0.0,0,0.0,0.0,4.0,954.2975564589153,114.8756008139385,0.1704594561950139,884.9453442836644,0.7039578303935043,0.5072410234704562,0.3669205528965974,183.14563920340055,3.375
1230,S0866,0.46388734703157186,0.0,0,0.0,0.0,4.0,842.1080917216075,88.7778019030344,0.1669752288352331,875.4828733251614,0.7155018689727353,0.5173921312761723,0.33119575299902987,192.0046817276607,3.375
1231,S0023,0.4637960509887012,0.0,0,0.0,0.0,4.0,920.0708609707643,108.79777126013875,0.15053926360973074,888.2837486724266,0.6441399446974261,0.477600019845425,0.38128720737057376,183.18675090728348,3.375
1232,S1345,0.46375840687882197,0.0,0,0.0,0.0,4.0,846.9209479695712,104.44621301039446,0.1581712404725845,880.1403033081976,0.7295176193635846,0.4892752104149134,0.3689631716338578,184.77765529770787,3.5625
1233,S0627,0.46372857633659664,0.0,0,0.0,0.0,4.0,678.235513390884,96.68459997288974,0.14512648117835367,883.4617667464064,0.7271755216097779,0.4944489211703545,0.3940381391890256,183.28808959797644,3.375
1234,S1085,0.46370988120269596,0.0,0,0.0,0.0,4.0,897.0092100312186,105.2465381906018,0.16857336926266678,880.4823504592363,0.6814540206457833,0.4779215959699084,0.3945646922836647,190.21020162117944,3.625
1235,S0190,0.46366205428912866,0.0,0,0.0,0.0,4.0,1040.3753020188542,111.96811661349521,0.16576298328259295,899.1571838168686,0.698007597272963,0.546179076974356,0.3939167307980601,179.05997106115956,3.375
1236,S0502,0.46345095159519245,0.0,0,0.0,0.0,4.0,950.4310256343257,106.64151045273387,0.14732489616479771,851.9565208109375,0.5856927187876981,0.43934256767184676,0.3225539452067901,184.13934786176858,3.375
1237,S0039,0.4632471395006831,0.0,0,0.0,0.0,4.0,819.0755689055817,103.52227489803596,0.14131907265562255,849.3938312612543,0.6074488870150625,0.4556984214306251,0.3002473544537132,190.94831621908915,3.6875
1238,S0996,0.46304930547581064,0.0,0,0.0,0.0,4.0,1097.5627211033593,120.84982718340112,0.16760861199020274,899.1919752084898,0.7467268774590432,0.5101059366438051,0.41353212285070606,173.0973461803637,3.375
1239,S1799,0.4630262084445594,0.0,0,0.0,0.0,4.0,759.5154588690626,95.4502649003513,0.14270337807325947,870.2069154383943,0.64843535375405,0.4642205102879172,0.3496769236074641,188.77534660747074,3.4375
1240,S0445,0.4630172171158633,0.0,0,0.0,0.0,4.0,1050.0750389670657,121.10265607580354,0.1729745244023998,889.4077009117943,0.7147759751312652,0.5014486021623383,0.3891289920956356,179.49945374787856,3.4375
1241,S1972,0.4629112507308779,0.0,0,0.0,0.0,4.0,798.7184390909465,104.46878591305696,0.14227002864810434,894.3117872722952,0.6652591919012826,0.4933610040004604,0.39276696674688966,186.42289439283172,3.5625
1242,S0045,0.46286596418539333,0.0,0,0.0,0.0,4.0,951.0439686447859,105.40263643825517,0.16141816169325282,911.397891624897,0.7403858995742344,0.5404428160251011,0.4448638813130707,179.47069391267507,3.4375
1243,S0411,0.46277853724623624,0.0,0,0.0,0.0,4.0,1042.2890756136717,103.98067475329798,0.15791034645538904,893.361682139613,0.6793378046611157,0.5172966207528205,0.4021022606928647,175.24467132936465,3.125
1244,S1763,0.46271861850388935,0.0,0,0.0,0.0,4.0,695.2442020736736,109.98302220042937,0.1342861616042412,853.4710531380005,0.6163658506404784,0.45334673245891566,0.33340795011078495,183.40741793827485,3.375
1245,S1759,0.462487437032355,0.0,0,0.0,0.0,4.0,880.4357832476765,96.67236578459816,0.14682019030216456,881.6101754137954,0.6678065785965669,0.5263835664800609,0.3690404500897119,182.28446163557078,3.4375
1246,S0177,0.46242813603258076,0.0,0,0.0,0.0,4.0,1092.0859191845796,113.94910157699496,0.1471508616497008,883.0438249342569,0.6696916316156469,0.4961581856440277,0.37237097874019415,168.28730713848168,3.0625
1247,S0380,0.46227352187149034,0.0,0,0.0,0.0,4.0,1006.4090322085034,113.53210681837308,0.17495365712765176,900.7787975720961,0.7397418730872837,0.5400856162512343,0.39611917834634097,182.56126170710655,3.4375
1248,S1754,0.4622568835712456,0.0,0,0.0,0.0,4.0,989.9466128157019,105.60707812817135,0.166233398302184,905.2917437896432,0.7418219257133238,0.5443082344487301,0.4050469111068203,181.5287752358872,3.4375
1249,S1846,0.4621152407230101,0.0,0,0.0,0.0,4.0,1028.16595723123,118.6496537335174,0.16990082481346339,905.7317202909651,0.697772339714297,0.5205030965166569,0.4424424070605957,176.58009797529968,3.1875
1250,S0426,0.4621019783919073,0.0,0,0.0,0.0,4.0,766.2307746783986,106.51646957944021,0.15413148799936596,845.7947074997644,0.6146873989255723,0.4514806540251092,0.29129086891167627,191.56148422601387,3.3125
1251,S0927,0.4619653271398852,0.0,0,0.0,0.0,4.0,1003.6917183008422,114.99934732416361,0.16231361529294763,895.5625645073479,0.7522717302444477,0.5331082603068296,0.3909163703578051,172.40823407264585,3.1875
1252,S0354,0.4619619255663989,0.0,0,0.0,0.0,4.0,1167.7402513910288,124.4089072323307,0.1758373905220989,877.4282608140553,0.723002134287798,0.5006938144958846,0.36266326165620427,172.78274929686697,3.25
1253,S1333,0.4618562892057558,0.0,0,0.0,0.0,4.0,898.5140122674055,106.43379095546057,0.1726937456105659,900.6609006523264,0.7073810222929194,0.5593377985964132,0.3873456751663067,191.20577299282184,3.5625
1254,S1002,0.46176639850840046,0.0,0,0.0,0.0,4.0,749.1886617225166,97.10853611654031,0.13956209168908074,893.239072607481,0.6928316169239973,0.5305006076544222,0.3550208714254153,187.52361629132736,3.5
1255,S0958,0.46171919872528105,0.0,0,0.0,0.0,4.0,900.4278031385604,106.41360411704602,0.1561955321874268,864.1241215758653,0.6321883183962378,0.4897235893789389,0.3537053436069431,180.97196858072297,3.1875
1256,S0156,0.461657997281364,0.0,0,0.0,0.0,4.0,691.3604130571401,98.04911407512151,0.1350032404313017,863.9065817502469,0.6356528509659279,0.4504447651976116,0.3562234639638783,186.42614168700214,3.375
1257,S0153,0.4616161597530511,0.0,0,0.0,0.0,4.0,724.4398895374575,110.84823766513477,0.16083598713089475,876.4460195275557,0.7408070523765942,0.5031463978433318,0.3513210055350974,185.3935309698822,3.375
1258,S0856,0.461504068647434,0.0,0,0.0,0.0,4.0,777.7624877702116,81.97392097948887,0.13946652942424081,900.0120334362446,0.712295379692979,0.5242970866707303,0.4073175191557973,187.83414564104893,3.5625
1259,S1617,0.4614928518438842,0.0,0,0.0,0.0,4.0,861.3510087932755,95.91487877248605,0.15607862523212587,863.9083552563224,0.6864047062870482,0.471126514082101,0.354014868523823,186.42308169402176,3.5
1260,S1537,0.4614362373962241,0.0,0,0.0,0.0,4.0,829.4560147301877,99.27892405205094,0.15307679141884534,898.1456121715886,0.6930605253166463,0.5392411757793453,0.3793727457157144,191.33286585704096,3.6875
1261,S1063,0.46137743167906897,0.0,0,0.0,0.0,4.0,877.1901014546826,110.4418557668468,0.1613485980694414,853.3664619837083,0.629433079490105,0.4398030925703282,0.3136082148273258,189.8327193361627,3.375
1262,S1802,0.46129392979508316,0.0,0,0.0,0.0,4.0,700.5403615253359,98.39836314108909,0.13658363416054717,868.3904791591842,0.6854301918871527,0.4725303612531138,0.34520267626610407,186.70957157021297,3.5625
1263,S1057,0.46129048291857633,0.0,0,0.0,0.0,4.0,972.3912661630907,108.21060630998358,0.15952851960665146,924.457488342968,0.7524571286287837,0.5611816136347157,0.4348495770519786,182.29683485217652,3.5625
1264,S1560,0.4611597387152181,0.0,0,0.0,0.0,4.0,757.6236793524232,80.90774611860023,0.14712084023487837,860.8409129533287,0.6609110608045841,0.48792447118214305,0.32060502218921716,190.58556062661194,3.25
1265,S0655,0.4611242796938464,0.0,0,0.0,0.0,4.0,1030.48955593539,111.7155175554104,0.16141069928104612,894.3396332027207,0.6995636090949536,0.5367784121576047,0.3922178338603899,178.30770034760542,3.4375
1266,S1338,0.46103895722760935,0.0,0,0.0,0.0,4.0,774.990953893097,102.84219458288672,0.14797236753720933,851.6295221794691,0.5981182587937344,0.4480096800737422,0.31453036410647695,193.50114067926745,3.5
1267,S0664,0.460966235485454,0.0,0,0.0,0.0,4.0,793.1205616388032,96.86811883836617,0.15007015619641684,874.4840787328316,0.6231387457149568,0.46688229594989794,0.4014116419705962,189.8649870606154,3.5
1268,S0276,0.4609072765954734,0.0,0,0.0,0.0,4.0,934.7654498791243,99.04972074916529,0.17364534572500687,916.4703055837556,0.7492601446109315,0.568574022692041,0.4303846109556855,192.13404099662992,3.6875
1269,S1792,0.4607284819194454,0.0,0,0.0,0.0,4.0,852.7648545839323,104.1258591570948,0.1543580989097157,864.970252601948,0.6528883988024186,0.47917950139487653,0.3482363170656802,186.87570523383758,3.5
1270,S1966,0.4604803158278379,0.0,0,0.0,0.0,4.0,877.6494105777224,100.76012206289775,0.15155038432798024,866.2281177873473,0.6661816298762726,0.4852777164922583,0.3574659537230308,186.86750028077347,3.6875
1271,S0947,0.4604455645508294,0.0,0,0.0,0.0,4.0,1061.5257032646643,108.90133727142918,0.15931446786475073,901.9944340402487,0.7294309061138908,0.5504058697398414,0.39839365225980744,175.37518133791687,3.375
1272,S0264,0.46041108603259495,0.0,0,0.0,0.0,4.0,851.4826319232667,103.0766251699718,0.15007405840016752,896.0555036181032,0.7203516564037753,0.5299246086899336,0.3779788883349814,186.47503731938778,3.6875
1273,S1437,0.46038481415363375,0.0,0,0.0,0.0,4.0,1110.062754456984,114.64443310078796,0.15561511411748155,861.6040098279774,0.6184242689855849,0.4586432992005143,0.36396453896202263,177.82611311300957,3.5
1274,S1473,0.46033547481560916,0.0,0,0.0,0.0,4.0,920.5795776781323,104.83209290541535,0.16977131758738093,899.1463363388623,0.7356622433869318,0.5348523833143317,0.4034238239857098,188.2478016613245,3.625
1275,S1195,0.4603152361255152,0.0,0,0.0,0.0,4.0,788.8267417519123,97.51615462405134,0.15210126628584755,864.1187709275666,0.6195552095669735,0.48586197263804,0.34640463547747385,190.48836876204868,3.375
1276,S0247,0.46029432856403896,0.0,0,0.0,0.0,4.0,942.9070988133183,99.2234128069268,0.15784245202736594,905.6011641623285,0.7042617283877504,0.5534837338393321,0.38915678267260645,185.34021617276176,3.4375
1277,S0010,0.45989779447747975,0.0,0,0.0,0.0,4.0,803.6732935620067,103.39330678070964,0.14546521939739385,898.4595119051637,0.723534966742295,0.5227140392569881,0.3952674576981063,181.77872974889596,3.4375
1278,S0579,0.4598370487428779,0.0,0,0.0,0.0,4.0,896.40983634223,107.17505860065009,0.14511022547295965,886.3694151312595,0.716801028928737,0.5268432010980618,0.3613071761510184,175.80841764052843,3.3125
1279,S1416,0.45964565129722657,0.0,0,0.0,0.0,4.0,983.719836006391,100.6538909842537,0.17572339921962943,895.1120260774305,0.7127977812608405,0.5476617035233153,0.38814731724365104,188.24875641093757,3.4375
1280,S0437,0.4596068897567801,0.0,0,0.0,0.0,4.0,632.5480609994671,99.57234270065608,0.13483652760363043,865.174313042644,0.6307328254958726,0.46201520143771324,0.34624810746958246,191.71683068953791,3.5
1281,S1165,0.45945875339881803,0.0,0,0.0,0.0,4.0,824.3437072129748,107.71787624093824,0.15357882245407697,885.3340169491162,0.7121567871047217,0.5254691014817867,0.385230426014134,181.16737703407753,3.4375
1282,S1579,0.4594318646491081,0.0,0,0.0,0.0,4.0,961.9977219894109,107.60454683639134,0.15744410402284562,847.3326571180329,0.6064650505798688,0.43659481066158234,0.343772274864596,188.84998263458436,3.6875
1283,S0397,0.45936855594282217,0.0,0,0.0,0.0,4.0,869.5516878460961,116.07441979720062,0.1610914688682455,885.7673339300566,0.7098300532664192,0.4947618837438404,0.40503651617241604,181.74761320034816,3.5
1284,S0726,0.45924011382071916,0.0,0,0.0,0.0,4.0,943.5679518157523,110.1709091689018,0.1642728431618163,908.9793312259496,0.7687012384218217,0.5511767055822009,0.4099881443074009,184.1388783454331,3.6875
1285,S1179,0.45915374285854105,0.0,0,0.0,0.0,4.0,820.287907892371,106.50408766998856,0.1467609263694576,892.4198627419006,0.6817402696391419,0.5114488032850576,0.3955402402288492,181.14857367168878,3.3125
1286,S1376,0.45915155805447533,0.0,0,0.0,0.0,4.0,1212.8808424175913,115.01978922174601,0.17769722317959155,876.1473222014946,0.6263110865340493,0.4982035254155774,0.3653550282417033,181.4206877233223,3.25
1287,S0965,0.45911672443390467,0.0,0,0.0,0.0,4.0,825.4047969196998,103.64698694939318,0.17314518683562546,870.7089698318482,0.7231405430949855,0.4709928241212378,0.3947810044080508,188.02249667773776,3.4375
1288,S1417,0.4591023598588155,0.0,0,0.0,0.0,4.0,963.9452788491956,119.10756547408445,0.1670231730897317,884.5427059875869,0.7066002502641224,0.5070415023038383,0.3834789081076011,179.69216038269306,3.375
1289,S1274,0.459084976270514,0.0,0,0.0,0.0,4.0,798.5293914356465,87.076416885996,0.14037792023347434,879.5782809362076,0.6826024383144668,0.4957296670263183,0.36474429154162696,182.93463990581702,3.1875
1290,S0200,0.4590537513770841,0.0,0,0.0,0.0,4.0,1354.125255019448,124.9372193039784,0.19152385506333844,902.0472295850606,0.6629816107701251,0.5334502305005826,0.4251482738388657,178.52306395148423,3.25
1291,S0148,0.4590234698994267,0.0,0,0.0,0.0,4.0,667.9373557422239,97.86430452902242,0.13455170121336268,861.9216066917858,0.6345437087256937,0.44487154756542935,0.3422579697118873,190.11336109393525,3.4375
1292,S0872,0.4589944713621625,0.0,0,0.0,0.0,4.0,891.8630339682162,102.95069901478084,0.13715413288396272,848.1471671751715,0.6441861335640426,0.43539866284810935,0.3167076140906522,182.32662617770373,3.5625
1293,S1388,0.45897244427174594,0.0,0,0.0,0.0,4.0,1118.085715483926,116.62949260188472,0.17005990964431528,903.1590126291529,0.6916771286076433,0.5294965646836034,0.40833531237350745,181.36814897823254,3.5
1294,S0715,0.45889886695982374,0.0,0,0.0,0.0,4.0,911.9004837900461,92.41369357509765,0.1505528870092355,888.65450616002,0.7253441435534339,0.5373236633043347,0.3616423210551407,182.58395361836222,3.4375
1295,S0400,0.4588069448255062,0.0,0,0.0,0.0,4.0,1004.6086133669874,109.96421775595141,0.17911167012962417,862.2958683161453,0.6392242970290917,0.4549695945934646,0.37134240573622757,189.12150674280363,3.375
1296,S1386,0.4587772818461268,0.0,0,0.0,0.0,4.0,754.175714022661,97.2328253588959,0.13790511966401947,878.5363905824155,0.6934520782835698,0.5049994439821583,0.35198647508410086,184.89812958610074,3.5
1297,S1602,0.4586462030919566,0.0,0,0.0,0.0,4.0,960.2308703497466,107.92844292051203,0.16045580031268153,883.8348190856516,0.6931951272876399,0.5049477150145624,0.3745014225983595,185.3441375096058,3.625
1298,S0852,0.4585939357005711,0.0,0,0.0,0.0,4.0,918.7385090466041,102.46200685789483,0.15165613999933678,861.1483928969931,0.7006896123249274,0.4849526764373184,0.34057865804625814,178.56586159789006,3.375
1299,S0179,0.45855126449380396,0.0,0,0.0,0.0,4.0,894.7792888864286,95.8216197711706,0.16120513284470073,915.7548595356744,0.7711023685877129,0.567197162644194,0.40975364144095877,186.59235581729428,3.5
1300,S0355,0.4584797400593011,0.0,0,0.0,0.0,4.0,881.4630717755646,98.04761890308197,0.14189774412020612,892.9994522632996,0.7239589007959208,0.5000239729757421,0.4164239676069291,177.39072225118167,3.4375
1301,S1384,0.45837642733381556,0.0,0,0.0,0.0,4.0,736.3681530438985,99.69105035987702,0.16643744037366606,866.1285081769696,0.7132481248727353,0.47742019243639483,0.36589945341614494,193.4551053437083,3.5625
1302,S0746,0.4582440167057553,0.0,0,0.0,0.0,4.0,811.5024423747001,107.86823856942678,0.14291250619761928,879.6108537904212,0.6863692504066538,0.5172914992177332,0.37430158082042575,178.48201829238363,3.375
1303,S1936,0.45821586049874,0.0,0,0.0,0.0,4.0,985.0905793337043,107.22795954169922,0.16247708520799126,900.9784002353294,0.7136420394457609,0.537732596348477,0.4011530396751952,181.1269538726577,3.375
1304,S0413,0.4582060810549836,0.0,0,0.0,0.0,4.0,779.6278272945451,98.77227293989002,0.14026625983177657,867.843513148953,0.6393618215227854,0.480004394375068,0.3573873442440234,186.7284350128866,3.5
1305,S0357,0.4581131243311411,0.0,0,0.0,0.0,4.0,1066.8032933417853,124.34052676279377,0.17470404575240328,907.7824626312647,0.6856128317819247,0.5307330517857484,0.4011538244609828,183.85920165265654,3.375
1306,S1652,0.4580048141506335,0.0,0,0.0,0.0,4.0,972.5424608380509,98.85958546860334,0.1434369494599722,868.736768781684,0.6530475576196261,0.4705485408862605,0.3764961433590764,178.44770268982012,3.4375
1307,S0080,0.4579802769551821,0.0,0,0.0,0.0,4.0,1171.637880832396,113.37643567592929,0.15707529698407044,903.4890884860929,0.782499957814255,0.5296220290320466,0.4011743651052253,169.61884020323183,3.4375
1308,S1229,0.45792808884106856,0.0,0,0.0,0.0,4.0,696.9173116267609,87.98090733736888,0.13264648348299385,866.4056458575376,0.6317067258586451,0.46922410882941634,0.36932109053344236,189.68444182742016,3.5
1309,S1202,0.4578552064391877,0.0,0,0.0,0.0,4.0,882.5861274495276,113.89585112663366,0.14197311933173223,872.5989672825556,0.6807432726929278,0.512065007435785,0.3347303494378641,181.40283863187503,3.6875
1310,S0130,0.4578354593250281,0.0,0,0.0,0.0,4.0,819.5715913578059,94.71286216962015,0.13632682510636945,885.3453977644951,0.6862639286451171,0.49163496509086246,0.39463892961446173,180.3184574317661,3.375
1311,S1238,0.45779752285935976,0.0,0,0.0,0.0,4.0,813.3299252777515,104.87670087111007,0.12930142146251894,877.1260245269749,0.6588724126005427,0.4988308216140613,0.36238607692933156,175.96413034341865,3.25
1312,S1435,0.45760732097597073,0.0,0,0.0,0.0,4.0,876.8538508969879,104.23258728019661,0.1174230102507731,872.9770815770376,0.6260055896207105,0.48919835861847133,0.3695866429762005,172.15303472218568,3.3125
1313,S0067,0.45756360353596515,0.0,0,0.0,0.0,4.0,788.6989435959225,118.6301450742669,0.14748680937175235,871.7799131983436,0.639087586536246,0.48353104258419005,0.3855782416038698,183.5414151847127,3.5625
1314,S1353,0.457459707135752,0.0,0,0.0,0.0,4.0,792.8914541311744,104.89574232570644,0.15378535270050622,873.3493048178696,0.6661039824557184,0.4895802017505599,0.37195814947424427,187.7814114571773,3.5
1315,S0464,0.45745929002575353,0.0,0,0.0,0.0,4.0,832.9348306210437,111.38220719800454,0.16025816766727166,857.6557471263816,0.6023303802819265,0.45462356137501475,0.3476095610873783,194.9136561657135,3.625
1316,S0660,0.4573994987515272,0.0,0,0.0,0.0,4.0,783.6282086240644,99.10555398145183,0.13717280508479432,852.1684720808577,0.6266005217680193,0.43565643249677405,0.3369250988998676,187.0082924547756,3.5
1317,S0027,0.45732827114035624,0.0,0,0.0,0.0,4.0,918.0106460832124,102.81973838129484,0.14996856899999,896.4496958994433,0.7058494983556433,0.5136172526819487,0.4016444203921512,178.41096887565635,3.25
1318,S0973,0.45724442659528813,0.0,0,0.0,0.0,4.0,952.5941324078575,105.9741761349262,0.15439568185300362,894.0780757048652,0.6876840804629959,0.5306849101887104,0.4012971239199181,183.41128275267323,3.625
1319,S1491,0.4572356088515403,0.0,0,0.0,0.0,4.0,843.7016436272901,91.96974931155441,0.15219040702107126,874.4381204718339,0.673972780772314,0.49397400024572663,0.3629006978300409,191.2621040691631,3.625
1320,S0167,0.45710134687993337,0.0,0,0.0,0.0,4.0,744.1105778506611,101.31970573031361,0.1347895590903033,853.6653080731077,0.6422837191906322,0.4679871278253122,0.3003805072065372,185.10905208113456,3.3125
1321,S0639,0.4570940786488835,0.0,0,0.0,0.0,4.0,867.891384001424,104.45576363128848,0.1473351660950747,868.969548100331,0.6117504621489358,0.4789267401653295,0.3410131893986754,188.34567568106885,3.4375
1322,S1237,0.4570841033469321,0.0,0,0.0,0.0,4.0,993.6611493935903,102.09107176946766,0.15381717207838033,870.4054186255993,0.6816231710338702,0.5138801358381575,0.3304839211532396,182.28819416916585,3.5
1323,S1420,0.45697680164744203,0.0,0,0.0,0.0,4.0,900.6560385204632,98.89048442303559,0.171427870913787,892.0505723009979,0.7468659474449416,0.5224805253679958,0.3826519735378717,186.12705769215614,3.25
1324,S1263,0.4569453604207493,0.0,0,0.0,0.0,4.0,776.7562318778816,94.90421962130628,0.13902741828172968,865.6115731022834,0.6602529223129078,0.47589754016987723,0.35601291365750204,184.9240761872302,3.4375
1325,S1109,0.45694358721290007,0.0,0,0.0,0.0,4.0,717.5571213840575,110.60890079046419,0.1520660420880549,867.660852622426,0.6305140911351971,0.4801197389344968,0.3472949525712254,193.83230693268447,3.5625
1326,S1522,0.456942069796669,0.0,0,0.0,0.0,4.0,854.4806404227688,100.9508521821592,0.1649564857065855,879.3218829042091,0.6925450904012399,0.5002557834582686,0.37114642320622415,187.83732321226339,3.3125
1327,S0563,0.45691726206797345,0.0,0,0.0,0.0,4.0,825.1904957184225,119.91737691437491,0.15769384501423905,862.4602902522423,0.637796242034255,0.48550113461332317,0.33581705661159,185.61166537482836,3.375
1328,S0360,0.4569044456111247,0.0,0,0.0,0.0,4.0,759.9039636798557,96.2927761744601,0.14669991313785077,855.3186494576818,0.657169323354669,0.4624592229844266,0.33065652462174805,189.06474725907586,3.4375
1329,S1811,0.4568781095496169,0.0,0,0.0,0.0,4.0,740.548373809348,93.58441181344435,0.1337038532435186,880.0477999964435,0.7145190527912526,0.4998156385426796,0.36057955650051116,183.62715761267228,3.5
1330,S1320,0.4567838000857174,0.0,0,0.0,0.0,4.0,1137.6170407326022,120.61295976314646,0.18948090351223312,909.4667715328297,0.7757522952309643,0.5742121485485058,0.4018848309849683,185.33072609592486,3.625
1331,S0391,0.4567808969269919,0.0,0,0.0,0.0,4.0,759.640192661618,105.96035000557757,0.15221475857805772,853.9792447930238,0.6287437101211547,0.4557114299966826,0.33777995169382014,188.4891566858995,3.3125
1332,S0828,0.4567099928433813,0.0,0,0.0,0.0,4.0,898.1482710142792,99.54327877146008,0.1685878268305214,875.7219173547742,0.7207337279621381,0.5108577137461102,0.35030057130697245,191.56659859821315,3.625
1333,S0604,0.45663621194650655,0.0,0,0.0,0.0,4.0,838.1943189475845,98.05791460833413,0.14440704962822837,881.8234387704221,0.6704141863594533,0.48589887700597345,0.3801141603782147,184.84881641655141,3.4375
1334,S0816,0.45645916716539386,0.0,0,0.0,0.0,4.0,977.192601533486,114.996980167461,0.16141040968055959,903.3809942697682,0.6891197913268686,0.5280536038350406,0.4089865754474934,183.5000602603043,3.5
1335,S0084,0.45642495530210714,0.0,0,0.0,0.0,4.0,1088.4240545221896,117.44522297375681,0.17261003150286455,907.3896299703005,0.6820144158986371,0.5333074706124674,0.4048060403749818,186.8778346230906,3.5625
1336,S0732,0.4564143081913063,0.0,0,0.0,0.0,4.0,1069.6592456664498,108.4342714764081,0.1784492362933483,906.348029829807,0.76710363534221,0.5670793632776443,0.4090389958167197,180.30589287426488,3.3125
1337,S0913,0.45633204290870805,0.0,0,0.0,0.0,4.0,805.493093593099,104.76454095740746,0.15262642282515151,889.5615907167498,0.7078809677135994,0.5445031379678463,0.3720363381000654,188.56649761706993,3.6875
1338,S1879,0.4562993312745566,0.0,0,0.0,0.0,4.0,922.8427582479213,123.89552598199926,0.16412343537860757,863.3668432666659,0.6162952482389394,0.47918508066741566,0.34115767641396055,187.79880799805372,3.5
1339,S1462,0.45626213034163515,0.0,0,0.0,0.0,4.0,760.9894376745697,91.22317339462452,0.14073351948900198,867.1998388575214,0.6647231995563525,0.5099169456860766,0.3217924085315304,189.8948046779678,3.5
1340,S0520,0.4560441970910046,0.0,0,0.0,0.0,4.0,927.8005055966939,102.24400655171914,0.1579353491136041,915.6209874975527,0.748756497153214,0.5668139363494831,0.4159318514106151,183.92444532680292,3.5
1341,S1832,0.4560274536952823,0.0,0,0.0,0.0,4.0,725.5728100068718,101.07177562993849,0.1436279814064759,866.6651484956761,0.632821992920336,0.4786295866373357,0.350026432690741,192.12597871396446,3.5625
1342,S1155,0.45580773896803123,0.0,0,0.0,0.0,4.0,948.3891186537852,117.32259144467159,0.16214520433324886,871.783202003662,0.700981219970724,0.47249103219038135,0.37219651226526546,179.24982798134928,3.375
1343,S1649,0.4557847650260282,0.0,0,0.0,0.0,4.0,675.161109264383,82.55041512091738,0.13250648485956787,877.0674463597537,0.7032978933954108,0.5181164277568749,0.3559211251382248,187.51268273215226,3.4375
1344,S0009,0.4556401889856192,0.0,0,0.0,0.0,4.0,629.311901495794,97.76851900685402,0.14738571282189644,865.0435886265763,0.7342142230492482,0.5096179427395364,0.33915820466246843,186.52433159975442,3.375
1345,S1172,0.4555831627775924,0.0,0,0.0,0.0,4.0,955.0591934839701,115.33962169634293,0.15560298128670427,877.3385262541832,0.653400026434559,0.48972068628858434,0.3779930163228918,183.06724862535722,3.5625
1346,S0721,0.45558050269657613,0.0,0,0.0,0.0,4.0,640.6111118373992,92.60717702835743,0.13644721819331002,866.2893147871832,0.6249976656049128,0.4641416350503365,0.3516825203978038,195.44554407878005,3.5
1347,S0498,0.45549806878067534,0.0,0,0.0,0.0,4.0,873.1136162443901,97.50398666369529,0.15642709846280392,905.0395661807386,0.7199283091955803,0.547865453009042,0.38107176373564505,187.61836234104092,3.375
1348,S1662,0.45546100839036185,0.0,0,0.0,0.0,4.0,770.0582212313352,98.27990372485203,0.14260726866423776,882.6140679577181,0.7406831379037169,0.5278482923537311,0.353848412463984,183.9997829039597,3.5625
1349,S0544,0.4554489784999205,0.0,0,0.0,0.0,4.0,951.0382052258958,108.58479496530316,0.161554881647642,886.0822104650792,0.6836660642786485,0.5254715959556177,0.3748629197295151,184.91466457009375,3.5
1350,S0834,0.4554179797387156,0.0,0,0.0,0.0,4.0,866.3023528965625,97.17295041938722,0.16392127034676615,885.9552758352651,0.7136731558776069,0.5250784183371089,0.36735431533272483,188.57664711371763,3.375
1351,S0656,0.45541520956091225,0.0,0,0.0,0.0,4.0,978.6878094001625,117.90425841444986,0.1736328658414018,904.5553583800803,0.7014219419167825,0.5475643722285088,0.3972063244147762,189.83264575927015,3.625
1352,S1939,0.4554027395178611,0.0,0,0.0,0.0,4.0,852.938255798161,100.76780280090475,0.15194773207689782,862.307257832338,0.6504898914798296,0.4812256021145852,0.3318521440456671,190.08961725866766,3.5625
1353,S0065,0.4552619115099425,0.0,0,0.0,0.0,4.0,1006.2249321313262,126.60007694841306,0.1622098843349397,896.0323350792831,0.6890119112866023,0.5401161258442768,0.39698062880077656,177.88470032606762,3.4375
1354,S0056,0.4551935793497435,0.0,0,0.0,0.0,4.0,795.9803106606307,98.84917285119404,0.1567008452344838,898.5802290488049,0.7161725589646957,0.5455694589908878,0.4162547971133422,186.48302562645657,3.4375
1355,S1434,0.45519198936368993,0.0,0,0.0,0.0,4.0,796.1156106057151,93.95474801778717,0.1335544887294789,871.2374717340034,0.6613662999320783,0.4805745080235336,0.3484231474970765,184.67771435257262,3.4375
1356,S1987,0.4551543219183424,0.0,0,0.0,0.0,4.0,828.8683779946291,90.92133744465013,0.14958272332791084,872.313841571909,0.6516806283101538,0.50132050795136,0.36269385764238815,187.3672477900865,3.3125
1357,S0387,0.4550724329337192,0.0,0,0.0,0.0,4.0,921.1359886723801,99.81984265484023,0.15607187941321043,896.4713857232889,0.6974172668357131,0.5263891047664258,0.39313711564509485,183.51536671539543,3.3125
1358,S1170,0.4549916423404491,0.0,0,0.0,0.0,4.0,869.7978055154427,103.31202795583128,0.13980209577294989,874.1196025437513,0.6726492696073102,0.4788391567180293,0.36877909510706297,182.03422526179634,3.5625
1359,S1688,0.45496398940084604,0.0,0,0.0,0.0,4.0,716.1850753241066,96.01016991441026,0.13186138299662858,882.5057784308864,0.6836423837607996,0.5223414756331137,0.36633428079420793,186.78045032114306,3.625
1360,S0923,0.4547865226428602,0.0,0,0.0,0.0,4.0,758.3544790213384,101.71978172834613,0.13797619171554887,864.7694793943991,0.644599395664036,0.4704134749482691,0.33095037631702434,187.62413725300053,3.4375
1361,S1882,0.4546836432797283,0.0,0,0.0,0.0,4.0,956.6869441362261,102.83579583064575,0.14402524809165812,883.3544861489739,0.6717394597114253,0.48254710647478943,0.3859575415726809,179.8690129739157,3.4375
1362,S0585,0.4546432833067767,0.0,0,0.0,0.0,4.0,954.3954342757303,97.57205787994938,0.14364576390704903,901.6075426452139,0.7102179616907293,0.5378956420641702,0.4179917799182012,176.19284007675435,3.3125
1363,S0172,0.45461754736842386,0.0,0,0.0,0.0,4.0,892.983728405109,100.33227041998325,0.16500053610510051,891.7543312024212,0.6932204331961217,0.5148465320683067,0.38548146673051403,193.60632089836866,3.625
1364,S1670,0.45457539891668636,0.0,0,0.0,0.0,4.0,948.5068909539841,116.9559455784125,0.16701760507131858,871.7181610783264,0.6388388944198313,0.48819502432425543,0.33976523742600595,191.4701879758844,3.5625
1365,S1324,0.45456274000728825,0.0,0,0.0,0.0,4.0,762.3392273800125,105.94031193526021,0.13821622590766822,870.1334595676245,0.6226861058607135,0.46143648523316255,0.3673094814700886,186.68959842213036,3.4375
1366,S1591,0.45454383316767843,0.0,0,0.0,0.0,4.0,881.5389628921932,100.60152805352803,0.1566874399265547,880.6443843508906,0.6621000182644399,0.49299937261473403,0.37469925289604644,185.8422547119654,3.25
1367,S1197,0.45453674826590784,0.0,0,0.0,0.0,4.0,810.724943580956,102.51281315694469,0.14137927549182439,880.0230984179171,0.6724977514879006,0.46742379448777793,0.39040131922062365,179.99467104173908,3.1875
1368,S1545,0.4545279214571572,0.0,0,0.0,0.0,4.0,1138.3464220041626,126.28859879375446,0.18216682003019163,887.5580027322324,0.689246600713129,0.5265577319881621,0.3807421554247561,183.19749045981592,3.5
1369,S1339,0.4544231468617463,0.0,0,0.0,0.0,4.0,633.7361454076396,84.57951127395492,0.1319021424622589,861.5233262540843,0.719247864533525,0.45794264551346336,0.3191433238536627,189.48547123354004,3.375
1370,S1747,0.4543822517881345,0.0,0,0.0,0.0,4.0,797.734984376515,104.23327465644269,0.15243697488853836,869.7508345806783,0.7102946786561851,0.5282914514416973,0.33649610101448885,185.90709300318912,3.5625
1371,S0629,0.4543364938728271,0.0,0,0.0,0.0,4.0,879.0460263954525,105.44142801883193,0.15098752760449782,895.6904319019684,0.7035402148858787,0.5279134891314952,0.39920409344210483,183.04754682142675,3.5
1372,S0081,0.4543077863722988,0.0,0,0.0,0.0,4.0,844.5497406281627,88.5939398246473,0.1341520403912384,877.6431749972196,0.6535540386078783,0.4822443581478149,0.36831142987746407,191.55666830030628,3.8125
1373,S0825,0.45424912873171575,0.0,0,0.0,0.0,4.0,959.64805903016,109.68168628591054,0.15298439947878956,896.4210877045193,0.685348798477481,0.5278861561621706,0.394615024955023,181.06233756476502,3.4375
1374,S1730,0.4541385787316326,0.0,0,0.0,0.0,4.0,880.1114291476522,107.12855211345192,0.1411342516855804,881.1346788335334,0.6498160554317439,0.4964953486106774,0.36973271494140486,182.03867608307095,3.4375
1375,S0375,0.45406734756530936,0.0,0,0.0,0.0,4.0,935.6660014586897,110.16475095629741,0.1501162554278009,894.0496272370228,0.7919098274594287,0.5276833568475137,0.3799548756861029,173.52071596471941,3.375
1376,S0939,0.4540194333598171,0.0,0,0.0,0.0,4.0,794.0802656926688,102.16174718460186,0.1472304446109544,862.2883470438219,0.6481914974730187,0.48102066942982424,0.3303920927431976,189.58091535984116,3.5
1377,S0916,0.4537937433050649,0.0,0,0.0,0.0,4.0,832.4879915031385,99.51120729673534,0.15015987826424285,860.3142350684686,0.6678063131862536,0.4703955746007198,0.34185227950809,189.6132139143823,3.625
1378,S1734,0.45373853993318375,0.0,0,0.0,0.0,4.0,1076.590088172723,124.93251195164474,0.15740835529590466,908.2192944955929,0.7029079102236501,0.5269023424078821,0.4155036772020862,174.4494289965642,3.3125
1379,S0791,0.4536164121266363,0.0,0,0.0,0.0,4.0,899.8882663553936,123.26519593915758,0.15820359908830767,860.7328492787282,0.6525774044515774,0.47030874785986365,0.31094256455159924,189.95083630314554,3.6875
1380,S1191,0.4536087612944609,0.0,0,0.0,0.0,4.0,810.5103927948633,98.96058798167702,0.15785188322092608,889.4298729965103,0.737706836582731,0.5162842071845515,0.39301826831175934,186.2253231595328,3.4375
1381,S0058,0.4535914971892559,0.0,0,0.0,0.0,4.0,902.9792197728467,99.15223346695055,0.14718973414857947,855.2287279744177,0.5864625452067018,0.45396848820342034,0.34622493787713865,189.8431938083766,3.5
1382,S0794,0.4535244142506137,0.0,0,0.0,0.0,4.0,877.1642965046979,106.00766692134296,0.134575439978333,877.8712314107189,0.6474496658077912,0.4769197948255266,0.3484070779407386,179.84730065031323,3.25
1383,S0362,0.45345132334880517,0.0,0,0.0,0.0,4.0,860.2799858489748,99.05208841185373,0.15488726647396725,863.0137848211951,0.6290549687472253,0.47926511352250745,0.3548155111905809,191.86090855821033,3.5625
1384,S0282,0.45344942340637645,0.0,0,0.0,0.0,4.0,910.3740688007827,103.01535054458006,0.1699451535716951,897.7939436000747,0.7826389308975755,0.5344657928688065,0.40481723864724994,184.2334406257194,3.4375
1385,S1756,0.45341238336627804,0.0,0,0.0,0.0,4.0,795.2967708977652,97.03245804106794,0.12778094018953617,866.4819076432045,0.6306135313118226,0.46572108596656103,0.3544339166592285,185.50963120190318,3.5625
1386,S0955,0.45340649181294135,0.0,0,0.0,0.0,4.0,768.9883673778052,89.64137103595327,0.15982139967216757,885.4955568404747,0.7805133717566619,0.5282889482463372,0.3697508764427566,192.9363593849926,3.6875
1387,S0236,0.453371145043776,0.0,0,0.0,0.0,4.0,768.386080834964,111.98613036250474,0.13827234750064452,843.7320890226175,0.6154502020969413,0.43143333824277064,0.3142903724415644,188.00411488614102,3.5625
1388,S0504,0.4533390537213052,0.0,0,0.0,0.0,4.0,751.594828649299,109.00714279133554,0.13819416291127873,875.9061406745956,0.676448562155672,0.49353975707303815,0.36196131146823635,180.85708113858774,3.3125
1389,S0669,0.45332171759662426,0.0,0,0.0,0.0,4.0,750.6939834884879,103.32930451006824,0.13539228537192904,881.1169614210103,0.6808769240719169,0.47858467045012854,0.36467534200940044,184.74280270901505,3.4375
1390,S1278,0.45331035258652574,0.0,0,0.0,0.0,4.0,812.6649078390922,108.80700128446068,0.1539041650917249,875.4532008132844,0.701985114768173,0.48074275936399685,0.3666916530179653,191.29369458241314,3.8125
1391,S0908,0.45326199350876256,0.0,0,0.0,0.0,4.0,751.4501492108639,100.5039154323467,0.15411746039126248,874.6830639414306,0.7094300091104827,0.47441894025031695,0.37508821133319475,188.4104390339097,3.4375
1392,S0435,0.4531583124711518,0.0,0,0.0,0.0,4.0,727.5451126881333,98.29039168147608,0.15391341342010992,890.0178879831813,0.7916519451738144,0.5443902666706053,0.37795375217260796,186.2651348900049,3.5625
1393,S1772,0.4528835394357721,0.0,0,0.0,0.0,4.0,815.0131484814192,102.78265804041911,0.1489252934244254,872.6761013652692,0.6172714212837417,0.4617936724132659,0.3874862583000305,188.6510986396161,3.375
1394,S1146,0.4527930330583991,0.0,0,0.0,0.0,4.0,851.8184995859008,105.98542313814869,0.14843583699831434,915.2926030734819,0.7886058102104769,0.5833435393723693,0.41523780398874305,179.1506438494165,3.5
1395,S0647,0.45276934410193215,0.0,0,0.0,0.0,4.0,805.3666825813419,96.85966885676535,0.15995249315035365,864.3076001588487,0.672949282538528,0.48849843379833807,0.32947321782674,199.48212657429318,3.75
1396,S0890,0.45271819035517413,0.0,0,0.0,0.0,4.0,783.7811732268051,100.17381278606396,0.14838204381802728,859.6854770363859,0.6228415022923842,0.46911393628175446,0.3397848204330954,189.6060190253681,3.3125
1397,S1798,0.4526123442370649,0.0,0,0.0,0.0,4.0,1083.9430270268433,105.78702640143585,0.1691434692776478,881.1883539501893,0.7066869750062919,0.502272277655612,0.3910428551079692,184.97030030858292,3.6875
1398,S0069,0.4524828668124351,0.0,0,0.0,0.0,4.0,991.5081508843404,103.90252634735907,0.14669988374254692,917.7813618957947,0.7677203456137046,0.5821377515316324,0.4035245658326256,177.56810785233228,3.5
1399,S0598,0.4523965544544075,0.0,0,0.0,0.0,4.0,653.3519171234769,91.75120223775144,0.13629839450615516,847.1259664392209,0.6460333347287014,0.4559871081039423,0.32204922186214485,191.6107422202278,3.4375
1400,S1096,0.45236105814986866,0.0,0,0.0,0.0,4.0,820.4152875858686,110.19355065174256,0.14952787918118957,861.8390389187273,0.6067394719037396,0.4781166104341401,0.3416866149695658,192.2806181374402,3.625
1401,S0327,0.45226214425283284,0.0,0,0.0,0.0,4.0,1182.0567312640503,117.40715365300736,0.17575645066477985,902.3854416218782,0.7825279304572359,0.5424873441054664,0.4162079790954081,173.34898615379026,3.3125
1402,S1655,0.4522475280468683,0.0,0,0.0,0.0,4.0,870.5618308857892,105.93436652422412,0.16477124828650805,857.8282722172936,0.6104502478727195,0.45520746088776026,0.34796973842788914,195.756525166683,3.5
1403,S0858,0.45223809912134105,0.0,0,0.0,0.0,4.0,955.8310655327979,104.63278115114821,0.16240341944615033,899.7996119871349,0.8189548274914376,0.5695990348184214,0.3863091469349326,177.637338051947,3.4375
1404,S1620,0.4521400882824386,0.0,0,0.0,0.0,4.0,752.5401265769977,104.80097206516263,0.14071134716382194,869.600822346864,0.7121710235675686,0.49914158926861757,0.373513814878048,179.3787691057199,3.4375
1405,S0406,0.4521165411353323,0.0,0,0.0,0.0,4.0,748.010817678745,105.7979556305456,0.1473311596358449,843.8182735267569,0.5924801442329002,0.4319727681724507,0.3283155984455258,194.13585475881905,3.5
1406,S0206,0.4521118485850808,0.0,0,0.0,0.0,4.0,814.5140672118091,94.2851550524513,0.1664273487736745,870.0295242171343,0.7217202541904657,0.5200295327604151,0.3639380414909862,191.78053993171335,3.5625
1407,S1257,0.45196506612787263,0.0,0,0.0,0.0,4.0,870.4203457969268,106.83369062421997,0.15413578931541166,871.3233804067314,0.6451109552911076,0.4837448799165493,0.36222051152642476,185.45899253846736,3.3125
1408,S0352,0.45188984011633665,0.0,0,0.0,0.0,4.0,966.1533091719447,122.68542764912853,0.15691314754658656,918.4790195368087,0.7289430097762338,0.5689739780921598,0.43181860694839946,179.97800760625856,3.5625
1409,S0582,0.4518727743901331,0.0,0,0.0,0.0,4.0,1022.1006765150145,117.12629628338321,0.16432886752880302,900.6579291998115,0.7003374771093875,0.5353226395993794,0.40156293975757046,181.55772300734512,3.4375
1410,S0202,0.45168384743133677,0.0,0,0.0,0.0,4.0,1105.8121849345537,113.00536023107679,0.17450836047723878,909.7975523371094,0.7651103651521117,0.5483721218315025,0.4094821938752884,180.38651136329648,3.375
1411,S0434,0.4516616265539106,0.0,0,0.0,0.0,4.0,936.2418744308222,107.28518455291396,0.14033009726652573,847.5408904914906,0.5969967404715772,0.44220310432998816,0.33887759254475835,181.03123594533312,3.375
1412,S0526,0.4516565396216516,0.0,0,0.0,0.0,4.0,823.2900448427464,102.01878819725543,0.16297808558035923,885.9474711254616,0.7282721990097868,0.5257436812498882,0.3602153287954882,191.91565208122742,3.5625
1413,S0800,0.4514984297369992,0.0,0,0.0,0.0,4.0,939.9625123249782,105.63045236224762,0.1746623315616423,880.0454640266978,0.7290845656940055,0.5165065469854976,0.366781500575255,190.13315032918493,3.5625
1414,S0954,0.45136246725576223,0.0,0,0.0,0.0,4.0,903.1887894569848,117.1187235855145,0.16128193988259001,869.5285640643394,0.640437791282092,0.4618226779129501,0.3739639124190642,186.76809947270323,3.4375
1415,S1895,0.45130974642793337,0.0,0,0.0,0.0,4.0,913.0985136273505,95.86919743280123,0.13083968004518248,844.6569539323734,0.5871796728153321,0.4413447351974541,0.273614962400096,191.25961203296959,3.5625
1416,S0597,0.45130364890237584,0.0,0,0.0,0.0,4.0,927.8118592820331,99.62282539112432,0.16541804988867748,882.5964709428048,0.7118958964938052,0.5060745227003627,0.36234531840451983,193.27819840811492,3.6875
1417,S1111,0.45124605629314274,0.0,0,0.0,0.0,4.0,959.6907029354779,94.59416560459618,0.15749873255179073,891.2867486949558,0.6751215305803829,0.5348865306036302,0.36339176921422256,189.46154106105084,3.4375
1418,S0093,0.4511791854266138,0.0,0,0.0,0.0,4.0,726.0158270826964,90.09121442355952,0.15084617340997375,881.2487834205564,0.7146259401760076,0.5195520709427531,0.38148756306439024,189.76386248720254,3.4375
1419,S1660,0.45116595471870563,0.0,0,0.0,0.0,4.0,847.0835029477532,103.43423679726317,0.1601507691257939,875.0251104148076,0.7072280544589519,0.5117907610675231,0.3861817112814715,184.26819619498806,3.4375
1420,S0909,0.45113558782419366,0.0,0,0.0,0.0,4.0,852.9219641081728,110.35348596625083,0.15962682449240528,877.37554110167,0.6669437098677203,0.5042038544878628,0.34110215300324287,190.45601977771648,3.4375
1421,S0706,0.4510995643292755,0.0,0,0.0,0.0,4.0,970.427549154842,115.21115991905256,0.15243877423092875,844.1177056654371,0.5642347817173519,0.43491069799442306,0.3178407493691526,187.270907106182,3.375
1422,S0048,0.4510116440398066,0.0,0,0.0,0.0,4.0,919.2918148789518,114.63708845159934,0.17033436917150574,880.6063644907133,0.6417769694829715,0.49045469934437064,0.38078107201318107,190.69907308210037,3.375
1423,S1397,0.450978762822952,0.0,0,0.0,0.0,4.0,780.924232360155,99.89500525108726,0.13541073846085291,886.134839767761,0.7167339937064715,0.5246913731303459,0.3787907552013508,184.0365556117316,3.6875
1424,S0147,0.4509610714401519,0.0,0,0.0,0.0,4.0,831.6563698576231,92.67548231982789,0.13851850670165203,879.1058095480217,0.676479809780646,0.47589043406059056,0.38654051814430346,184.41669089291614,3.4375
1425,S0539,0.45076532660808044,0.0,0,0.0,0.0,4.0,766.3426096702111,86.69882252287795,0.125478563570154,868.8108837454988,0.6319469261215727,0.47625171285084916,0.3563514872746506,189.14825579965617,3.5625
1426,S1296,0.4507115808186924,0.0,0,0.0,0.0,4.0,867.3926259056641,95.54260214824467,0.1361171928098081,887.9115683326203,0.6980628371687726,0.5066177478479823,0.3645210763848636,182.63910340033704,3.4375
1427,S0489,0.45069510271624846,0.0,0,0.0,0.0,4.0,873.027801674445,96.84349752849457,0.14925229770173343,881.8615890289416,0.7168354544776897,0.5124535864414426,0.3628165753252399,184.0066208912273,3.4375
1428,S1996,0.45067538696873494,0.0,0,0.0,0.0,4.0,738.4674005624158,103.64552104899062,0.1476507520364816,881.1990574385712,0.7187801615108036,0.48309535310816704,0.40714007828628623,184.6952098502971,3.5
1429,S0615,0.45064401702652346,0.0,0,0.0,0.0,4.0,743.3365919564792,91.75081508321445,0.14229469428639585,868.6241969225672,0.6455715979382507,0.50673595397825,0.34998901733329607,191.83772511873397,3.5
1430,S1117,0.45049662242103483,0.0,0,0.0,0.0,4.0,940.3131346001761,120.13890062996043,0.15493141410168065,869.6910620898503,0.6712966513224989,0.47736775054405284,0.3694658049905192,181.4212310272849,3.5625
1431,S1515,0.4503570089740304,0.0,0,0.0,0.0,4.0,720.5580538033961,88.3475986716662,0.13926514771269163,875.7325539490578,0.7005047717651727,0.4980333149570628,0.3755830017084068,187.2080179888696,3.4375
1432,S0971,0.45033092019375454,0.0,0,0.0,0.0,4.0,878.2834429731122,100.12511197562078,0.16181460976818068,860.3160466024209,0.654410361195866,0.4872726860630783,0.3301253174506615,192.99306678973198,3.5
1433,S0750,0.450314595449417,0.0,0,0.0,0.0,4.0,898.9044788632028,112.80276898174918,0.14250730457514976,857.1853208606032,0.5964765880000329,0.457815025253109,0.3392122572338007,187.41768712254876,3.625
1434,S0824,0.4502702898583461,0.0,0,0.0,0.0,4.0,804.7773846879259,93.53670937912474,0.152269409270772,883.3836723234637,0.8098829430292906,0.516546598313687,0.3751479545555955,180.71796432562468,3.375
1435,S1475,0.45012232090408866,0.0,0,0.0,0.0,4.0,900.1985473419658,111.63046674239042,0.1557003103430599,872.552728555523,0.6467461664965255,0.4855030703674958,0.34201759026316453,188.1756716315905,3.4375
1436,S1532,0.4500080005907542,0.0,0,0.0,0.0,4.0,1031.5090942639492,119.99325790964537,0.15311394801875877,873.4784005914661,0.6234743218916452,0.4887981722749964,0.37799879333033903,183.09153669680592,3.6875
1437,S1335,0.44995420321423935,0.0,0,0.0,0.0,4.0,754.7532672784914,97.14202481496179,0.1380438679553588,874.6780859644057,0.6713277318452067,0.4820053880016711,0.3483201093614206,191.60870757290647,3.625
1438,S1671,0.449898815501718,0.0,0,0.0,0.0,4.0,917.0933602407453,117.12838049068768,0.16671826073723953,905.6122094161902,0.6903322721582686,0.5290183359904475,0.4237658126485561,185.399412660349,3.3125
1439,S1223,0.44983737631174003,0.0,0,0.0,0.0,4.0,898.7879858245958,103.07768087369502,0.15470522357552347,903.528584547705,0.743744438696344,0.571072977975055,0.3695114687148544,184.51915520788205,3.4375
1440,S0028,0.4497596080820124,0.0,0,0.0,0.0,4.0,822.091052475653,94.92692522155758,0.14883190912072494,864.2367293000038,0.6547466155233599,0.503507539865307,0.34312651733593347,195.40205707104306,3.8125
1441,S0263,0.44974108390685036,0.0,0,0.0,0.0,4.0,884.1819254518435,96.83424956317549,0.12258802911637526,867.0688552572927,0.6374322841516217,0.4903779763250573,0.3525682799556567,177.28235476849773,3.375
1442,S0449,0.44969611258025166,0.0,0,0.0,0.0,4.0,783.3050607368975,99.04920599768505,0.14208266778060955,862.5390623371393,0.6920404721242316,0.4987307848218913,0.3407630977584202,186.457781359282,3.625
1443,S0119,0.449547946200914,0.0,0,0.0,0.0,4.0,1045.3448656404464,115.89670395048621,0.1697493129934942,909.8409916154598,0.7088819100721861,0.5585725991176289,0.39142931225706373,186.77983739165654,3.5
1444,S0784,0.44953080044631705,0.0,0,0.0,0.0,4.0,996.6049631909117,110.52221832703549,0.16551676626035278,881.825754541579,0.6601770490294269,0.48844248496008397,0.3729626468970819,189.90820819156775,3.5625
1445,S1572,0.44937046000408576,0.0,0,0.0,0.0,4.0,820.4375241425267,103.04156602355842,0.16411485974261975,874.0725222669715,0.7327954170480047,0.5285142334230163,0.37127892708015353,189.96024421763164,3.6875
1446,S1389,0.449307420621554,0.0,0,0.0,0.0,4.0,838.5394333400291,104.35961295389393,0.14360602585186236,877.1723141382278,0.6627826622212485,0.4801370792215668,0.3445384986562789,186.62942038297518,3.375
1447,S1943,0.44917455876518664,0.0,0,0.0,0.0,4.0,768.1005532432783,94.10127272452638,0.14841903784840002,894.738791371728,0.7411894346720745,0.5266096756936213,0.4014181444775265,185.3381894220844,3.375
1448,S0694,0.4489813916020988,0.0,0,0.0,0.0,4.0,897.1698068732347,108.34693006328047,0.1526499087223229,884.7129479054047,0.6562713099301316,0.49080937325281804,0.3943933164199754,184.58270700479807,3.375
1449,S0473,0.44894321255052555,0.0,0,0.0,0.0,4.0,819.8917777860097,101.03247423915269,0.1516085379824117,856.342172616417,0.6996497093226357,0.4723662662399973,0.3225309370708746,186.807265985195,3.4375
1450,S0361,0.44890874519343743,0.0,0,0.0,0.0,4.0,815.287786921814,95.46342589554011,0.1414708645749565,881.6669349468145,0.6974393148290021,0.5141204911620073,0.35925240221111104,186.33530456221607,3.5
1451,S0266,0.4488215656382694,0.0,0,0.0,0.0,4.0,979.749194385316,110.85258554685495,0.15440009258792126,867.092940727419,0.6282231723280081,0.49175083953616094,0.3564080813070912,183.65388797954708,3.4375
1452,S0845,0.4486802874839014,0.0,0,0.0,0.0,4.0,958.6820244874473,97.23111513233495,0.15071953210417757,884.0542890957421,0.7417715320241193,0.4967211157505517,0.37251405867271437,181.8411477667716,3.5
1453,S0961,0.4486398699977224,0.0,0,0.0,0.0,4.0,777.2906614207465,88.52275779234645,0.14738954324295128,882.9287695686563,0.6820293223810965,0.5057724367417801,0.3762322738959093,192.794562660088,3.5
1454,S1889,0.4485757543327673,0.0,0,0.0,0.0,4.0,884.3640652648128,98.04545117888551,0.16374455862596998,891.2259779207168,0.7262252897001878,0.5387156269101931,0.40359327303820647,187.7346883901905,3.5
1455,S0533,0.4485634467937584,0.0,0,0.0,0.0,4.0,746.4024819295965,99.98589587847428,0.1510053281324664,845.4344144026674,0.620444984190651,0.4454671166513074,0.28491996799652747,199.75803424405822,3.4375
1456,S0702,0.4485130166787706,0.0,0,0.0,0.0,4.0,933.4583126706021,106.48086461939964,0.15500629305862496,880.4478609942197,0.6900174569905377,0.49110931483197573,0.3713014273744336,187.12948863969837,3.625
1457,S0513,0.44844366961427395,0.0,0,0.0,0.0,4.0,999.7970071960927,126.8739454459963,0.15728632755424507,884.6376311891811,0.6810265951952942,0.5162517063210942,0.3537519948776746,181.9047550424597,3.5625
1458,S0612,0.44837481273650925,0.0,0,0.0,0.0,4.0,879.5745690128986,93.77686882337127,0.17758607997838788,890.3693161570634,0.7941420791984849,0.5376648574116648,0.3786259317323561,192.08813060823988,3.4375
1459,S0335,0.44835613541203784,0.0,0,0.0,0.0,4.0,819.0827936506078,103.85988448212048,0.14964244684241776,867.8043068265013,0.7144984304031097,0.5071665433912377,0.367743780350299,184.93664631708722,3.6875
1460,S1077,0.4482566264072481,0.0,0,0.0,0.0,4.0,1137.2540260217866,113.94111089423953,0.17710999490216367,924.8883220432967,0.8058343322743997,0.5880494764326949,0.4353888198194742,181.0788982028704,3.5
1461,S0521,0.44822491917753937,0.0,0,0.0,0.0,4.0,906.6560481552673,98.1535867550976,0.15217226030159053,890.7646877896444,0.6918614215695666,0.5173969063138696,0.3675374557189306,188.89388111861166,3.5
1462,S1517,0.4481733692088501,0.0,0,0.0,0.0,4.0,935.1650920252481,130.92684764741767,0.17751773542912103,892.4132970838419,0.6889102163349076,0.5078296222682378,0.41973654414341355,189.40709081609097,3.625
1463,S1931,0.44814970929145087,0.0,0,0.0,0.0,4.0,1012.4413415769731,100.35017186354357,0.1540204807038448,888.5297727738441,0.671936083386739,0.500682641442467,0.40530672019867886,184.77872847533257,3.5625
1464,S0815,0.44809908614426885,0.0,0,0.0,0.0,4.0,904.360473673514,121.18705258100675,0.16101379532339172,858.9644285110082,0.6270893176559891,0.46964833982258597,0.3509510338751022,186.42619498469122,3.4375
1465,S0624,0.4480760422355649,0.0,0,0.0,0.0,4.0,935.8057211566654,107.12895675564474,0.16733285696320666,892.0338257102259,0.6886471103911189,0.5216089403570916,0.3906113086674419,186.5149755754572,3.25
1466,S1901,0.44805875641858084,0.0,0,0.0,0.0,4.0,821.989486417648,111.34656667161536,0.16093241358686225,869.434922001281,0.6770602033675305,0.5046844063184038,0.3425933303194274,191.55170723809206,3.5625
1467,S1824,0.44801398346723925,0.0,0,0.0,0.0,4.0,1109.6955127849048,103.64318357785356,0.1718027589589275,894.7623249434289,0.7310535868193229,0.5499552956510986,0.38507829019316087,182.22057031475185,3.375
1468,S0286,0.44800560361030695,0.0,0,0.0,0.0,4.0,652.5004141039211,96.98490170557275,0.1367916577416972,866.7323484755109,0.7047627537364729,0.5011155735484035,0.35025334828993043,186.48465872720476,3.4375
1469,S1287,0.44786314964551355,0.0,0,0.0,0.0,4.0,890.7601588337662,108.35063843195047,0.14212444418180506,886.6946088989988,0.6943505209522618,0.5276154818596419,0.39495643882643355,176.79569007891217,3.375
1470,S0933,0.4478625027682819,0.0,0,0.0,0.0,4.0,806.275642050189,109.25965054677603,0.14457170635589747,859.943259297792,0.6590845861456105,0.47648441456191987,0.3275127279897161,187.76823566285253,3.5625
1471,S0364,0.44784467341202433,0.0,0,0.0,0.0,4.0,995.2783787322007,102.81327336862434,0.1581494555631956,884.4922413078074,0.6567355236937087,0.48887221350422105,0.3689075373247472,190.6184417872613,3.5625
1472,S0534,0.44775839392243344,0.0,0,0.0,0.0,4.0,874.7075015788788,108.33471042893507,0.15286855042339823,868.3643306297722,0.6420833548437392,0.4933359991463634,0.34491823503384456,188.82017182164424,3.5
1473,S0648,0.44759807918404754,0.0,0,0.0,0.0,4.0,1230.6110017730437,106.9138721017909,0.17991873472242376,935.1502865818201,0.7707902285107116,0.5913938111714739,0.45968740376722844,182.209896196782,3.3125
1474,S1835,0.44752679761883357,0.0,0,0.0,0.0,4.0,708.7336762778093,89.74447503594388,0.12230882246700224,852.9774436412984,0.644663224599723,0.4596570942924557,0.3151587990439741,187.2038974605067,3.375
1475,S1644,0.44747057722589845,0.0,0,0.0,0.0,4.0,954.4526598970045,107.13368835230554,0.1521439289110347,879.0509694521968,0.6614004335718299,0.48334810275036505,0.3642128058110984,183.37439507122312,3.3125
1476,S1814,0.44741435948181696,0.0,0,0.0,0.0,4.0,927.2695041078574,121.51811253140482,0.1470659769480418,873.7754092750076,0.6436128168708849,0.4827051548106097,0.3393278844619061,182.8783866421604,3.4375
1477,S0549,0.44731776693183006,0.0,0,0.0,0.0,4.0,977.094232337235,117.97908423847124,0.14317596291463114,892.5471940502965,0.6490332725771039,0.5067083707858644,0.3851786572344926,181.65900183908013,3.5625
1478,S0795,0.44723263044306094,0.0,0,0.0,0.0,4.0,948.6507555982912,116.40840004874485,0.15424449414859168,885.9236014290033,0.7189410817472397,0.5209198957308083,0.3882286905550456,177.60010728878433,3.4375
1479,S0071,0.4471762662264127,0.0,0,0.0,0.0,4.0,945.2615291427525,117.51116554986453,0.17513128511662862,875.211188879378,0.7507311812863696,0.4994068143708953,0.35752690313726687,184.17308647991985,3.375
1480,S0356,0.44706622603450175,0.0,0,0.0,0.0,4.0,950.7550877029217,117.53647350711154,0.15899034744866763,873.6558455692597,0.6558250769635687,0.4818692682862667,0.36061919113800495,185.0240670673978,3.4375
1481,S0555,0.4470271639295807,0.0,0,0.0,0.0,4.0,874.1410899803051,97.33791404893614,0.15171391600608233,870.2045015119845,0.683515761899243,0.4737350326208766,0.3687270944076641,186.61249836971825,3.4375
1482,S1800,0.4470116011758168,0.0,0,0.0,0.0,4.0,927.1086543592611,100.13972338287098,0.15640771320761426,858.9568379405714,0.6252308563643939,0.4621786412369613,0.34472642083723054,189.71329284448282,3.375
1483,S0587,0.4469269459890733,0.0,0,0.0,0.0,4.0,951.1625779890875,110.3960516258366,0.15217522928647853,887.5483345654097,0.705485735216328,0.506045653279154,0.3858068313531392,182.39635639906228,3.5625
1484,S1838,0.4468341963074311,0.0,0,0.0,0.0,4.0,689.808918121931,98.41054581849588,0.1377735096253868,879.4758461746811,0.660995540033469,0.4786923354433581,0.3765155109112111,194.31767309309507,3.625
1485,S0836,0.44661248766315825,0.0,0,0.0,0.0,4.0,804.9754443587203,103.43585615351532,0.15230780753502013,875.4829189333103,0.6752269497910257,0.48455575204125034,0.3761724099148309,190.63956417841246,3.5625
1486,S1827,0.4465031985744169,0.0,0,0.0,0.0,4.0,764.4239136180527,101.53143790210204,0.14867816772483491,867.3479564659131,0.6156298038221364,0.4675245790766143,0.3719733496232797,199.24997361760776,3.75
1487,S1181,0.4464912221142144,0.0,0,0.0,0.0,4.0,815.0259541818027,96.17500073255556,0.13817594417549342,881.3075228205378,0.6899608573366264,0.5171073350515367,0.36301079395952157,184.42336554258418,3.4375
1488,S0378,0.44647913426629104,0.0,0,0.0,0.0,4.0,924.2627499394204,103.67822657645615,0.15988464994829885,892.1877161696332,0.6880058117028431,0.5137409622278318,0.3964601692256428,189.7519220961984,3.5625
1489,S0588,0.4463109970712498,0.0,0,0.0,0.0,4.0,863.245667005194,118.44313283832318,0.15874921181100432,869.8256958589761,0.6474818893973918,0.4848927799722008,0.3532545638087344,188.1440809478566,3.4375
1490,S0215,0.4462546621594693,0.0,0,0.0,0.0,4.0,781.1435645707214,106.8838646578638,0.147315336352344,852.7587688111852,0.632718370794226,0.4469935371823564,0.34839424896144666,190.9519106408497,3.5625
1491,S0674,0.44623946101460155,0.0,0,0.0,0.0,4.0,957.3456628121785,103.89268794891765,0.16587540589639374,921.3801797491984,0.7640086768302801,0.58294169931344,0.44675314575873976,184.90955715528315,3.4375
1492,S1047,0.44609122732501555,0.0,0,0.0,0.0,4.0,852.736837183139,95.81501302225071,0.1496480836987407,892.9842969023952,0.6734158271247367,0.5092844717583019,0.40987010365100496,189.66579910844854,3.5
1493,S0231,0.4460709962483732,0.0,0,0.0,0.0,4.0,999.179966940347,109.60499155929304,0.15425193545919133,889.0653803506905,0.6571947196273035,0.4952330948002193,0.37209131959279373,185.97596470687023,3.4375
1494,S0899,0.4460305024960178,0.0,0,0.0,0.0,4.0,828.6113313602326,109.75991776347006,0.1410253679525383,863.7463246489394,0.6966151288233645,0.4638809150500752,0.35788283849798486,179.95324710139985,3.4375
1495,S0383,0.44601003413249674,0.0,0,0.0,0.0,4.0,941.260897060034,103.6989807435736,0.14884927977819112,866.0667092264491,0.6645157350065686,0.5203021454103767,0.31027268005102465,188.1051272504012,3.625
1496,S1506,0.4459029771200853,0.0,0,0.0,0.0,4.0,966.6102357929448,108.85945630368622,0.15174566467440506,875.6527206582928,0.6519838439682092,0.48765852374151064,0.3907804960611671,182.6620238355482,3.5
1497,S1902,0.4457830629933265,0.0,0,0.0,0.0,4.0,849.0808932617146,110.81301365000161,0.1522243328175303,897.5561306559664,0.74386379527902,0.5306962489951937,0.38654478765064715,181.1876278803047,3.3125
1498,S0068,0.4456465034711506,0.0,0,0.0,0.0,4.0,1026.7212920920124,116.7756430324863,0.17017425478795883,865.2634615403092,0.6436625926417259,0.4733117699917608,0.346278084201141,190.62502680679563,3.5625
1499,S1762,0.4456041268275623,0.0,0,0.0,0.0,4.0,1170.301806519791,116.69564521638394,0.1592534130591973,930.461466344134,0.779403438072395,0.5742573671412369,0.4238320581481248,177.54085434245303,3.5
1500,S1595,0.4455643352412563,0.0,0,0.0,0.0,4.0,1116.480530283889,116.26488555721765,0.16816966654011187,891.037959458425,0.6973640994412855,0.5446349618124785,0.38009353459680906,182.6707151904367,3.5625
1501,S1037,0.4455413568884162,0.0,0,0.0,0.0,4.0,730.0921790466687,109.63483292694983,0.14021114351393363,898.4622840962415,0.7690368255270721,0.5183713274864545,0.395471969713711,182.35215461769644,3.5
1502,S0700,0.44540435697973785,0.0,0,0.0,0.0,4.0,761.3531342945762,105.38029012470136,0.1376335631095865,863.998161570591,0.6524105347366217,0.4859841708287446,0.3450100986718918,190.98698086939916,3.75
1503,S1556,0.4453725370079417,0.0,0,0.0,0.0,4.0,761.2848429333482,85.77922628014396,0.13286951211254958,888.463970335728,0.7231947272534763,0.5489367669701489,0.36077541475844505,186.76112331128203,3.5
1504,S1631,0.4453021022102267,0.0,0,0.0,0.0,4.0,924.8286717626868,105.70652459044908,0.1617709191803816,871.5304666529408,0.7033392167060656,0.5079909968137778,0.33608760002514426,189.3247318880676,3.5625
1505,S1865,0.44522268666838805,0.0,0,0.0,0.0,4.0,778.8814728028835,100.76451433085694,0.15799550342789398,880.2442915717479,0.7094102374660978,0.517874186633664,0.3662293487564444,195.3740636875073,3.6875
1506,S0997,0.4452060504296823,0.0,0,0.0,0.0,4.0,1147.586186439793,138.70964728822403,0.17055085928404784,903.4090805188728,0.7054819258799258,0.5442108431608905,0.39972436878667345,174.91713648366593,3.25
1507,S1062,0.44516469097836014,0.0,0,0.0,0.0,4.0,908.0724381346896,94.0709157392076,0.1456715572490499,866.7208959819918,0.6350407750734486,0.48983365130927914,0.3598800689601148,190.21713774679733,3.625
1508,S0761,0.44514764515307925,0.0,0,0.0,0.0,4.0,925.1831540077492,102.19801669356158,0.14745095363744903,861.3553494277904,0.5999755524457768,0.47311669166700043,0.3425265726021807,190.22078960935795,3.5
1509,S1224,0.4449663659636472,0.0,0,0.0,0.0,4.0,826.3733517826813,103.5147588129604,0.15045851022624587,870.7769823417957,0.6200095563101743,0.4618609093894247,0.360047109694613,191.713557102242,3.3125
1510,S1588,0.4447535273185107,0.0,0,0.0,0.0,4.0,863.6266988084078,94.71719750921233,0.1424420331984801,876.1822210630364,0.6387354300779629,0.503037449916551,0.38918939391901625,186.08973399815866,3.4375
1511,S0799,0.4447341198973848,0.0,0,0.0,0.0,4.0,853.3379344267255,104.6293209533004,0.14213813468521835,879.1782450150448,0.6568353455027635,0.47706320708298916,0.3869427336643381,184.70356525301153,3.4375
1512,S0595,0.4446389011525546,0.0,0,0.0,0.0,4.0,844.9535298038785,98.9226709246711,0.13137915860009172,853.8959418176076,0.6230988218085736,0.4362083424041729,0.32257262880866194,193.92116567884256,3.8125
1513,S1299,0.4445188891182277,0.0,0,0.0,0.0,4.0,840.8583200987629,99.83369727641534,0.15699028419151523,887.8876788254432,0.7366200850302983,0.5164546751424499,0.3957334207705095,186.07214691175605,3.4375
1514,S1184,0.44444752500132123,0.0,0,0.0,0.0,4.0,1036.85179229575,120.37650804059335,0.1682491494120024,895.4856124319494,0.7206422201734842,0.5280458152667846,0.4277473266124289,181.96404204617502,3.625
1515,S0251,0.44430553668304484,0.0,0,0.0,0.0,4.0,948.3609624219871,99.57594319356733,0.1512491249395683,900.5563416504812,0.7152566025395063,0.5526954520035361,0.39431608574323107,182.53803111247157,3.375
1516,S0337,0.444269086372606,0.0,0,0.0,0.0,4.0,1004.5950350822623,123.05729883888961,0.16277874047292157,897.574025972151,0.7441172377456613,0.551406750158918,0.3992002936708167,178.3697134299848,3.5
1517,S1782,0.4441625969318009,0.0,0,0.0,0.0,4.0,1009.1700120319051,120.39286803703862,0.15854449372422283,906.2061239232587,0.7430460175060773,0.5397767947474978,0.3982388632841578,180.29403996361452,3.5
1518,S1260,0.4441229258528676,0.0,0,0.0,0.0,4.0,864.332761398323,107.40333869089238,0.15186985518822924,868.0651635560882,0.6670736167877434,0.4872329915891198,0.3444623286841152,190.36744637422868,3.625
1519,S0077,0.4440061524831428,0.0,0,0.0,0.0,4.0,1236.8230157789003,117.77156301335934,0.16318866335253518,903.0052004003603,0.6718400050533577,0.5401255675796474,0.41689509351873233,177.63245938675803,3.4375
1520,S0369,0.4439842760344894,0.0,0,0.0,0.0,4.0,877.3307856741285,106.7642385931797,0.15597633890897408,878.7075595874903,0.6829903911573445,0.5267126482516099,0.3689138660513718,192.37356223009635,3.8125
1521,S0137,0.44396008042149243,0.0,0,0.0,0.0,4.0,1160.8904927142735,108.81483195955204,0.1656609400528858,904.2537555141482,0.7165539553062289,0.5642774727892677,0.41041951503267066,181.35852580210712,3.5625
1522,S0887,0.4438310304216679,0.0,0,0.0,0.0,4.0,818.5266236463607,117.44841082263088,0.15327633349329864,861.8769408306991,0.6806171890362848,0.45676049819408143,0.342519778951597,189.4166884598502,3.625
1523,S1691,0.4437940745945151,0.0,0,0.0,0.0,4.0,950.5227667582943,115.31845750622648,0.14690265375061803,887.9761424452852,0.6242695505527535,0.5138471467279401,0.389609691405823,184.38710733411705,3.5
1524,S1519,0.4437702009586772,0.0,0,0.0,0.0,4.0,733.0398995651997,106.3722699858601,0.14322315565729335,862.8952870232498,0.6557177677131298,0.47033333754598405,0.341888525176585,191.94722721600752,3.5625
1525,S0765,0.4437396523509273,0.0,0,0.0,0.0,4.0,953.1324341004314,101.28669151534787,0.1514503535310418,878.1955676125682,0.6350278526844451,0.5166439553529159,0.3805557645063777,186.8502918451929,3.5
1526,S0174,0.4436690314634624,0.0,0,0.0,0.0,4.0,1093.0399309203283,111.6847682569722,0.15773927818515907,912.9122564776237,0.751429406463732,0.5676847987479176,0.41102377750002705,181.51334355166344,3.6875
1527,S0911,0.44366898836056956,0.0,0,0.0,0.0,4.0,832.5255902573224,101.69566703075992,0.15597510532313577,901.9680961776706,0.728605394773105,0.570193760033391,0.379091137096489,189.11567494647946,3.4375
1528,S1210,0.4435167698278567,0.0,0,0.0,0.0,4.0,947.5952550845266,114.19261825057407,0.15113997798751314,889.1487903645457,0.6804941017060995,0.5149923793355294,0.37561112514482065,184.6402070826712,3.5625
1529,S0503,0.44338190794011023,0.0,0,0.0,0.0,4.0,949.9298731802168,112.77993791610986,0.1405472050384677,863.0118656566939,0.6155115178894086,0.46590986667916867,0.33546213869822245,187.55808478407693,3.6875
1530,S1694,0.4433625206094285,0.0,0,0.0,0.0,4.0,919.1016683999643,115.34395223651076,0.15172923403976718,867.8587585090603,0.6575345245814003,0.505120240237327,0.3286992172710487,185.57688015925248,3.5
1531,S1248,0.44322369553637353,0.0,0,0.0,0.0,4.0,1103.086131483087,110.50504295017596,0.1623704368437188,889.5266525940715,0.7309429492532729,0.5209620141005978,0.40174811319529374,178.2885614394989,3.5
1532,S1175,0.44307777530536907,0.0,0,0.0,0.0,4.0,945.2822593245883,100.87375353852848,0.1551018272115402,913.5996929678905,0.7231334332317446,0.5573666007075244,0.44471110142308684,186.07587568952016,3.5625
1533,S0414,0.4430735123063224,0.0,0,0.0,0.0,4.0,808.48939695231,92.08381582804736,0.17382825749376374,877.3915445118777,0.7626873501545279,0.5246050745586225,0.373799733210693,191.5286076645084,3.25
1534,S0092,0.44300463936210416,0.0,0,0.0,0.0,4.0,901.9538208614428,101.23694071702327,0.15432399920434006,922.4294882470978,0.8195393843925088,0.5990758706788024,0.408675353640558,182.68744008396433,3.4375
1535,S1029,0.44296918588824136,0.0,0,0.0,0.0,4.0,840.6435230759364,114.71293247933932,0.14036576590600486,869.7044876667421,0.6585506109179358,0.4806031965839248,0.3568786460694692,180.45133680056156,3.3125
1536,S1078,0.4429449238672367,0.0,0,0.0,0.0,4.0,958.5685360567117,117.28472719904408,0.15658759023103702,874.0345323640662,0.6522210873634613,0.49765164454976835,0.36917755008684106,180.84895658076786,3.25
1537,S1103,0.44293989728996436,0.0,0,0.0,0.0,4.0,846.0156068078775,107.60332580033447,0.15508655344551558,900.436684540581,0.7728997092511349,0.545917553028923,0.4040423812835039,180.60491367970795,3.3125
1538,S1609,0.44292459798211625,0.0,0,0.0,0.0,4.0,881.4828750184512,103.29998365604703,0.1339296244295538,862.9179111927234,0.6129536708096879,0.4730636701747658,0.33907264162394946,188.39485831495585,3.625
1539,S1499,0.44276449410174007,0.0,0,0.0,0.0,4.0,897.3723696433898,108.55804486405191,0.1629101448724371,882.0645734882291,0.6886934296395716,0.49597279708579717,0.37326700780057215,194.23037563169183,3.6875
1540,S0752,0.4427118527874792,0.0,0,0.0,0.0,4.0,792.9937976447317,101.26925468753946,0.14896533686276894,857.0402066831697,0.628701537232949,0.4696879404742177,0.32773903860364384,197.42645339840638,3.625
1541,S0132,0.44268524794726904,0.0,0,0.0,0.0,4.0,870.1223295773178,99.53465145181232,0.14955231037662256,890.1617569748064,0.7172635502581151,0.5075158000436231,0.40900954762981306,183.8254953439076,3.4375
1542,S1021,0.44261148122040045,0.0,0,0.0,0.0,4.0,1218.2795394077486,130.13544413768273,0.1946432704433038,888.3545646660189,0.6912388983632448,0.5411148788019569,0.37310321541822794,191.35064817593945,3.625
1543,S0889,0.4426107658954139,0.0,0,0.0,0.0,4.0,1086.4192219718145,118.20987877667434,0.15523540429222096,857.2102689627642,0.5851737210894449,0.4510695340297784,0.33738555444591334,187.51241381670675,3.5625
1544,S0622,0.44260429915473454,0.0,0,0.0,0.0,4.0,971.2331402354301,111.23442923964855,0.15680447414752102,864.8192735552759,0.6334349830888653,0.46190713850928733,0.3614282769284838,188.64049688186446,3.5625
1545,S1963,0.4425971755740879,0.0,0,0.0,0.0,4.0,980.6715468872869,120.49476349000699,0.15986219895106,876.0861312947687,0.732021999113879,0.4780809906449457,0.3919966825768374,175.7488631657852,3.3125
1546,S1176,0.4425844897042448,0.0,0,0.0,0.0,4.0,1020.7067825249544,112.46174635325869,0.16562047588788917,894.3169284461061,0.6889025876665128,0.5192836417932841,0.38678744274528676,188.68968296488302,3.5625
1547,S1808,0.44258413872771335,0.0,0,0.0,0.0,4.0,806.8113900250853,111.955874859293,0.16102484302165804,873.1987069840116,0.7375999979095811,0.4885944869791229,0.37078992724857235,185.95420545364388,3.4375
1548,S1983,0.44231803245639306,0.0,0,0.0,0.0,4.0,780.475442121594,94.79278514160228,0.1439255696305516,855.9077822714167,0.6855807527724905,0.48628630847171905,0.3221663207273184,193.1481347396801,3.6875
1549,S1615,0.4423048683713069,0.0,0,0.0,0.0,4.0,1261.8256167395232,125.3632093641221,0.18107841197491337,869.2414306660222,0.6357569318098278,0.4744731030347753,0.36479990686322844,184.88354221523807,3.4375
1550,S0950,0.44227436375830614,0.0,0,0.0,0.0,4.0,856.2260735709622,97.01026275511407,0.1545962915660899,902.703717173677,0.7066989239355344,0.5413505656509171,0.41359049864794,189.57260025856758,3.4375
1551,S0842,0.4420391096709569,0.0,0,0.0,0.0,4.0,904.7039173664748,108.53592476271021,0.15679745803290396,865.806971397802,0.6646489455376485,0.49024580520605376,0.35485496319447624,185.5023849894815,3.375
1552,S0814,0.4420226011497864,0.0,0,0.0,0.0,4.0,951.7858694292989,112.9464674217533,0.16757643261523594,903.6432316026335,0.7466480078679955,0.547854821640396,0.40392201564697733,190.8669591556484,3.75
1553,S0315,0.4419264571747237,0.0,0,0.0,0.0,4.0,760.7029621625666,99.63667087110406,0.1518741412495996,890.8583101699157,0.6919524070285118,0.5094818894714953,0.3896948432483186,191.90310763997385,3.375
1554,S1282,0.44188556467613616,0.0,0,0.0,0.0,4.0,885.8536637357553,97.55501950929917,0.13556551902686367,872.713216530994,0.645388705604996,0.467975503848207,0.3497078949946425,184.95316656622657,3.3125
1555,S0180,0.4418788781716025,0.0,0,0.0,0.0,4.0,786.6740575253096,104.78297938098476,0.13905999334373292,856.7230032402088,0.6229877767880962,0.4731896316083715,0.3302910932069621,192.36645227772686,3.625
1556,S1355,0.44187542444915495,0.0,0,0.0,0.0,4.0,851.3245721119855,99.7486735221816,0.14905321744817077,885.3417238499524,0.7514247259242987,0.5177604406789884,0.3984296249298399,183.00943358722648,3.5625
1557,S0194,0.4417183796850914,0.0,0,0.0,0.0,4.0,1004.3506764112774,116.11911980147453,0.17289696660912868,915.4210553196864,0.7910684425154411,0.5313885750795557,0.4512885356796376,183.18335166672603,3.4375
1558,S1150,0.44171413466243686,0.0,0,0.0,0.0,4.0,781.2584136579558,103.3726569671405,0.1345598546636256,869.5607900411014,0.654376366220687,0.49148448359049224,0.3745520797633151,184.36556166101406,3.5
1559,S0690,0.4414744999038565,0.0,0,0.0,0.0,4.0,996.6233279478807,129.05976982071473,0.17332696099170264,871.1767439831953,0.6268134108594977,0.48334984185873636,0.3760580914319006,193.07500306415525,3.6875
1560,S0849,0.44146588734724823,0.0,0,0.0,0.0,4.0,966.9306072117291,111.71408398824212,0.15601040403712735,860.524434289342,0.6171209213961548,0.4576002063200447,0.35085258257794527,188.12926331476763,3.4375
1561,S1087,0.4412735949514741,0.0,0,0.0,0.0,4.0,742.2406425655352,99.0842772091753,0.14310108334436483,864.0944391029715,0.6448997515700917,0.4775017122964456,0.33916162287353324,193.33651408545387,3.4375
1562,S1897,0.44121451603446965,0.0,0,0.0,0.0,4.0,862.0378104244965,119.71607625607001,0.15903407741778403,908.1031886175346,0.7625080961999898,0.5476559003465817,0.3989616015694738,188.32886665910095,3.6875
1563,S0294,0.4411763589245019,0.0,0,0.0,0.0,4.0,1100.1863241390483,112.47562070260098,0.15974301197675025,902.4435056530423,0.7313033935371437,0.5631318386623586,0.3871290872413471,179.08882732613304,3.4375
1564,S0002,0.44112072269522723,0.0,0,0.0,0.0,4.0,1152.0304099268685,127.36735905683645,0.16932209376040616,899.8812258563477,0.6975799894923068,0.5397617379367884,0.4038321718663646,180.3839777490499,3.5
1565,S1960,0.4410774628960867,0.0,0,0.0,0.0,4.0,796.3575779407037,106.36995458461575,0.14611257004372008,856.9374721601326,0.6405141200234887,0.4664839318776546,0.34276719950023327,190.11020004046927,3.5
1566,S1913,0.44107632078477177,0.0,0,0.0,0.0,4.0,996.4276682424793,101.09226206094415,0.15219696394447416,872.7422343119465,0.660367424142412,0.4978189847973681,0.340131153904129,189.9241079535437,3.625
1567,S1396,0.4407920494304868,0.0,0,0.0,0.0,4.0,774.7809887506706,100.08565297281882,0.14614563308539555,889.291419908946,0.7664750939501591,0.5296684344748324,0.36678029055766564,187.17219005357293,3.5625
1568,S1134,0.44075137012546484,0.0,0,0.0,0.0,4.0,797.6555693719821,109.97442522739249,0.1552648914110525,919.4891310813016,0.8159073643756888,0.5612832415022251,0.43035833341020874,186.39207725475546,3.5625
1569,S0155,0.4406249122631088,0.0,0,0.0,0.0,4.0,875.4981906853183,105.78104303661934,0.14994372542802908,890.3460097301094,0.7447277871572933,0.5330261558491272,0.39740240371868313,183.36649515512323,3.625
1570,S1105,0.44047239796043486,0.0,0,0.0,0.0,4.0,959.2248887474586,102.23335607318896,0.15034802366131755,871.7810916954522,0.686393230369563,0.4775552158099429,0.3538926965556465,183.73343453895333,3.375
1571,S0472,0.4403078368945849,0.0,0,0.0,0.0,4.0,861.4132451602873,108.46219772047144,0.16718217308305075,873.705049841506,0.6889604069113362,0.49790873903365707,0.37784155892430477,189.7635120831048,3.375
1572,S1010,0.44028416264193554,0.0,0,0.0,0.0,4.0,864.6763937617189,108.98716662727915,0.14877791487203618,876.3347003470263,0.6860535145419243,0.5065475545457071,0.3473181542744852,185.82734544629687,3.4375
1573,S0252,0.4402299622942219,0.0,0,0.0,0.0,4.0,1134.027767677447,126.60175455674423,0.18329741158906643,865.8991426705138,0.7155753025341706,0.5047910764799985,0.33335520575333405,186.3338786817612,3.5625
1574,S0833,0.4399902553082769,0.0,0,0.0,0.0,4.0,817.0138476038331,99.18192409616103,0.15311075003617938,902.1637561105572,0.7869743064444831,0.5418469305402753,0.4105286637778786,189.0293084130608,3.6875
1575,S0857,0.4398181647640287,0.0,0,0.0,0.0,4.0,972.6488580301127,118.13747964587172,0.15168563238940075,888.3818311923148,0.6605663528520442,0.5302935566966305,0.3852080269289151,181.62388441513087,3.4375
1576,S0270,0.4397818125752944,0.0,0,0.0,0.0,4.0,850.9476826881184,97.27874022541465,0.14404831984928074,862.3299222358742,0.7196271615348736,0.4971419812291281,0.33450353103930663,187.4541882796174,3.6875
1577,S0241,0.4397147133639437,0.0,0,0.0,0.0,4.0,891.3976780315912,120.28636708401662,0.1494567198706775,862.1306649233155,0.6386331516424484,0.4575742658231074,0.34730560117175463,185.2838165389407,3.4375
1578,S0944,0.4396016962184794,0.0,0,0.0,0.0,4.0,851.2818085247615,111.6738158616286,0.1594067145707151,856.8704012227392,0.6652378951660659,0.4934933897878152,0.3257266982220288,191.8683144030468,3.5625
1579,S0786,0.43958088822622593,0.0,0,0.0,0.0,4.0,910.9911873037776,104.46657059673572,0.1582217294791267,877.4128330469555,0.7047965614681866,0.4850951046961886,0.37715015150960857,183.22631233397516,3.1875
1580,S0602,0.43957527938881413,0.0,0,0.0,0.0,4.0,842.0572537904075,107.7388757881138,0.15650296319108098,878.4497120852241,0.6629408827624019,0.5055349479558081,0.3442999635971988,194.59197521031808,3.5
1581,S1778,0.43954272644344083,0.0,0,0.0,0.0,4.0,907.0364569919731,104.72624588474818,0.1512007341605172,874.0884738236116,0.6278086188361447,0.4950007817763942,0.3921143265983413,190.2891925184706,3.625
1582,S0940,0.4393537124331364,0.0,0,0.0,0.0,4.0,880.8253517871369,100.50465538352287,0.16003216932943892,859.880428234928,0.6866736933605238,0.4724969768925724,0.328215361669727,192.22559114170852,3.4375
1583,S1461,0.43927195316630374,0.0,0,0.0,0.0,4.0,935.8418462356108,102.56241784007958,0.15100133762179632,882.7639168592009,0.7338512555578278,0.5199042184264516,0.3578203726100484,182.75237804307594,3.4375
1584,S1911,0.439199982274543,0.0,0,0.0,0.0,4.0,889.5930301278047,99.55179868895686,0.14696146924393635,845.9966342123339,0.6434628482218753,0.4305970165132161,0.31068555757343236,188.17687251855395,3.25
1585,S1630,0.43914884942037324,0.0,0,0.0,0.0,4.0,897.8017226576839,108.22069480054964,0.15347890429622454,875.2477523535214,0.6674320765337504,0.531979206528493,0.3513288922997384,188.44411158314085,3.5625
1586,S0111,0.4390230737418637,0.0,0,0.0,0.0,4.0,817.9851717187964,110.77238503244556,0.14499963171283053,913.8796401725751,0.7563636908854356,0.5484650888374197,0.39027519128189564,189.98761753797675,3.6875
1587,S0821,0.4390083784753102,0.0,0,0.0,0.0,4.0,853.2397305941407,105.74669027352492,0.13518424887911112,880.3114113286782,0.607305813455301,0.47449299866635425,0.3705699674311329,191.44147883597603,3.5625
1588,S1973,0.4389983158982912,0.0,0,0.0,0.0,4.0,846.3839738698714,100.59108675756082,0.13820477420837043,858.7605206351866,0.6225546961424933,0.45493371061001703,0.34371855585085886,189.81845037020935,3.5
1589,S1145,0.43887009898045987,0.0,0,0.0,0.0,4.0,1067.3674431958436,111.95375362732312,0.15710134937549297,879.2940597127898,0.6835956134573485,0.5037386613481554,0.37687562071204184,179.54777232566644,3.375
1590,S1667,0.43881240443470454,0.0,0,0.0,0.0,4.0,915.5783976403056,104.32362150393533,0.14028987015669805,892.7620942552373,0.6569154516799697,0.4961822348011342,0.3990800066467061,185.96143182148091,3.5
1591,S0441,0.43879261842791145,0.0,0,0.0,0.0,4.0,932.2649171826431,100.42476004084341,0.14462887407450858,905.3342113099484,0.7779136080653596,0.5465556233068452,0.4053026198190614,180.11677020865665,3.5
1592,S1836,0.438778169140128,0.0,0,0.0,0.0,4.0,749.6847911155925,93.41541169547318,0.13762900337363299,876.2172334289983,0.7361601921450055,0.46606137098789985,0.36808973985745697,186.100309876401,3.375
1593,S1885,0.438761297375851,0.0,0,0.0,0.0,4.0,1060.1534820205477,104.34659036299263,0.158099997445375,926.2449051502161,0.795467660606128,0.5892904861900525,0.44296754161127905,181.65735438153015,3.5625
1594,S0083,0.43870068799785783,0.0,0,0.0,0.0,4.0,1005.2543480699594,110.49282468588164,0.17118033004624397,903.5373739528908,0.7517909456459491,0.5447545488607206,0.42496147467327183,186.76252174300691,3.5625
1595,S0659,0.4386272303660746,0.0,0,0.0,0.0,4.0,801.6502068493276,104.4390833941703,0.14851492738060543,875.785508058473,0.6703379322991138,0.48755319389259566,0.3813935934766191,188.61966795390902,3.4375
1596,S0948,0.4383487084287343,0.0,0,0.0,0.0,4.0,1015.6808130746033,110.16454220722483,0.15217289252499094,895.580418107079,0.7078964387436063,0.5162799116837048,0.3836169757898387,180.36296125662136,3.3125
1597,S0395,0.4382998724199256,0.0,0,0.0,0.0,4.0,1078.5015547794346,111.12922706123425,0.15165064893160432,914.9208829397511,0.7746368874719753,0.5641966119987721,0.41477690711734466,176.25567572327094,3.4375
1598,S1413,0.437995052711205,0.0,0,0.0,0.0,4.0,905.7197906229868,113.2622411850243,0.12874792652320366,854.4929950321341,0.6170014155623983,0.4767669686641135,0.30915320922579836,183.64219546747185,3.5625
1599,S1711,0.437621284891837,0.0,0,0.0,0.0,4.0,810.521238720728,92.70435126450595,0.148102998731222,869.2061996578303,0.6538333674569835,0.46092200837502306,0.383817453071614,192.84206972582245,3.4375
1600,S0366,0.4374533291728576,0.0,0,0.0,0.0,4.0,919.599971941647,117.98079508181364,0.1690567611911868,866.8503083601184,0.6520725389910428,0.47644409973542384,0.33713566135617784,194.39048298011602,3.4375
1601,S0144,0.4374425361901218,0.0,0,0.0,0.0,4.0,734.5919664868834,105.00449742217194,0.13102821293271671,880.3774505349793,0.7038022046970929,0.4973522435471407,0.38755007438369443,181.29522169946972,3.375
1602,S0237,0.43740184420584804,0.0,0,0.0,0.0,4.0,695.1426159630556,102.37527972289791,0.13125207533972325,845.6155639796675,0.6030763416705087,0.4527578768244553,0.33015593556516204,189.08876177539096,3.25
1603,S1626,0.43738559191517407,0.0,0,0.0,0.0,4.0,959.0590302409904,114.57002013134826,0.158235230445476,848.2353395503268,0.6257684603043538,0.4715901792978264,0.3259751004574593,190.69900885611912,3.625
1604,S0564,0.4373752698523025,0.0,0,0.0,0.0,4.0,946.140556334219,109.87652120318778,0.1659174608744704,892.0594900711793,0.7407692350700263,0.5146341089673392,0.406583111071477,187.3455215536966,3.5625
1605,S1625,0.43726121051649564,0.0,0,0.0,0.0,4.0,840.33924879946,98.3653569345977,0.14062091573544938,869.0144663228074,0.6250965625876018,0.48248875676397285,0.36429345204937047,190.90113241993356,3.5
1606,S1208,0.43721037055014045,0.0,0,0.0,0.0,4.0,841.0791377622685,107.05421134843573,0.15370735581924824,855.7467838688126,0.6734691753305864,0.4654778443883947,0.3478478461461104,190.00635296247316,3.5625
1607,S1635,0.43719511224763624,0.0,0,0.0,0.0,4.0,871.9079725852889,104.77541887185602,0.1523957526255949,869.9232494997096,0.6811154836100599,0.4859510573271847,0.32852447320095385,191.86227352784036,3.5
1608,S0788,0.4371036799723172,0.0,0,0.0,0.0,4.0,889.3211410010117,107.6358082704868,0.15491179120600176,893.587598643449,0.7743260120058776,0.5282396995756397,0.40025052841825226,183.23855721992135,3.5625
1609,S0735,0.4370699640715313,0.0,0,0.0,0.0,4.0,1048.2859308842199,105.9516193897587,0.16851186445127903,891.6673917411882,0.6955493129234985,0.5226916669112658,0.3785408390731547,191.58776722220648,3.5625
1610,S0509,0.43701882401623277,0.0,0,0.0,0.0,4.0,929.2867108393938,113.57566365670829,0.14239337427119553,895.8009226562639,0.6916800711056236,0.5247113541997214,0.39609074320635157,182.27866854954672,3.5625
1611,S1516,0.4367006272449468,0.0,0,0.0,0.0,4.0,768.1426057333515,86.83170672933045,0.13651353592158375,890.7829640080191,0.7263575586573363,0.5272150423778389,0.3684122396466127,191.95868245475634,3.5625
1612,S0417,0.43650204954213717,0.0,0,0.0,0.0,4.0,938.7748095110883,97.27815255141309,0.15661629765044743,887.6048173509784,0.6862637395237027,0.5291781404457822,0.38833372264131644,188.65840378622445,3.4375
1613,S0269,0.436436534039506,0.0,0,0.0,0.0,4.0,833.6129350593769,106.52059233820125,0.142695502422225,874.9972012521806,0.7266185610229833,0.49229019926449336,0.36333886185461717,184.0308831868438,3.5625
1614,S1212,0.43630370902552146,0.0,0,0.0,0.0,4.0,882.1075073702374,105.23814711354134,0.15053408057294682,892.5651381949788,0.7065225481253021,0.5235796602539688,0.38258102722214365,186.6830022709248,3.4375
1615,S1749,0.436266009459951,0.0,0,0.0,0.0,4.0,803.884691113177,104.94707185311287,0.1533001651943105,876.4584225980581,0.7099160998968541,0.48422323689038216,0.39467160524993117,187.08487701286856,3.4375
1616,S0075,0.43617955995925045,0.0,0,0.0,0.0,4.0,1097.6087029448051,114.70828277915484,0.16016516762317048,921.1964080477392,0.7357285191347209,0.5679404630790142,0.448885823554496,177.75357919261666,3.25
1617,S1643,0.4361550751634941,0.0,0,0.0,0.0,4.0,901.3520222270308,126.32822070685822,0.14895489016966046,867.4333623286798,0.6630313096196367,0.47649710681124213,0.3190295318824122,185.32698666626254,3.4375
1618,S1067,0.43596485789934764,0.0,0,0.0,0.0,4.0,784.1319653648898,112.46858324493658,0.1473600953321814,862.022110083939,0.6480737916562486,0.46901143136098294,0.33526279191132285,193.38211816899258,3.5625
1619,S1375,0.4355847796454246,0.0,0,0.0,0.0,4.0,795.5024850752316,102.63699410420674,0.13717784017531381,857.6092398488727,0.6575102704806275,0.4714446706072689,0.33658857844813406,186.1169537877754,3.375
1620,S0538,0.43551163541777177,0.0,0,0.0,0.0,4.0,740.4302530495387,110.10077661344842,0.13775608026765088,870.51940385984,0.6926533798915283,0.5036497165967444,0.3429286863790423,185.52052100833075,3.4375
1621,S0621,0.435401346979817,0.0,0,0.0,0.0,4.0,887.8073549418599,102.05015429816434,0.1544912205985058,905.9763535682472,0.8069040535790062,0.5672093527828193,0.3867364719648932,188.1406956598228,3.6875
1622,S0938,0.43512588335788815,0.0,0,0.0,0.0,4.0,976.905327905483,114.7347748751199,0.15804582861896765,891.8950375691683,0.6811795257202408,0.5318376305329974,0.38112329535256007,188.8746453159204,3.625
1623,S1563,0.4350248240287222,0.0,0,0.0,0.0,4.0,891.1965160812066,111.78834675578614,0.15748016258258865,856.2738560467816,0.660055909345574,0.4849551321926075,0.33382229447938877,186.51677163240888,3.3125
1624,S0728,0.4349418302544938,0.0,0,0.0,0.0,4.0,1195.524780625128,120.81888810843928,0.17398001653546397,941.3368659574122,0.8146522837526845,0.6169548698436702,0.4541612238804006,183.41643530574166,3.5625
1625,S0181,0.4349335150934467,0.0,0,0.0,0.0,4.0,802.796330822284,91.33521845659989,0.11768983775846835,864.1661231090183,0.6508069324646054,0.4892053809691675,0.3616350594084985,179.49936203762087,3.25
1626,S1682,0.43473571243773357,0.0,0,0.0,0.0,4.0,873.2828746360013,107.79063043678993,0.1533796917550803,863.3528717359993,0.6981315351882306,0.4815593755939651,0.3279825220173497,192.5778513434715,3.6875
1627,S1855,0.43457906800382784,0.0,0,0.0,0.0,4.0,879.3404171449987,103.99481679316204,0.14136999823187157,868.9136201969695,0.6658143941601283,0.5025895830170722,0.34710718445511335,185.83144348871915,3.5
1628,S0381,0.4345756141073271,0.0,0,0.0,0.0,4.0,1023.9578491753829,104.83422423943487,0.1467473838060846,896.5886908593002,0.6979821021213694,0.5183910363416949,0.4087821456307425,179.8422489976548,3.375
1629,S0402,0.4343778109429146,0.0,0,0.0,0.0,4.0,978.6154778216849,99.75289176480439,0.1421679984016219,898.7447731122323,0.7249299968019753,0.5639585646356732,0.404865324152597,178.67243003819672,3.4375
1630,S1154,0.4343404175901146,0.0,0,0.0,0.0,4.0,771.6882213992897,93.61696337627788,0.142625065182007,875.1712014438002,0.7508889237947918,0.5200774219679355,0.37237031467619586,185.32152102282046,3.5
1631,S1158,0.4343327422896033,0.0,0,0.0,0.0,4.0,1246.470200558008,137.02789333403143,0.1888944407235981,937.775572633374,0.8319857172583257,0.6307573785221026,0.44511814334459116,184.64823731293055,3.625
1632,S0486,0.4342304024016609,0.0,0,0.0,0.0,4.0,882.5931455667059,104.26674057247978,0.14502088815592257,863.9285144660302,0.6418866805383837,0.47567415503991917,0.3533374859216275,184.19077036891431,3.1875
1633,S0166,0.43418952028721897,0.0,0,0.0,0.0,4.0,786.0893715343917,105.11016155594018,0.15007161123564003,873.5584101024956,0.6557040511379385,0.4814838647698367,0.36804361217421266,194.36860335362655,3.5
1634,S0678,0.43418093989521944,0.0,0,0.0,0.0,4.0,914.3459830631153,102.23645327831002,0.15084609922758105,876.0562191736228,0.6473832803377317,0.4955924940033751,0.36322834843508606,191.44890570045965,3.5
1635,S1450,0.43415752677049396,0.0,0,0.0,0.0,4.0,954.8317735210534,97.64312356155065,0.16318521943042122,886.4534436319291,0.6981350095605919,0.5411633567366346,0.38449944339435205,193.32709503198686,3.625
1636,S0586,0.4341155115861321,0.0,0,0.0,0.0,4.0,994.1486225227867,109.7111376789205,0.15897665440238495,884.73294106535,0.661991111415882,0.49028139820779104,0.38307667864022277,192.00733716483433,3.625
1637,S0404,0.43408537033782624,0.0,0,0.0,0.0,4.0,716.1205822768522,93.49681707808622,0.123888893559725,864.2200826285198,0.6783856217890667,0.46807525565332786,0.33659071435570276,188.62429118441534,3.4375
1638,S0729,0.43403882371831326,0.0,0,0.0,0.0,4.0,819.6093745823803,101.2412562376852,0.13829816519551227,889.3802955047406,0.6727290421416191,0.5142866733640536,0.37999694712523746,186.27564429317087,3.3125
1639,S0187,0.43397400903493716,0.0,0,0.0,0.0,4.0,755.4651418830988,99.98033546312317,0.14988231039479544,888.2388446482923,0.7486045139923508,0.5111199706651747,0.38105422458948535,190.8893886159927,3.5
1640,S0792,0.43371044262208697,0.0,0,0.0,0.0,4.0,904.411353243408,100.30148573146107,0.13257803526904235,892.5802612343762,0.7163649735209585,0.5180920837804204,0.41483430427100954,178.94792207024693,3.5
1641,S1303,0.4337045060946543,0.0,0,0.0,0.0,4.0,872.0993552713252,101.23736439352626,0.15606166948457112,912.8249829297284,0.7926837021339298,0.5699501155154559,0.4082448450043157,184.98150179538578,3.3125
1642,S0614,0.4336916051051588,0.0,0,0.0,0.0,4.0,987.0669099480623,112.52816799857888,0.17061330494641713,866.7895731590035,0.7553712328804072,0.49337020132404585,0.3501759491100685,191.3206454050849,3.8125
1643,S0719,0.43361264645672154,0.0,0,0.0,0.0,4.0,1138.8019374790038,123.10440836987829,0.16730375063278294,904.0463581303127,0.6886883163854904,0.5546979954932221,0.39642758020013236,182.55197462182232,3.375
1644,S1478,0.43350419986354655,0.0,0,0.0,0.0,4.0,1012.1068313982647,108.58454227111106,0.14961821822827243,888.0570029937954,0.701433291562722,0.5288594723474727,0.39056268329687205,179.8285822848828,3.4375
1645,S0107,0.43329551799534033,0.0,0,0.0,0.0,4.0,825.6756517186531,112.8376525480289,0.13703007290933072,893.7048911848133,0.7185193812269435,0.5149765587655936,0.42159678459861305,176.56106226633787,3.25
1646,S0290,0.43324095791108563,0.0,0,0.0,0.0,4.0,1101.6383501361809,122.84239330143407,0.16608930821209608,904.0281771029208,0.6954273210438461,0.5346340528367995,0.416462029314043,186.12304079696105,3.625
1647,S0238,0.43298944557906643,0.0,0,0.0,0.0,4.0,955.9885832102412,110.00700435145806,0.15479500211386016,867.603735564231,0.6485822119272137,0.49507086320976335,0.361741206720079,190.79724406367603,3.6875
1648,S0641,0.43279535639071676,0.0,0,0.0,0.0,4.0,866.9782459435662,107.25442148992528,0.14875585967998745,887.3197644504959,0.73097090611824,0.5110884529405553,0.3663483318775821,184.73396458867612,3.375
1649,S0917,0.4327341513570387,0.0,0,0.0,0.0,4.0,996.6904720348991,116.68552080392553,0.15251015462486608,882.9556271225254,0.702419867706137,0.5251075810420358,0.3710004336564824,180.08407584370553,3.4375
1650,S1095,0.4326590974577045,0.0,0,0.0,0.0,4.0,982.574269452964,102.7824922558682,0.14929144340506856,884.7701785787615,0.6458244875689063,0.49148800336011145,0.38135046237838793,190.78194156267764,3.5625
1651,S0388,0.43254480083335184,0.0,0,0.0,0.0,4.0,1032.5117276686876,98.61920206216345,0.15328407752685375,851.0144713227663,0.66811293735797,0.4725820488734273,0.31370945961804697,187.8105151330198,3.5
1652,S1647,0.4324737362880684,0.0,0,0.0,0.0,4.0,854.0046423281769,97.2427336220962,0.1349611782774586,901.4910512297813,0.7612962137993557,0.569339558689318,0.39597802772887625,182.1508670190777,3.5625
1653,S1677,0.4324599799918621,0.0,0,0.0,0.0,4.0,1210.2216575256382,117.9570129845315,0.1726417154747344,909.593046916685,0.75052961874846,0.544038836478365,0.4117365295013416,182.86389681844517,3.5
1654,S0095,0.43237496358750077,0.0,0,0.0,0.0,4.0,897.571070711502,110.43690270391559,0.1744456275524066,885.524848540019,0.7727390030769887,0.5088619937772533,0.3770672558513864,192.24429086180325,3.5
1655,S0859,0.43226667477067554,0.0,0,0.0,0.0,4.0,885.4616002008157,100.93737064803364,0.13628684964563093,862.9004560015926,0.6758107936573461,0.4711303357350898,0.34126923642734863,184.17308693756777,3.4375
1656,S0772,0.43226594414464764,0.0,0,0.0,0.0,4.0,961.4868619695135,106.36655371508309,0.1478903906374991,870.5512768104073,0.6538078935769953,0.4981362709793445,0.36730890910535313,186.16954755758985,3.5625
1657,S1140,0.43209847101117516,0.0,0,0.0,0.0,4.0,967.7422844603859,111.50310859171354,0.15770025194400847,892.4018610892833,0.7031569188164484,0.5399300652528285,0.3939044647435193,186.3594468154346,3.5625
1658,S1881,0.43203127989984985,0.0,0,0.0,0.0,4.0,909.061868091064,114.19997191413438,0.1406611419579334,846.4389110158946,0.5920060861362071,0.4694172060415219,0.30727517940119164,191.52969940117094,3.625
1659,S0879,0.43197826341874257,0.0,0,0.0,0.0,4.0,952.585487949692,105.23720758894859,0.16888477867444857,888.4625889834502,0.6844014985761185,0.5330738138748332,0.3982911346295735,190.99251844469208,3.375
1660,S1215,0.4317972210724539,0.0,0,0.0,0.0,4.0,1041.4952577611184,118.12936872307019,0.15754250259144248,864.9037816879536,0.6020456288486733,0.47430429073954833,0.35679716216248075,190.08672429761808,3.5625
1661,S0059,0.43167044252845677,0.0,0,0.0,0.0,4.0,1039.1440554489438,118.40296847853715,0.16349376685814743,895.1490067817414,0.6763525206188423,0.5061861515734829,0.407673737893029,187.39040949750117,3.5
1662,S1562,0.431541368886925,0.0,0,0.0,0.0,4.0,853.8365729345834,110.24155385892053,0.14569323502868678,879.3207194853262,0.6741548304293554,0.501632733988461,0.3611261266869008,188.48226892643746,3.5
1663,S0246,0.4314360267154116,0.0,0,0.0,0.0,4.0,960.4151684641678,110.41732756194992,0.1585596654644371,871.0868998403432,0.678907295187658,0.5057873641029983,0.34982604941020556,187.18608781048246,3.4375
1664,S0448,0.4313938588520916,0.0,0,0.0,0.0,4.0,1040.0489214972913,105.3831003438996,0.12458717374606953,906.5174265055326,0.662882530794016,0.5185739974093548,0.4132168485823369,178.2462369574042,3.4375
1665,S0636,0.43121168465186777,0.0,0,0.0,0.0,4.0,853.8787915820346,106.69741959826078,0.1454625140871757,888.8312581067262,0.7021117555466575,0.5226412201366494,0.37772547584302624,189.40678005904527,3.625
1666,S1530,0.43117688226652967,0.0,0,0.0,0.0,4.0,880.3074087284573,107.80649125040195,0.15601220828693635,894.679365515406,0.7084042580317494,0.5194627387982682,0.3873275671505601,188.99517855993727,3.375
1667,S1309,0.43096854258439937,0.0,0,0.0,0.0,4.0,1043.7346032536,110.36158247339887,0.15490300778141197,885.4196387325696,0.6833753321263868,0.5227073089794805,0.3851048012075885,182.3762687174296,3.4375
1668,S0442,0.43095385060070146,0.0,0,0.0,0.0,4.0,1072.0011969517939,116.54509190737016,0.16779371658280848,905.373238119781,0.7751156625575256,0.5674704704695248,0.38242265501623784,182.1012032105093,3.375
1669,S0590,0.4309137912503694,0.0,0,0.0,0.0,4.0,906.3025114737778,111.71053481422288,0.15116412167869564,888.0208030817367,0.6591856160458148,0.501150283168527,0.3957101822976965,188.10197995889757,3.4375
1670,S1474,0.4308354442197168,0.0,0,0.0,0.0,4.0,816.0371756498183,98.96538743434049,0.15291185710094599,896.0550408493652,0.7655548171422417,0.5259690553268607,0.3819183976561268,190.1521645425103,3.4375
1671,S0032,0.43082422157016714,0.0,0,0.0,0.0,4.0,982.7603793857695,118.22734502431818,0.15462393740347927,863.3648244590033,0.6306303214800992,0.4913547050642645,0.33545301220097024,191.56514951271188,3.6875
1672,S1976,0.43075923025666485,0.0,0,0.0,0.0,4.0,851.1815223401728,91.88153842007779,0.1369647925759473,873.8562659191208,0.6899491081934989,0.5016358865214187,0.374190642794431,186.45594688249673,3.5
1673,S1304,0.430572695402858,0.0,0,0.0,0.0,4.0,889.0413633550568,102.77141070587774,0.15896303956746008,873.5288355805012,0.6750143436206196,0.5100457956587859,0.37227362127981556,190.8826646774633,3.4375
1674,S0178,0.4302941089565714,0.0,0,0.0,0.0,4.0,1119.8325735647734,120.40606536530706,0.16373132530050855,894.480222957546,0.7326201722443966,0.5379728607757935,0.37324908676560486,182.7700749444062,3.5625
1675,S1378,0.4302699013965593,0.0,0,0.0,0.0,4.0,955.0286871797103,111.04109047646367,0.15955827128507066,875.1512218735453,0.693218014799631,0.49084489709611184,0.38134629660985897,186.7863275425384,3.5
1676,S1040,0.4298562115730432,0.0,0,0.0,0.0,4.0,977.2738172256065,110.08440829760204,0.16153967549528106,886.9882895700591,0.7680097008759075,0.527709175735412,0.371458934976376,184.15070924689036,3.5
1677,S1011,0.4294109759228512,0.0,0,0.0,0.0,4.0,1033.1051382980488,129.73217269587758,0.17659145501971718,884.0702177496986,0.7255242815525745,0.5139392612265644,0.3679837043554498,187.78665564991218,3.5
1678,S1731,0.42930061173872314,0.0,0,0.0,0.0,4.0,788.7572928688193,97.34755062736977,0.13423722491100837,874.5043427790209,0.6680724016298284,0.4786339455849082,0.3753392946096773,188.77934729875548,3.4375
1679,S1452,0.4292458300172608,0.0,0,0.0,0.0,4.0,921.6374519349782,108.27254996557718,0.1481967472630392,860.9222177845502,0.6627792111302695,0.4694968468161889,0.35441974516549274,187.64300481022397,3.5625
1680,S1718,0.429151708598434,0.0,0,0.0,0.0,4.0,1026.9347286193395,114.44735341915353,0.1498218394836099,876.2382053888109,0.668625041835541,0.486159646283016,0.3607263250541404,183.09668893562946,3.4375
1681,S1419,0.4291508560725094,0.0,0,0.0,0.0,4.0,1107.3595378546822,111.56779555024445,0.140757796237062,896.9479916595051,0.6787802908511182,0.5441801395462975,0.3898371309679342,177.3919798704862,3.4375
1682,S1241,0.4291434862173728,0.0,0,0.0,0.0,4.0,1165.0676265268216,111.84548686195188,0.1710948370508523,874.5558331213277,0.6625703245461472,0.5210499408995741,0.3458773150080762,190.35022955115278,3.5625
1683,S0461,0.4291088831349625,0.0,0,0.0,0.0,4.0,995.3598409411929,104.50053020616264,0.1422102072412625,848.6708811544585,0.6135472261483733,0.4680448261706758,0.30377707078012384,188.2222551863094,3.4375
1684,S1007,0.4290987264840721,0.0,0,0.0,0.0,4.0,1067.2984183837177,110.23743840927425,0.17113436690990483,911.7113599607541,0.798777765536141,0.5662814922021329,0.39467982507406174,185.31047864095586,3.375
1685,S0487,0.42895263316499105,0.0,0,0.0,0.0,4.0,735.5551052086064,96.39011810504738,0.13372988460704038,857.3151828344478,0.6649326143225786,0.45536298685544857,0.33624256529609853,191.22551806173928,3.375
1686,S0212,0.4289518097704854,0.0,0,0.0,0.0,4.0,848.7175648838827,106.49260093798446,0.1544390667974946,880.7930500169566,0.7317592713662332,0.5013674751814738,0.370972667873646,190.20590110229395,3.5625
1687,S1214,0.42881691905481367,0.0,0,0.0,0.0,4.0,868.6528950272293,110.56221670150725,0.1443801567242863,862.941362509083,0.6463664141437194,0.4965801506907753,0.34589821041213187,187.5743131810982,3.5
1688,S1793,0.42874633061104567,0.0,0,0.0,0.0,4.0,933.6483831409325,111.59495711127445,0.14786046328798752,878.7877613573561,0.7687960581376763,0.4975054868521387,0.346039620889741,181.62127403643734,3.5
1689,S0160,0.4286041081202242,0.0,0,0.0,0.0,4.0,1063.2377403003682,114.83726106074027,0.16200701587509847,893.464498776799,0.7164926303489754,0.5537888347545413,0.396474176769363,183.46944603215366,3.5625
1690,S1149,0.4285422671300622,0.0,0,0.0,0.0,4.0,938.8437505292969,105.43784254583952,0.15261816940505538,863.8982293281322,0.6574016162669108,0.4887521746577958,0.34681084654855215,191.9308828196792,3.625
1691,S1678,0.42852978052681207,0.0,0,0.0,0.0,4.0,967.6117681961136,118.99339510056342,0.16714147922854528,895.2593515719379,0.7790753344993596,0.5604776694906937,0.38548655826812317,183.85117789559655,3.5
1692,S1121,0.42839427710814093,0.0,0,0.0,0.0,4.0,759.6206747733934,92.85158156343996,0.12269557776936088,876.5011920408717,0.6679619730429869,0.502641089038922,0.38747192278114545,185.36098180043206,3.4375
1693,S1004,0.42832637200545504,0.0,0,0.0,0.0,4.0,903.9411563323633,105.07532750432233,0.14387407185861292,868.7913308198154,0.6655868171464909,0.46353567675630675,0.374500933092553,191.5277948549378,3.75
1694,S1367,0.42824616218353856,0.0,0,0.0,0.0,4.0,1025.8547582878136,99.2738481836042,0.153411577456235,858.2762243043373,0.6539675524410765,0.46951647939760405,0.3523903240094365,189.22697217741097,3.5625
1695,S1672,0.4281035386757339,0.0,0,0.0,0.0,4.0,834.7657774244351,109.10320348856217,0.15621237973443422,881.3593906383658,0.7322486256798687,0.516665964698692,0.36622959669759375,193.19280303024868,3.6875
1696,S1295,0.4279887403096606,0.0,0,0.0,0.0,4.0,976.0472395766683,116.58355492980637,0.152640407100525,895.035294965866,0.670230019832902,0.5302631969779286,0.3788661706199576,186.81592885720295,3.4375
1697,S0320,0.4278930151583551,0.0,0,0.0,0.0,4.0,739.2268847230741,92.66840100113154,0.1346227654996927,897.1075761951041,0.7669355325468739,0.5257614157037721,0.3967027758466352,186.3085958416714,3.375
1698,S1815,0.42785495613709856,0.0,0,0.0,0.0,4.0,943.5490459978587,116.01746610402411,0.15454305021466205,880.1877555906563,0.7135908710699096,0.5135454916981171,0.34897211952458473,189.37093528289668,3.6875
1699,S1481,0.4278183077268651,0.0,0,0.0,0.0,4.0,703.3093991223583,95.39633667614153,0.13692783301890044,860.8116857869259,0.6722026363769765,0.46847285466677624,0.3443938105010842,192.1017442345422,3.3125
1700,S0578,0.4277258090828292,0.0,0,0.0,0.0,4.0,973.487983454924,90.67787738953247,0.146401254075546,896.7200899165315,0.707694324177112,0.5324585222682855,0.3880028138500355,186.29599174601628,3.3125
1701,S0966,0.42770101750648354,0.0,0,0.0,0.0,4.0,639.4835939179893,91.82986125420919,0.1224093630176436,875.8403399856697,0.704469256773763,0.501898710799012,0.35222009959541745,192.3194625968562,3.5
1702,S1712,0.42767949155762347,0.0,0,0.0,0.0,4.0,951.6220187216688,126.58702719080998,0.1355505324824225,889.3608158113022,0.6737807382914514,0.5291867393084724,0.37616290467598545,178.37054531070046,3.5
1703,S0467,0.42731074348905124,0.0,0,0.0,0.0,4.0,837.4431955532026,102.09797138732529,0.1540378911043117,911.78146274734,0.7856465195662077,0.5652074858576599,0.3913633698370553,192.95478447497536,3.5625
1704,S1337,0.4271678954085224,0.0,0,0.0,0.0,4.0,996.3605076972883,107.87017234840076,0.16093946730038064,891.2996720255893,0.6834247867464449,0.5329600052975412,0.3741726011231391,189.3639831675563,3.375
1705,S1372,0.42687245358253684,0.0,0,0.0,0.0,4.0,1065.6877659761778,112.02186957074721,0.14487479159600525,909.2517211765593,0.6955434163836084,0.5322539629297014,0.4046207476947526,181.3783684373551,3.375
1706,S0840,0.4268323978222608,0.0,0,0.0,0.0,4.0,910.8884181449883,113.29883962402867,0.17040917428456615,884.8729265153323,0.7555992362651007,0.5352035836848658,0.36199907193919506,190.2584295283263,3.4375
1707,S1219,0.4267315333442101,0.0,0,0.0,0.0,4.0,889.956775448585,108.50731385422202,0.14218713350279846,874.6289174401206,0.7161613303605309,0.5217764420897374,0.3498773147773813,180.99832682897016,3.375
1708,S0934,0.4267066774686184,0.0,0,0.0,0.0,4.0,892.842253322336,96.0043152506855,0.1360569342494596,867.10934168996,0.6492578833214109,0.4817245297443728,0.3717894103825324,186.2149134211152,3.4375
1709,S0853,0.4265859607000395,0.0,0,0.0,0.0,4.0,710.0168732861736,106.5464962461776,0.13987923810521466,866.8567120162453,0.6843128797683669,0.4870226315319656,0.36414594080363366,190.4414955152221,3.5
1710,S0030,0.4263382589985341,0.0,0,0.0,0.0,4.0,775.1621514573296,100.80174303717652,0.1483458485440051,880.4666305527077,0.7463372680244654,0.5210686589456289,0.3733911972738544,191.4184090734526,3.625
1711,S1868,0.42631227662604293,0.0,0,0.0,0.0,4.0,904.8358238121252,115.57113067820698,0.14989591136472644,874.6682602475656,0.6656609550466166,0.5124052780020868,0.37023960383214294,184.11652895370696,3.375
1712,S0268,0.42621654274591164,0.0,0,0.0,0.0,4.0,1002.574534501558,105.22722336794972,0.15569439353669248,894.2089276553513,0.6917041396674289,0.5411994533594139,0.37004953589175615,191.14712482719372,3.5625
1713,S0762,0.42614747671087766,0.0,0,0.0,0.0,4.0,977.3264000789823,97.08299712710455,0.1452568280916145,872.8300489269556,0.6959690061196238,0.48689016222786696,0.36230435679184414,187.06723106891172,3.5625
1714,S0370,0.42591581804205225,0.0,0,0.0,0.0,4.0,808.7677691549285,112.81719012883589,0.1309063177308629,878.3541180033635,0.6721217010240522,0.48385164667759484,0.3747709158423739,187.05628970747196,3.625
1715,S1816,0.42569524603546155,0.0,0,0.0,0.0,4.0,945.9069886876808,107.8477588659863,0.1516876232584114,878.9872599504536,0.6847233812867581,0.5090033366718594,0.37225278630674724,186.16916061834706,3.4375
1716,S1162,0.42564752684477875,0.0,0,0.0,0.0,4.0,892.5390748649397,117.49711705556726,0.15269153496755355,884.7380114041405,0.7602280526286561,0.507709564612007,0.3793964554990928,183.75809851412092,3.5625
1717,S0975,0.4256249371122184,0.0,0,0.0,0.0,4.0,1043.0853461301153,110.81269590641311,0.16568195147122167,913.2466910958689,0.7799453988137766,0.5710066067727566,0.40591454362656165,190.2113873548529,3.6875
1718,S0962,0.4255574378830591,0.0,0,0.0,0.0,4.0,1078.5142644911998,114.33188796024828,0.14169767598831423,901.3570456179463,0.7374497465955985,0.5399745979131996,0.3849600218235489,179.46376610809025,3.625
1719,S1908,0.42546391918484744,0.0,0,0.0,0.0,4.0,914.3416859606403,107.36048231900591,0.15377689127845437,881.0240736342832,0.7441436822955224,0.5282244030260196,0.3716029903930677,182.66874733670102,3.375
1720,S0680,0.4254010820251838,0.0,0,0.0,0.0,4.0,778.926906134424,101.14447436847409,0.1452189928792514,870.2848376520556,0.7342022782528462,0.4990267736833234,0.34634012340939124,187.7087477934385,3.375
1721,S1790,0.42484193346677385,0.0,0,0.0,0.0,4.0,1081.5470841000301,114.25598887136076,0.16477570687050716,896.4117268656724,0.7095999664346282,0.5135356809297172,0.4016965156385599,189.4870873569428,3.625
1722,S1958,0.42483522600064527,0.0,0,0.0,0.0,4.0,1055.4846949516814,104.97874630916289,0.15920689702714394,877.6997116166624,0.6941774148467887,0.5132601326778291,0.34767179478614574,189.89574335656968,3.5625
1723,S1455,0.4247340211871599,0.0,0,0.0,0.0,4.0,961.7564229628491,116.5124055842456,0.14190756250224482,904.3347246767709,0.7741959297643526,0.5659740649683979,0.39748521941604303,174.0285104019834,3.25
1724,S0562,0.42428900164026484,0.0,0,0.0,0.0,4.0,849.2676624644421,107.19857411078496,0.14061399994350401,873.3697464276893,0.6621069768855757,0.4783379146880307,0.3672600050551738,188.33508565381732,3.4375
1725,S1593,0.4242299725341984,0.0,0,0.0,0.0,4.0,927.8465424361619,105.68856117430258,0.1372102332972606,853.8086201436239,0.5904383191741794,0.4385114299215329,0.3469792243348583,195.32075954651327,3.6875
1726,S1812,0.4241327538320285,0.0,0,0.0,0.0,4.0,899.5385542182893,108.83693825164269,0.13618837126619687,865.219467263826,0.6055902797362703,0.48036126228784143,0.34272876192001134,191.7028450335598,3.5625
1727,S0847,0.4239937394672386,0.0,0,0.0,0.0,4.0,1063.8592105521016,108.42014407090002,0.1494609155515935,880.3057524530888,0.6916778392267455,0.5135411154854103,0.3704663435210642,182.36426931388732,3.5
1728,S1284,0.4236516612832023,0.0,0,0.0,0.0,4.0,1074.8799920352335,106.04273204560695,0.16121606440100683,879.8649003133471,0.7218142509457556,0.5264159711337725,0.35919418084404864,187.83134548404178,3.625
1729,S1870,0.423636248367201,0.0,0,0.0,0.0,4.0,891.6961775528152,108.71533799881644,0.1465653267630191,868.6547648164268,0.6481842751068937,0.49513512633318035,0.35378217133564893,192.52361626631372,3.625
1730,S0223,0.42357818258008423,0.0,0,0.0,0.0,4.0,805.2264832030129,104.98076869412341,0.14298856119285797,866.040409992601,0.6647831006607279,0.4923812930622735,0.3360738902207686,193.17135843319076,3.5
1731,S0228,0.42304044535399665,0.0,0,0.0,0.0,4.0,747.3721744261926,103.71137571222727,0.13784488617817056,876.5155903620683,0.7896700804717306,0.53183221839791,0.3599432691855552,180.99941525478496,3.375
1732,S0184,0.42296038817340287,0.0,0,0.0,0.0,4.0,899.235080167181,96.9520949695846,0.1485320230063872,892.1889278213636,0.7513627327921064,0.5243167266291253,0.39374596610900753,189.71730286265657,3.625
1733,S1714,0.4229297772504141,0.0,0,0.0,0.0,4.0,888.2019883621746,103.07607327620744,0.1583377314324755,887.4447965222716,0.7383012926172274,0.5326709388336136,0.3886899922006146,189.83540984377876,3.5
1734,S0277,0.42288004058079687,0.0,0,0.0,0.0,4.0,1113.6758372495526,111.70534160587498,0.13916533740923742,900.6182650658432,0.7497763053171281,0.5409816939934216,0.42589255944973875,169.9218982202893,3.25
1735,S1606,0.42285871283443216,0.0,0,0.0,0.0,4.0,855.9581432805244,112.733329926637,0.1474439382536659,881.386787339872,0.6533739821225362,0.514877482337364,0.3550380060332165,188.07321781140493,3.1875
1736,S1621,0.42271241997810965,0.0,0,0.0,0.0,4.0,907.3931791712944,99.85696978520551,0.14975845902078833,911.1885348805222,0.7129897415182832,0.5736384833589124,0.3988063951091326,188.929070738468,3.25
1737,S1407,0.4225785801443022,0.0,0,0.0,0.0,4.0,1147.4519379812853,106.65082881945789,0.17199293634908164,904.2176360687057,0.7596983146294164,0.544831499554994,0.42692846069979284,181.75450679641892,3.1875
1738,S0046,0.42245705010383305,0.0,0,0.0,0.0,4.0,899.7695071571633,103.06014784242419,0.15944172142592428,879.52361371948,0.7419327047852936,0.49832641414597484,0.3766122524301058,194.2834159172561,3.6875
1739,S1830,0.42244321622279457,0.0,0,0.0,0.0,4.0,800.4513049250426,99.8439892158141,0.13153746060691046,877.6020518651457,0.7042682705061608,0.4939414210836999,0.375348809043466,186.4477547777153,3.5
1740,S1264,0.4221254225781855,0.0,0,0.0,0.0,4.0,993.5718862608506,106.0520575497388,0.14692828462447233,868.9990923428147,0.6519772165176763,0.4976382953127016,0.36518263500473247,186.13758434116835,3.5
1741,S1990,0.4220632608141118,0.0,0,0.0,0.0,4.0,753.8201030424385,99.19882126800024,0.1439591899053274,872.0713312666809,0.7422450164765468,0.5139455656272728,0.3553479194932733,187.73667395632225,3.375
1742,S0714,0.4218148268718379,0.0,0,0.0,0.0,4.0,910.5366844759246,108.14053685378322,0.15776255346009965,896.4402668938595,0.7058135306072822,0.5179439279133101,0.3974240103336786,194.33584823457906,3.5625
1743,S0910,0.42144629362407704,0.0,0,0.0,0.0,4.0,1292.1125852212258,126.56888908257619,0.16943163503280845,898.0698747106683,0.6657804681378303,0.523822330945854,0.417526250305752,184.22280454132397,3.5625
1744,S1619,0.4213517740504195,0.0,0,0.0,0.0,4.0,956.3125133282621,106.32491544421313,0.15220479859915487,906.9182959427065,0.7159327837262123,0.5328904036377389,0.40376263706268434,187.6069800461497,3.3125
1745,S0937,0.42133350430349786,0.0,0,0.0,0.0,4.0,908.6989654561665,115.49119831791782,0.15615648230228762,881.9806600415802,0.7419825610795002,0.4984363771130834,0.36873801784406646,185.06945932686955,3.375
1746,S1015,0.4213222777371989,0.0,0,0.0,0.0,4.0,1038.7693337208302,107.06931068789933,0.14886906142731537,867.9344304022873,0.6391540970942005,0.48214783842483894,0.3747816262012154,185.139877116863,3.4375
1747,S1928,0.42128042731135396,0.0,0,0.0,0.0,4.0,1174.8123948593231,130.7451975302031,0.16131316580442528,892.663980700083,0.7035169853715186,0.5229320131040254,0.3934783445360247,179.64418106576966,3.5
1748,S1863,0.42126244084665737,0.0,0,0.0,0.0,4.0,1018.5461522396087,125.90888339954991,0.15083922292387827,880.7367704714039,0.6807719410292381,0.4910128618362824,0.35949524218584655,180.49220587410355,3.25
1749,S1068,0.4211205818079499,0.0,0,0.0,0.0,4.0,1013.27577016718,116.78557999582276,0.1567645743451982,874.7851400622384,0.6290514974767769,0.507135214551394,0.35744642883800537,189.92495153476568,3.4375
1750,S0146,0.42090196735434005,0.0,0,0.0,0.0,4.0,1020.4808251863359,111.88349041422828,0.15808053098092834,885.344730998539,0.7315045756744952,0.52712587883675,0.3992869117610612,184.49802543106946,3.625
1751,S0826,0.42058974122458326,0.0,0,0.0,0.0,4.0,798.6784416424109,93.34209754392424,0.14445489483955648,891.7307504565744,0.7498203858776601,0.5310147698762767,0.38820087576182044,189.44142900071932,3.375
1752,S1380,0.42048703009426275,0.0,0,0.0,0.0,4.0,842.4996769246881,97.98197967817953,0.13812228811683952,887.7060003493862,0.7240946076030843,0.5155724196722072,0.3794340949603728,187.09462155072367,3.4375
1753,S0456,0.4202518086737439,0.0,0,0.0,0.0,4.0,814.9763314517162,106.7078489916261,0.14145425133725723,856.3251152254794,0.6987800427999281,0.47916947699787893,0.33495361015789255,187.90690291141993,3.5
1754,S0831,0.42013266098042845,0.0,0,0.0,0.0,4.0,1008.8921541146025,119.65928493450626,0.15280369603381316,868.7441020623526,0.6477737482463563,0.48478677578530105,0.3654714207702697,181.60668583781822,3.1875
1755,S1702,0.4200415503956186,0.0,0,0.0,0.0,4.0,795.8384202879823,91.00012738340656,0.13051592797172507,860.2318388249004,0.6727892646377719,0.4454994483908856,0.35890785723960794,190.0736906441431,3.375
1756,S0138,0.41988477867336,0.0,0,0.0,0.0,4.0,924.4741532584766,98.68705582780156,0.13436634171104772,880.1959486903229,0.6344301048120974,0.48552719530246796,0.3866629703237519,188.74016392112034,3.4375
1757,S1887,0.419424532925751,0.0,0,0.0,0.0,4.0,928.0807590933069,91.09651616215655,0.1549303265175138,890.0569047113524,0.7205723107176996,0.5602467138476496,0.4022645649997009,190.7529200463075,3.5
1758,S0376,0.419379381367405,0.0,0,0.0,0.0,4.0,995.378802017695,110.44954434580976,0.15607995454367468,887.9049838313498,0.6816563183123859,0.526269018320799,0.3771440857233041,190.84581293249846,3.5625
1759,S1336,0.41935612264965044,0.0,0,0.0,0.0,4.0,1201.5260503664267,129.1600644422387,0.17788398116847892,920.6822524069246,0.7290602057148797,0.5632654471728923,0.440416719509653,187.6239616799237,3.4375
1760,S1675,0.41924777051603396,0.0,0,0.0,0.0,4.0,923.0197803109089,100.70726952330696,0.13767240688526425,888.1826128210043,0.754375177881463,0.5364012517927141,0.3764659271607033,181.79492160776618,3.5
1761,S0681,0.41904818736708105,0.0,0,0.0,0.0,4.0,836.5647460369116,97.02227689096242,0.14391089321934974,872.9715971150489,0.7254976008303794,0.49561887431416135,0.37265364138939827,187.64636271500953,3.4375
1762,S0163,0.4188980452361736,0.0,0,0.0,0.0,4.0,1031.7162713249309,108.02982541155401,0.16575660506973053,874.2399033860465,0.675770682378309,0.5380816906137176,0.3652311207598497,190.628180791366,3.5
1763,S1690,0.41882833350142434,0.0,0,0.0,0.0,4.0,1076.6910763025169,103.55327952750014,0.16105096795533652,867.0155865223575,0.6360501307204193,0.5032966934573448,0.3551426229923807,191.6245722841402,3.4375
1764,S1548,0.4187009481966211,0.0,0,0.0,0.0,4.0,869.1327836270665,108.01725921144318,0.15204824161208105,866.885941306526,0.7243680636210664,0.5067823475600263,0.36461085210004823,185.2543077634806,3.4375
1765,S1853,0.4185666061189915,0.0,0,0.0,0.0,4.0,894.014589170758,105.42006031068357,0.1456977259961622,892.6828150339544,0.7525469196821852,0.5130088856402552,0.4023224767079103,187.32893345398628,3.625
1766,S0829,0.4184536006225726,0.0,0,0.0,0.0,4.0,952.9894417929813,116.49305169853423,0.15214677852620093,898.5652421332596,0.7160720783222336,0.5651717291967768,0.38679589779506685,186.86810416705862,3.5625
1767,S0535,0.41843915206243476,0.0,0,0.0,0.0,4.0,853.4371986049091,112.9736255968759,0.13512062055079102,860.475366976766,0.6072986728689924,0.46481861486218057,0.3434876684648622,187.0003915146485,3.1875
1768,S1767,0.4184124304782775,0.0,0,0.0,0.0,4.0,1011.9277939611375,95.95772659217853,0.1406443981797671,900.3910178505242,0.7190632181286528,0.5322822587135516,0.39625503100565007,185.94623158420947,3.5
1769,S1689,0.41833047753246105,0.0,0,0.0,0.0,4.0,985.7522040665735,110.25471540790409,0.13774025194164083,888.4317546652724,0.7234289419285701,0.5251282286583101,0.3628324989941352,184.60179400885957,3.6875
1770,S0222,0.41828272791237114,0.0,0,0.0,0.0,4.0,912.9203702590023,111.7364991901926,0.1563584514281407,898.1560788874801,0.742702474375641,0.52448736760987,0.4103924024207263,188.36249737099544,3.5
1771,S0943,0.41820232823248277,0.0,0,0.0,0.0,4.0,1016.3199886514478,120.4932016773011,0.1618491652081742,888.2875067474262,0.6693317866169156,0.5004376858652683,0.4088028444514717,187.97715352207757,3.4375
1772,S0631,0.4181807603972965,0.0,0,0.0,0.0,4.0,1068.203000339427,107.7703806637033,0.1628189040209377,917.6966815412688,0.7838255284192226,0.5487494853602694,0.4339526523173104,184.63474204793334,3.3125
1773,S1242,0.4181790522126703,0.0,0,0.0,0.0,4.0,810.0806073947268,97.58810355277345,0.1325374129418222,869.1673354227362,0.7009716550553673,0.5072943545382195,0.31771246055363705,189.26505650672624,3.375
1774,S0086,0.418100569115278,0.0,0,0.0,0.0,4.0,936.0529262266447,109.31975718579669,0.1536571374271385,877.130336268158,0.6725703629373013,0.5113604296035995,0.36923238462834695,191.7522526119813,3.5625
1775,S0517,0.41809838336798955,0.0,0,0.0,0.0,4.0,916.9833480105383,102.07041919891358,0.13816643858555083,900.6057559411314,0.7046342884122602,0.5382810693775945,0.3874602568590783,186.2421509957582,3.375
1776,S1783,0.41789740824036553,0.0,0,0.0,0.0,4.0,1010.5457460425899,106.02900158249771,0.14711889545317258,868.9616780417209,0.6946330686306793,0.4833166532591543,0.35351929208338734,186.29044616604418,3.5625
1777,S1350,0.4178448630343646,0.0,0,0.0,0.0,4.0,969.7782869514042,120.48534027451967,0.1436752665721699,882.3194090398334,0.6424304803157711,0.49777599657658983,0.37527678052874164,185.59584408012785,3.4375
1778,S1980,0.4178220338745486,0.0,0,0.0,0.0,4.0,867.9263139844114,115.86259210297783,0.15427988855822597,876.9264231654167,0.7382528962264566,0.5066604402140857,0.3612543826988602,188.69596533462118,3.5625
1779,S0496,0.41780280467528746,0.0,0,0.0,0.0,4.0,922.5336011500441,120.86068905550786,0.14083168832336407,878.1896549228452,0.6818077744496183,0.4955250173105311,0.35935243552328416,179.28255147202697,3.125
1780,S1467,0.4177774392794246,0.0,0,0.0,0.0,4.0,887.1765419821247,98.43621454183955,0.13084595292343504,887.6481190282807,0.6883641059338935,0.5116243663523218,0.407324800044201,188.17179331947958,3.6875
1781,S1110,0.41758548890699126,0.0,0,0.0,0.0,4.0,1065.6088227019413,117.10551909542903,0.15679840770024842,896.255451937305,0.7135885472440866,0.5405400641037174,0.42943890653401523,181.34042358907348,3.5
1782,S1139,0.4174658611918591,0.0,0,0.0,0.0,4.0,777.228750663134,99.19938288848337,0.12951600104769406,868.2715522060056,0.7021460073964688,0.4839691513952303,0.3547846963878925,189.46959631833224,3.5625
1783,S0756,0.41732821833466616,0.0,0,0.0,0.0,4.0,1186.9171418593605,118.19346246517563,0.1694564989712212,869.8476252179472,0.660575869135896,0.5131248285242512,0.3366073204260383,187.44267353608157,3.375
1784,S1334,0.41716757342752153,0.0,0,0.0,0.0,4.0,845.5701839494249,104.57890233627931,0.14557607143014195,891.5045189653837,0.703874447217828,0.5221624797859552,0.3888313277134465,188.36126046069327,3.3125
1785,S0120,0.4170681697610684,0.0,0,0.0,0.0,4.0,932.1664560369732,113.74351963533653,0.13855361518476328,854.8507305496262,0.6226161905022681,0.44054752529774055,0.3388787830028348,194.74587680228785,3.75
1786,S1528,0.4170228320444459,0.0,0,0.0,0.0,4.0,1036.857164299861,103.92138938028921,0.15956798909744604,893.8219592817675,0.7273040417770955,0.5286350676673462,0.420840180178824,186.45338164004744,3.5
1787,S1076,0.4169681284467466,0.0,0,0.0,0.0,4.0,1143.3646662578485,119.74287995115975,0.1701182752833286,916.675738950014,0.8012043231466319,0.567375890437524,0.4133715015268924,186.27050119387496,3.5625
1788,S0079,0.4166957708357676,0.0,0,0.0,0.0,4.0,1025.8554239316334,114.76204498695205,0.14993198834605767,910.2137805925358,0.7685768055007558,0.5632599625265362,0.4147163332002293,178.65771991083955,3.3125
1789,S1275,0.41665745006069643,0.0,0,0.0,0.0,4.0,1052.8311153663133,116.36043784343894,0.15642694015146483,886.6248557557277,0.708641695143568,0.5035156573680369,0.38312456007159834,185.22730017065462,3.5
1790,S0005,0.4165725373785823,0.0,0,0.0,0.0,4.0,966.6234907427619,117.2664576490444,0.1600559139872917,884.4101765142343,0.7377240752180232,0.5267968221871401,0.39520331441039386,185.43718819749444,3.5625
1791,S1180,0.41654726313051404,0.0,0,0.0,0.0,4.0,782.6075434588718,109.33088042642684,0.13777402729250493,863.1895332485676,0.6619127185039014,0.47672703295294294,0.36156341540613973,191.475683383674,3.5625
1792,S0451,0.4162827543916708,0.0,0,0.0,0.0,4.0,1060.5606676369214,127.73214038673238,0.15039721100833733,901.8488334091521,0.6674951489513363,0.5170646511469242,0.42899426434907095,184.28063810682434,3.5625
1793,S1276,0.41619184877437204,0.0,0,0.0,0.0,4.0,831.2710130984113,108.80519765559104,0.13416001069960193,881.4406840208715,0.6789701065656394,0.4979855335213955,0.3918941724838636,184.62284904806575,3.375
1794,S1132,0.41609164426315187,0.0,0,0.0,0.0,4.0,933.0916930359357,108.39630858941607,0.14826907309545967,884.8921843598145,0.7002515569456604,0.5011809820736837,0.37727958579826226,191.33867287001752,3.625
1795,S0556,0.4159231068199489,0.0,0,0.0,0.0,4.0,955.4312786472177,104.52043009350001,0.14748103769562138,895.9820625372528,0.773578769961331,0.556774568076298,0.3854444923958616,185.508753931395,3.625
1796,S1217,0.41575488693933876,0.0,0,0.0,0.0,4.0,1141.485411455783,127.1717855745938,0.15014760935214133,893.4808528114482,0.6395970939001787,0.5169243403614496,0.3953607959676275,184.39227358044857,3.5625
1797,S0297,0.41569559420239843,0.0,0,0.0,0.0,4.0,792.8691637045274,97.14091747755293,0.1279386777965194,865.7532838882303,0.6978852127415802,0.47902860218624593,0.3446253932073372,191.6847234930845,3.625
1798,S1523,0.41565653858447915,0.0,0,0.0,0.0,4.0,846.2523979038635,112.48402606559924,0.1426586507197376,894.2511156640707,0.7055576515519836,0.5191579956589115,0.38390767221730376,187.69808586795693,3.375
1799,S1636,0.41495023579401735,0.0,0,0.0,0.0,4.0,1178.3677404622422,121.9767180758696,0.16986543501757848,885.7323239577198,0.6836802465990972,0.5273646122838404,0.3835122228576053,184.8010089748747,3.375
1800,S1014,0.4149314006119395,0.0,0,0.0,0.0,4.0,1040.7420059151607,122.9606350528934,0.14764107020109885,886.9650874603706,0.6251329609990272,0.49260472064768657,0.37845182597931687,191.3429436266852,3.625
1801,S1693,0.4145234816664007,0.0,0,0.0,0.0,4.0,1079.9819243045556,132.00501016118736,0.15778161326015358,896.970745966509,0.675430762844329,0.5308185008244164,0.38378930476208256,186.08440918462173,3.5
1802,S0803,0.4144116593282395,0.0,0,0.0,0.0,4.0,851.8472114777752,97.22330075245489,0.14807152402397084,867.2485694220127,0.6729899314941608,0.5058419578225045,0.34456843138452936,192.9688624228158,3.3125
1803,S0766,0.4143474744929045,0.0,0,0.0,0.0,4.0,1078.0684603557158,120.38119818441761,0.14605661444214998,882.8238740360122,0.6807329032835382,0.5015389555037234,0.3704179053336777,182.14360967768087,3.5
1804,S1030,0.4140247999783556,0.0,0,0.0,0.0,4.0,1162.2342364122005,115.44921201083258,0.16283907173838919,885.3162677225274,0.6956733521174753,0.5167422557744223,0.3738138439233266,188.49590497497135,3.625
1805,S0057,0.4139447900297923,0.0,0,0.0,0.0,4.0,1015.1844728527216,111.88813434518141,0.14079908433056698,895.302238130053,0.8108857457789845,0.5522756674486923,0.38362458947611544,173.56518426708263,3.3125
1806,S1125,0.41356664027906026,0.0,0,0.0,0.0,4.0,889.896990510555,114.02657102679187,0.15385905526875288,884.8957056027358,0.7328182457711945,0.5010289200397907,0.4108489295736369,184.56867196910778,3.375
1807,S1000,0.41354748632693217,0.0,0,0.0,0.0,4.0,1019.794174379398,127.71609879196006,0.1612245130240812,893.7415191009426,0.6494745728949054,0.516241425676945,0.4097077366659194,188.49247029501558,3.375
1808,S1261,0.4134400436872752,0.0,0,0.0,0.0,4.0,785.8621026719354,107.74545780313278,0.13719514403193292,855.6017807333047,0.6886614747331904,0.4682116842845981,0.32567513075806626,191.44944007668116,3.5
1809,S1729,0.41336449864982927,0.0,0,0.0,0.0,4.0,997.4162327686045,108.70262799585112,0.14303778222295832,900.6405600032174,0.7115036744284631,0.5404370148260662,0.3832432273938237,189.9534810809269,3.6875
1810,S0863,0.4133223712027489,0.0,0,0.0,0.0,4.0,1148.733002106691,111.41804128900644,0.17339606115378492,899.4664293630116,0.7765963568048889,0.5618169260558886,0.3794689034326639,183.24517475436716,3.125
1811,S0322,0.41322855348245857,0.0,0,0.0,0.0,4.0,896.8111897101663,105.68794372652309,0.1570317401295443,882.2603974131687,0.7536724888573199,0.5287381837495234,0.3591115785317368,189.9850983345396,3.4375
1812,S1551,0.412974416835818,0.0,0,0.0,0.0,4.0,1077.3476101864285,112.90163159407575,0.15775592917460585,877.7641087667107,0.691341722892532,0.503543337315709,0.38298154098901843,181.0713925342403,3.1875
1813,S0017,0.41287636226872354,0.0,0,0.0,0.0,4.0,884.7850896370392,115.70939840465596,0.15452882558219358,885.3650402647406,0.7094396641309993,0.534450135223188,0.36900629531885776,189.57251377474745,3.4375
1814,S0877,0.41232643694281695,0.0,0,0.0,0.0,4.0,965.5665555903033,99.64534237818478,0.15924758788244597,887.4360094119124,0.7508639263600241,0.5237545932800233,0.3995282223416986,185.7106061122625,3.25
1815,S1147,0.4122410334247447,0.0,0,0.0,0.0,4.0,910.8912677692384,106.77640421577468,0.1495419142047644,863.6553343033606,0.6919312240292904,0.4760239258148169,0.34325367416210306,194.02926113393514,3.625
1816,S0110,0.4121807633898533,0.0,0,0.0,0.0,4.0,974.275587752479,108.39228377212643,0.14119565244085414,894.6826324131787,0.7407434204765506,0.5455853027751791,0.37642306689440713,183.27013735324064,3.5
1817,S0658,0.4121317477216766,0.0,0,0.0,0.0,4.0,1023.0457866572737,108.42636114914731,0.16617216016534372,894.009792698124,0.7354180040242061,0.5395884725713495,0.3851098629253247,192.22765556907336,3.5
1818,S0015,0.41212119545557,0.0,0,0.0,0.0,4.0,890.5538859927268,113.15271904819747,0.14395401488521734,883.3154892931178,0.7232778112119267,0.5089952150219291,0.40671783810406537,183.2227945452214,3.5
1819,S1728,0.4120150769999109,0.0,0,0.0,0.0,4.0,846.1715068402583,103.31498732174347,0.12899621193033978,860.3662246415743,0.6508416645472819,0.4767111357008721,0.3542579169699546,187.2332154534134,3.4375
1820,S0339,0.412004634605525,0.0,0,0.0,0.0,4.0,921.1999660782575,102.55669774994124,0.13479836033892928,872.5956680880835,0.6770947556213047,0.5150798171594717,0.33282476934184724,186.64843416973983,3.375
1821,S0581,0.4119292498555778,0.0,0,0.0,0.0,4.0,905.9747557535803,100.38310150163377,0.15011243545625425,891.2209486977874,0.7690826442263952,0.5245686318545099,0.4015042556958,183.60597123011786,3.25
1822,S0946,0.41167545644392334,0.0,0,0.0,0.0,4.0,1038.0740257419131,106.60513312693554,0.16124755201641003,882.7797433577332,0.7151145738072666,0.5420044157770876,0.36176762346368,192.44731646101621,3.625
1823,S0014,0.4115367939348153,0.0,0,0.0,0.0,4.0,1144.5304112125955,110.55618191476398,0.16151367220441454,896.4755676718581,0.7632613881188399,0.5625323754828684,0.4048437473566873,181.58320458041698,3.5
1824,S0543,0.4114347077449315,0.0,0,0.0,0.0,4.0,911.5929244746669,111.78819827168687,0.1366636925411759,882.9368485126072,0.7071652081820761,0.5337618131932499,0.3938737313976776,183.2255934034697,3.625
1825,S0328,0.41133515100113194,0.0,0,0.0,0.0,4.0,951.2934282432426,120.33483614384582,0.15864463609788654,868.3601911157592,0.6825035783747595,0.49657473136392677,0.3484950948651881,189.67925372829845,3.4375
1826,S1424,0.41122693660378035,0.0,0,0.0,0.0,4.0,795.9121310793438,93.90044775263507,0.12032579470164635,877.0235988976982,0.671775861046556,0.5054900204927226,0.36254554784132886,194.66023686915523,3.6875
1827,S0671,0.41120918613305973,0.0,0,0.0,0.0,4.0,1010.5873366421146,95.76823552207547,0.1307227407974803,893.8679855683057,0.7206177180377653,0.5415690886948726,0.37369831751660343,185.83159144298597,3.625
1828,S0993,0.4111219679871542,0.0,0,0.0,0.0,4.0,958.9587906241092,107.59113558154036,0.14055436747173142,874.8130034164737,0.6502236459055819,0.48432374513185944,0.3561558770465157,194.7386473458619,3.6875
1829,S0196,0.4109708773397161,0.0,0,0.0,0.0,4.0,983.3478764715456,120.67929190456772,0.16212487500892478,872.9410129892749,0.7249007500327062,0.49884391560857466,0.3478866496118324,186.9581504469988,3.375
1830,S1118,0.4107629508613924,0.0,0,0.0,0.0,4.0,947.1383122487961,103.41020409489175,0.13686772316118515,893.806235690605,0.752330200871758,0.5429760836255548,0.3819410951028657,182.89202758283565,3.5
1831,S1564,0.410754531038383,0.0,0,0.0,0.0,4.0,1053.3380361415484,112.42943125917238,0.13068099053043608,887.0579535547489,0.6712415132834171,0.5286487152486964,0.34816792800340945,181.7333053111217,3.4375
1832,S0118,0.4106628914139444,0.0,0,0.0,0.0,4.0,1009.0326315262953,118.31281867921743,0.14532202568051328,870.1992148022147,0.6165097072785968,0.48447668479222183,0.35165585993789283,191.67020410023457,3.5625
1833,S1035,0.4104386897987925,0.0,0,0.0,0.0,4.0,809.2873415567208,107.55003877185499,0.13424144974502278,860.4591711918744,0.6768379702644516,0.48557618758392634,0.3251343729502706,191.40966630993339,3.5
1834,S0808,0.4101422842740458,0.0,0,0.0,0.0,4.0,1057.4205307452823,125.25169703226213,0.16965131462814378,908.8463958347012,0.7304655360475755,0.5569593660731119,0.40679639475893753,191.47765681731426,3.5
1835,S0807,0.41001242932998455,0.0,0,0.0,0.0,4.0,1031.8338693698158,113.83245308073282,0.16676164555697992,892.4310900353983,0.7637876763221517,0.5423858742176751,0.3916689222138134,187.83868642778683,3.5
1836,S0514,0.41000822300830847,0.0,0,0.0,0.0,4.0,944.4797812412836,95.13582878848214,0.15503845902692323,885.3735673238232,0.7319332760672244,0.5358696350609157,0.37675644455005963,189.58431256559064,3.3125
1837,S0505,0.40989782474246617,0.0,0,0.0,0.0,4.0,952.580206586792,104.68388469872573,0.13398693893049413,881.1489983781211,0.7417344317270048,0.49625204379170323,0.3842153438226796,178.3457790377593,3.3125
1838,S0224,0.4098773022792831,0.0,0,0.0,0.0,4.0,1003.8026412298275,113.49066067944364,0.14363286000538042,880.1755790787918,0.653868266365664,0.5072269797486239,0.3756451553007122,186.90954892760698,3.5
1839,S1871,0.40967146213583894,0.0,0,0.0,0.0,4.0,1062.695880687444,112.08016293958504,0.14650087265993958,887.828281507617,0.715464388233185,0.5605628769158185,0.36436996200994,181.19975856418552,3.4375
1840,S0466,0.40963938470771116,0.0,0,0.0,0.0,4.0,918.8051048025849,105.77514648500271,0.14936594216465734,885.4466362835166,0.7303458967025316,0.5183934413761728,0.3771621193285626,190.32272163350618,3.5625
1841,S0011,0.4096155581436611,0.0,0,0.0,0.0,4.0,1048.7442902676903,109.55262962824506,0.14622513099935366,864.6784822270529,0.664522311869245,0.4955795359659357,0.34814909045938935,186.8241610113875,3.5625
1842,S0317,0.4093045070704493,0.0,0,0.0,0.0,4.0,1000.9238118262182,112.74242070052662,0.1547571171274919,898.4321445407954,0.696738409916319,0.5532346961074275,0.39983846231059295,188.2965952037913,3.4375
1843,S0220,0.4091224907690558,0.0,0,0.0,0.0,4.0,1138.572242082123,118.17919565341376,0.16170460118287056,892.4140843273012,0.6667932364673939,0.5144954987007823,0.3975279876491561,185.58398213825618,3.25
1844,S0914,0.4088378742756754,0.0,0,0.0,0.0,4.0,953.1426016708514,103.98987585461978,0.15844593116898936,863.2837406305747,0.7024015131810518,0.4994084318877399,0.36238493920227055,192.25924623407496,3.5625
1845,S1498,0.4085861209257327,0.0,0,0.0,0.0,4.0,946.6483839781496,106.38935230851746,0.1436927899268847,885.7722127953621,0.7043211760271934,0.5336693810107583,0.35696054518879966,189.0701348644928,3.5
1846,S1596,0.40857378879539397,0.0,0,0.0,0.0,4.0,960.5632403641633,131.3955167538998,0.15498328441089151,899.4854910874778,0.7009984598670391,0.5308696414364567,0.41856148771925566,191.30078464622366,3.75
1847,S0020,0.4085463607070118,0.0,0,0.0,0.0,4.0,1222.6381864668933,111.96867982927829,0.16940768290928854,911.5435969044128,0.7534321750789231,0.5813788149015487,0.41030490932960617,186.51027858705433,3.4375
1848,S1634,0.4085452086467277,0.0,0,0.0,0.0,4.0,979.528941795145,110.83113656277972,0.14768532141151536,890.176305304774,0.7419755042525946,0.5190190848355304,0.3777758544027645,181.9472214589456,3.25
1849,S0405,0.40853931529617454,0.0,0,0.0,0.0,4.0,1075.9824588001584,128.07510416184874,0.15247907569739713,875.102592835961,0.605707674959484,0.4700266096248035,0.37411593971278373,190.61670590693316,3.5
1850,S0854,0.4083668514833905,0.0,0,0.0,0.0,4.0,940.2322294446503,115.01813579228937,0.12643747369931196,890.3702363263975,0.6500868973901649,0.49611188739712936,0.41559721091428886,181.63512775517856,3.375
1851,S0835,0.4082826783016372,0.0,0,0.0,0.0,4.0,920.8923761092148,118.66496657292535,0.15460838430906135,873.002829538903,0.7060804809272381,0.4998202952547848,0.35252103990714406,192.55061105786217,3.625
1852,S1426,0.40767067382853284,0.0,0,0.0,0.0,4.0,767.9669276903306,104.3546872223003,0.14005143047050858,871.4666293397776,0.7103892818578719,0.4722738598462692,0.3694746417532911,193.63302408007874,3.5
1853,S1607,0.40700566117446896,0.0,0,0.0,0.0,4.0,1033.808507084076,107.51570780079614,0.1488535999104584,918.2161313638843,0.7994159422592896,0.5589419325142937,0.42026195409111733,183.525980403393,3.375
1854,S1869,0.40693575448626584,0.0,0,0.0,0.0,4.0,1057.450492679162,111.43117226845257,0.16560034041973942,887.1714927994462,0.7433823369287322,0.5309249252755054,0.3947245920005325,185.83227082217368,3.375
1855,S0419,0.4067850922880364,0.0,0,0.0,0.0,4.0,996.7012052951658,111.02524388895499,0.15002164787509673,876.2848442954956,0.7158556841643605,0.4884634096987307,0.37825165626349594,188.19497815307918,3.625
1856,S0667,0.40664760603331573,0.0,0,0.0,0.0,4.0,782.9987534935406,99.82101081506983,0.14370960346455905,862.2351116427908,0.7167426165307222,0.4828548148021423,0.35357545382946154,194.00913383930026,3.5
1857,S1663,0.4066068182902067,0.0,0,0.0,0.0,4.0,953.5969741063478,109.12227664327402,0.14440613467718816,893.0222966256644,0.6931449471223601,0.5127464852878988,0.4038740941528793,186.65094627487827,3.375
1858,S0253,0.40641170549436834,0.0,0,0.0,0.0,4.0,978.9089163636968,103.42206405821727,0.16185912189149249,890.489234557325,0.7735001779636788,0.5374686426460216,0.3937527400373274,188.87917020486486,3.4375
1859,S1222,0.4063442055079379,0.0,0,0.0,0.0,4.0,932.3121722937207,113.78972696667088,0.14661840308804158,905.8468739630079,0.7577119375784382,0.5254151252120846,0.4362732056262695,185.42560611531303,3.5
1860,S0382,0.40579366933565497,0.0,0,0.0,0.0,4.0,817.8115450380204,98.64162842094011,0.12887987818047525,899.6041417286093,0.7085507610798902,0.5378392503532696,0.42145502789846184,187.3402911805893,3.375
1861,S1453,0.40550481774401614,0.0,0,0.0,0.0,4.0,842.877949241927,110.68369517430779,0.13217849353784392,890.1842750793121,0.7130559858449048,0.5147258900770394,0.3827646762929154,188.64679435334807,3.5625
1862,S1601,0.40519224841791396,0.0,0,0.0,0.0,4.0,1110.178513622328,116.8593849122531,0.14299334632213517,866.6759001000853,0.6261476144840377,0.4639288822804499,0.3729234955152586,183.22954205816478,3.375
1863,S1789,0.4051460838933075,0.0,0,0.0,0.0,4.0,995.7869219491943,109.9979454304282,0.134544921377758,869.7001948969572,0.6463227211453413,0.4933773948337912,0.35282475279534,183.70189183097426,3.3125
1864,S1045,0.4050275006163921,0.0,0,0.0,0.0,4.0,1003.9019607952453,127.58597698004294,0.16182059178877017,899.6898218006436,0.6818851921711824,0.520149131539481,0.41486051640558974,193.7560867238535,3.5625
1865,S1543,0.4050240073019302,0.0,0,0.0,0.0,4.0,971.1938941103278,107.0215467787846,0.15288497264934103,885.767247214531,0.6985007925845238,0.5146863140238095,0.3906738528892204,189.96752629083468,3.4375
1866,S0289,0.40492214077037697,0.0,0,0.0,0.0,4.0,945.2518040225881,111.03312285262902,0.1474187371339442,866.6529083298777,0.6548238027130886,0.506510568584349,0.35804671454859544,192.973399388547,3.625
1867,S1781,0.4047909713632567,0.0,0,0.0,0.0,4.0,1022.0287636864654,116.93605890759117,0.1408389552524181,909.8367651976099,0.7589181719308463,0.5569636274491725,0.41063406026998284,181.4888090918701,3.5
1868,S0903,0.4047476733370965,0.0,0,0.0,0.0,4.0,1016.2116394421905,100.20081874445046,0.14368033639201622,883.3940228017542,0.6764183098236344,0.5146697370973151,0.36397705150694654,192.67114004750738,3.5625
1869,S1477,0.40469446189575314,0.0,0,0.0,0.0,4.0,1014.9825589151625,110.91396208181187,0.15301817121044672,887.6673923286578,0.6778125349016395,0.4888077490971975,0.40970801089871267,188.62000452915427,3.375
1870,S0757,0.40453809110241246,0.0,0,0.0,0.0,4.0,1180.7227709969882,121.16779475128284,0.16736422062465017,911.2696143753287,0.7592158356766533,0.5655715584974303,0.4210350628868007,188.31861013277506,3.625
1871,S1262,0.40405648926787946,0.0,0,0.0,0.0,4.0,894.9866637641511,104.44151829765511,0.15317812176907614,889.5489327554772,0.7686450040651699,0.5326109787030295,0.38008758875940674,189.94955746870997,3.4375
1872,S0373,0.40360497090162845,0.0,0,0.0,0.0,4.0,924.7443227481547,113.54064452576816,0.139110318560559,875.1827561939997,0.6565350903241303,0.47889694420522,0.3692180469493725,187.20937835328687,3.3125
1873,S0983,0.40360443514771005,0.0,0,0.0,0.0,4.0,871.0548408688646,105.07833005418519,0.12636967865307266,883.9575587921089,0.702113954489777,0.5281258190296639,0.36428919377807506,184.33502944871086,3.375
1874,S1017,0.40343913693268507,0.0,0,0.0,0.0,4.0,1005.5975207390281,119.58613502433955,0.16534132519580225,885.267356576963,0.7217782736894479,0.5074527192233362,0.39887739415230417,194.50386726664527,3.6875
1875,S1613,0.4031173798519806,0.0,0,0.0,0.0,4.0,1008.0799799543735,110.83438404628691,0.1495878817159131,897.2273084610612,0.7313618683254022,0.5526531882628958,0.38339644103092213,188.56543559578063,3.5625
1876,S0666,0.40307263277928884,0.0,0,0.0,0.0,4.0,1003.5461614854327,105.18949432560751,0.16520931213268003,885.8186375869665,0.7320956770318384,0.5289466838572171,0.3737665610009678,194.15268932911886,3.4375
1877,S1220,0.40303700614937393,0.0,0,0.0,0.0,4.0,1184.735059811859,121.17350819144718,0.15215556744627368,889.8517749536161,0.6702534545819557,0.5247835753424713,0.392433180114454,184.59377149336095,3.5625
1878,S1656,0.4028750248639967,0.0,0,0.0,0.0,4.0,811.578189470339,95.82902783147327,0.13908212116717647,914.2598860580605,0.7893437066108842,0.5707195351294978,0.42168076188313935,193.31058987967774,3.5
1879,S1277,0.4028597521685604,0.0,0,0.0,0.0,4.0,982.3338006128035,115.24804377462297,0.15471341140676498,885.4383255747983,0.6820467865351266,0.5188066200527739,0.38238331727546654,188.42808625727724,3.3125
1880,S0035,0.40281577464321605,0.0,0,0.0,0.0,4.0,943.6521457514505,102.5021593850673,0.16498841275281242,885.3035989641337,0.7532575425796068,0.5277893159036474,0.4008678925743211,195.36199672040647,3.5625
1881,S0133,0.4023687474191015,0.0,0,0.0,0.0,4.0,1073.5724930898732,120.76823092209884,0.1416319173457279,907.459310401989,0.7832041871883434,0.5556249205241998,0.39349954765836676,178.33776611106757,3.4375
1882,S0727,0.4023356209866396,0.0,0,0.0,0.0,4.0,948.7544228263343,97.61864285844251,0.13908583885665166,882.5486557195455,0.68505274093351,0.5340879291279048,0.3985928765863169,187.83975406448087,3.5
1883,S0240,0.4022299931812116,0.0,0,0.0,0.0,4.0,1192.3263216230391,112.86789969019648,0.16515684211854725,917.873026241105,0.7011356882083042,0.5716697746067583,0.4317992205764932,190.86250661987273,3.375
1884,S1604,0.40214166305782834,0.0,0,0.0,0.0,4.0,964.555577754202,105.90150933456684,0.1392961542519434,887.7014067935596,0.7050019824369202,0.5307962522017563,0.38488973171169316,185.31685051571085,3.4375
1885,S0637,0.402043182199955,0.0,0,0.0,0.0,4.0,1022.8909959149707,114.36592538868356,0.15647265095510185,876.2658486434576,0.6964515750552626,0.5188779888356444,0.36131631947798054,190.6642938738949,3.5625
1886,S1273,0.4020387371742634,0.0,0,0.0,0.0,4.0,926.3671571876858,110.96404866796291,0.15078383078102328,885.0306522884148,0.73578924146644,0.5334652027741017,0.376250416070581,187.48725537089166,3.4375
1887,S0171,0.40186268846250023,0.0,0,0.0,0.0,4.0,1102.917064617644,116.75078532619725,0.16044401247964157,909.714672868006,0.736808888732063,0.5555914871039129,0.4173891276539698,191.17607980605376,3.625
1888,S1813,0.4017422574329714,0.0,0,0.0,0.0,4.0,1341.0374934947033,130.55240380575972,0.16133460357291415,903.1881930074072,0.6955628883393061,0.5365225691675466,0.4279092440731554,179.76542875078945,3.4375
1889,S0303,0.40168166447509573,0.0,0,0.0,0.0,4.0,1160.1766598789277,119.90068767950592,0.15720088164064253,865.9776623725623,0.6597362959536691,0.5065076516726009,0.33246158827840333,191.8915949338196,3.6875
1890,S1092,0.40150813748068714,0.0,0,0.0,0.0,4.0,1082.429702785526,124.53778260774192,0.1564591332340765,864.4863871247859,0.6478017100278353,0.5043335065574739,0.37040107786065724,184.86897082145026,3.4375
1891,S0545,0.4014310582824525,0.0,0,0.0,0.0,4.0,951.8315136916991,125.27532565722765,0.1528308614347815,875.4202619811576,0.6592576046309396,0.4959629532412322,0.37738438439380073,194.77438589753606,3.6875
1892,S0116,0.4013169400444561,0.0,0,0.0,0.0,4.0,995.1367737674219,106.2062228565052,0.15976669623515352,899.0976692627808,0.7817475115099559,0.5646499219671243,0.3983867185017197,191.93855855837052,3.625
1893,S0725,0.40124132738014917,0.0,0,0.0,0.0,4.0,847.4864843262703,101.7692523618183,0.1306722427361811,867.2270870039448,0.7192762006680481,0.49119505705451977,0.3767990987926245,185.15309074317125,3.5
1894,S1858,0.40119939429439905,0.0,0,0.0,0.0,4.0,999.5507054277846,118.56295054565558,0.1590848111232309,889.1946792927198,0.7031270280385651,0.5255369827950241,0.40108746283106966,191.12290152328245,3.5625
1895,S0170,0.400985988388509,0.0,0,0.0,0.0,4.0,940.8573017914124,108.98109795216769,0.14785860830159378,925.9644387845418,0.809652732214982,0.5914367994313431,0.4597515872283059,183.70840522737834,3.25
1896,S0159,0.4000854246072927,0.0,0,0.0,0.0,4.0,1082.9887407038527,107.97833066508599,0.15687696355967687,907.3957123148116,0.7935192495117107,0.5636542596752261,0.39842769039580556,188.24078270077683,3.5625
1897,S0777,0.3998363770038739,0.0,0,0.0,0.0,4.0,917.8728370546843,110.45179141849287,0.1483678713860867,892.5906724184126,0.7649945935268787,0.5110485001395273,0.39488519735939537,189.72876550412565,3.5625
1898,S1290,0.39972773846325854,0.0,0,0.0,0.0,4.0,1027.1487055569462,105.3779505443095,0.14748171965188703,865.7020743640277,0.7047924351993046,0.4911560867830919,0.35883175169781284,189.06336890125925,3.625
1899,S1623,0.39967631541898613,0.0,0,0.0,0.0,4.0,1018.0322994175986,112.54390009263051,0.1482844101334272,878.6201764901554,0.6586953414090736,0.5105153240593919,0.4023834909282995,188.74030171550203,3.5625
1900,S1471,0.39960614912782016,0.0,0,0.0,0.0,4.0,780.1496439599939,108.17285411238032,0.1379830159192889,867.8565557133322,0.7069399113986363,0.5046821250406013,0.3610526412071091,189.95366531671374,3.4375
1901,S0229,0.39946454760844813,0.0,0,0.0,0.0,4.0,877.9896452549666,118.20149508734127,0.1374222934861069,858.0386111205199,0.632102111233257,0.45505438906939444,0.3431566351364783,195.11192167617352,3.5625
1902,S0490,0.39943647529626874,0.0,0,0.0,0.0,4.0,1230.267952179896,129.25159035218948,0.17071423430271507,887.6708299876047,0.7178260707591677,0.5457732974308759,0.36198663189807034,188.31798063898893,3.5625
1903,S1618,0.39935966649160387,0.0,0,0.0,0.0,4.0,1005.056634493138,108.53503386782677,0.141324559550219,888.5780176602527,0.6857008969000549,0.5236053209050012,0.3734799837505757,187.9200282424668,3.4375
1904,S1390,0.39927950847635635,0.0,0,0.0,0.0,4.0,854.2654325767695,98.28937124952687,0.12274332964675304,863.3597315716844,0.656186032085839,0.49025710483790436,0.3445542257427635,187.33608531017745,3.25
1905,S0044,0.39889497706853444,0.0,0,0.0,0.0,4.0,1001.031277061577,102.19460540727054,0.14332515585838332,898.3399083638604,0.8087957312063732,0.5675464241987971,0.37101122931273584,188.0295757844852,3.6875
1906,S0790,0.3986386863616423,0.0,0,0.0,0.0,4.0,1041.1792386826185,116.84346528891608,0.15882657494024177,888.1028878864795,0.7288467718330365,0.5352726679235785,0.3931120723005855,186.07707813638928,3.4375
1907,S0516,0.3985078725127915,0.0,0,0.0,0.0,4.0,1113.1880442530003,122.56766528939525,0.15420717861975805,904.3187685007467,0.8050453720174906,0.5589812536728918,0.38360461540239593,186.43122146469392,3.75
1908,S0197,0.3983101317003129,0.0,0,0.0,0.0,4.0,887.6412022829259,116.28647125135512,0.14031825232209472,874.1372855048659,0.7137600059016467,0.4891448088415755,0.3476849466720985,188.20842771683778,3.4375
1909,S1016,0.3982147195206153,0.0,0,0.0,0.0,4.0,937.647863972762,120.57535643540788,0.14481017751791772,874.7942253127106,0.6806362545044041,0.5010089135600121,0.3534206058034954,193.78485241131673,3.6875
1910,S0519,0.39805022274369767,0.0,0,0.0,0.0,4.0,929.8700524790194,101.79974843370533,0.13100984856828393,898.9378342563114,0.7022697044165053,0.5481930037339662,0.40224422696298845,186.12585544748907,3.375
1911,S0440,0.39791745238748316,0.0,0,0.0,0.0,4.0,989.3006653015627,106.30972963293443,0.15492111156212857,876.4351167861444,0.7217813343842425,0.5246228485346568,0.37050887904010565,189.95509983849774,3.5
1912,S0261,0.39725465349304323,0.0,0,0.0,0.0,4.0,965.7384494154038,104.2710648628811,0.14818210509263344,859.9045088497618,0.7448477771510899,0.4893113246186357,0.3381636010914261,186.7727199661626,3.4375
1913,S0497,0.39710351923892856,0.0,0,0.0,0.0,4.0,951.6312214493238,110.91772799678776,0.14515690458698075,863.6162372100231,0.6579501976230451,0.4828771085178468,0.3531105490889335,195.16481738711698,3.625
1914,S0465,0.39663590944422966,0.0,0,0.0,0.0,4.0,1105.8999505382733,103.83402638689492,0.14194846096836836,908.0861903744881,0.7661467361128999,0.5728267912765878,0.3908137065311223,182.4327897948655,3.375
1915,S0468,0.39626351119151315,0.0,0,0.0,0.0,4.0,1107.86662260197,122.74776419137021,0.15339084256345945,901.2437939999635,0.7972021801979184,0.5514586381357642,0.41897688333308925,178.2901196349666,3.4375
1916,S1948,0.3960023698141926,0.0,0,0.0,0.0,4.0,1289.5426897969662,124.35122116418037,0.16809212381720143,920.2541181173589,0.7673187968394978,0.5713872257687829,0.43408431882699205,184.52179045801958,3.375
1917,S1485,0.3958775843483384,0.0,0,0.0,0.0,4.0,986.6976561832645,112.70538683402577,0.14000982695489742,884.1229442517118,0.6742184706533901,0.5215722193467333,0.3698856376337942,186.80836715732644,3.375
1918,S0713,0.3958046812849252,0.0,0,0.0,0.0,4.0,977.8983633088241,113.40660663095767,0.14641058080917527,903.3554314934929,0.7352919742227402,0.5344493303709732,0.44280312615703926,186.2043829087991,3.5
1919,S1090,0.39565490531347086,0.0,0,0.0,0.0,4.0,1135.1137209336218,111.46452322099418,0.1448988237975818,863.5535415075419,0.6856514021124539,0.4949286620355778,0.3400930826188593,184.2621444644285,3.5
1920,S0693,0.3954430597224231,0.0,0,0.0,0.0,4.0,1146.4810538682293,115.40563828047735,0.1529602811247657,876.7611876890743,0.6663194737745611,0.5256312417968165,0.33920733767040895,188.77908827719364,3.4375
1921,S1833,0.395080538521524,0.0,0,0.0,0.0,4.0,982.9640393547769,113.63353965287905,0.14444404048712853,870.1792223831167,0.7114291627565625,0.5091632124197373,0.3538825791148827,187.1255655927774,3.5625
1922,S0536,0.3947874823392681,0.0,0,0.0,0.0,4.0,1090.0672494850512,110.80247228678056,0.13802610860576375,877.6508273938325,0.7112022714382041,0.5129919391625359,0.3756138786379563,182.98056061606465,3.625
1923,S1315,0.39371385212190624,0.0,0,0.0,0.0,4.0,882.4380128786098,121.46746800802615,0.1423376034661368,894.3868076391431,0.7252597789894794,0.5440295389669102,0.377097172362832,189.40370201822458,3.5
1924,S1356,0.39341458714838723,0.0,0,0.0,0.0,4.0,953.9694789683507,110.85781909605438,0.13688961654895151,893.9949990166301,0.7061274515811611,0.506429333973974,0.40938936644598073,186.78086523648852,3.4375
1925,S1404,0.39313948563084417,0.0,0,0.0,0.0,4.0,959.8903982455627,111.49188000999101,0.13669021363559236,929.406282705186,0.8258336809381561,0.574461883049609,0.43915742329540686,185.80095412985298,3.4375
1926,S1704,0.39311975511176794,0.0,0,0.0,0.0,4.0,936.2158280485062,109.77986620492368,0.13733412473520615,905.1390748883892,0.7865678832106119,0.541544833573438,0.4163664276732021,185.894149066332,3.5625
1927,S0123,0.39301583401773366,0.0,0,0.0,0.0,4.0,915.2581835039521,108.55582829105167,0.1372569541348882,879.3134560536129,0.7197762824724313,0.503646063917224,0.3565664569257147,189.71718177881232,3.5
1928,S0769,0.39295769316806856,0.0,0,0.0,0.0,4.0,1020.9337624591163,108.01027265098335,0.1471136279604175,881.0260002643415,0.6758948847968217,0.5096484685159117,0.3955491651436519,189.83212087539567,3.5
1929,S1259,0.3927067975952566,0.0,0,0.0,0.0,4.0,915.2930362793935,105.3800102320309,0.14619758598709376,891.7066987204655,0.7213197717028162,0.5404870189626853,0.4144274828897719,188.19343061863555,3.375
1930,S1357,0.39268626737092216,0.0,0,0.0,0.0,4.0,1147.8233450833193,113.88990392488928,0.1517213722356956,908.2015215245365,0.7023061126698108,0.5468343914647894,0.4224769103497722,187.50454802254953,3.4375
1931,S1952,0.3924917272573386,0.0,0,0.0,0.0,4.0,1001.6445168082656,112.51307250549564,0.1494141902182896,895.506734082842,0.7349014501492822,0.545524776667207,0.40304236178642666,187.52860903312083,3.5
1932,S1567,0.3924913382226186,0.0,0,0.0,0.0,4.0,901.9233652469615,107.76450309031225,0.13301693079947857,896.0473315797153,0.72855830304108,0.5304508388840968,0.3869021116672626,189.12633693148302,3.5
1933,S0459,0.39237859529551844,0.0,0,0.0,0.0,4.0,1009.5503740818423,110.55838942880906,0.14380739000331386,885.3508250924081,0.7253310214721352,0.5303005176269011,0.3542717555779327,192.46413508511745,3.6875
1934,S1818,0.3923357400663303,0.0,0,0.0,0.0,4.0,1082.964112401525,121.2302999187675,0.1435725806720382,878.0032698025182,0.654560248460706,0.5190336199526341,0.3471228783511229,190.7818604623684,3.625
1935,S0841,0.3911559586603324,0.0,0,0.0,0.0,4.0,898.6293580057574,89.92839440850929,0.13571670410070913,897.5451218313517,0.7744598846973563,0.5411103767761289,0.41901646680165483,192.83329107359603,3.625
1936,S1639,0.3903731679136639,0.0,0,0.0,0.0,4.0,1252.8071362592718,122.72026745147119,0.16050395731626954,902.0509670681702,0.6731696974208831,0.5457862387208948,0.38858822634867224,192.83775763868854,3.5625
1937,S1843,0.38993776327246665,0.0,0,0.0,0.0,4.0,1027.4409721214251,111.12296632839667,0.15084367014091027,886.6655983090301,0.7656038960899954,0.5537226229146894,0.3680134418136842,186.0764356873371,3.5
1938,S1503,0.38922832275344516,0.0,0,0.0,0.0,4.0,819.843252042606,110.63927952347677,0.13747099608818947,878.2138209723356,0.7324156228430492,0.5078835668082663,0.383769528684408,193.99768121598112,3.6875
1939,S0970,0.38919518911900486,0.0,0,0.0,0.0,4.0,1266.9029204136439,118.80551123068584,0.1662699937488633,902.4900211257855,0.7470405305046797,0.553316082663197,0.3967948402871837,188.16293766521068,3.5
1940,S1250,0.3891582643522962,0.0,0,0.0,0.0,4.0,1021.5412263715411,114.26503784929119,0.14175083448762518,884.4251577552523,0.7220818437983509,0.5397029055474686,0.3821442652130412,182.75271249220438,3.4375
1941,S0691,0.3890175081698837,0.0,0,0.0,0.0,4.0,1157.2840370246017,115.44960488514411,0.14260256345571998,903.5387287900375,0.755867349161218,0.5684672640617033,0.4027343326816293,183.8530109845957,3.6875
1942,S0782,0.3888901477561628,0.0,0,0.0,0.0,4.0,1164.5224732376084,116.19992312341375,0.14353103782483034,932.0587299325089,0.8310452241119382,0.5993778782847491,0.4633522072219667,181.32076813442856,3.5
1943,S0992,0.38886342433491267,0.0,0,0.0,0.0,4.0,1027.6571435522078,114.12795541055189,0.15907830564861924,878.0928836484171,0.6679232627481868,0.5050301831701259,0.38731021086947404,194.6045245831424,3.4375
1944,S1892,0.388135928987846,0.0,0,0.0,0.0,4.0,1066.003639067369,115.41391171535685,0.15337717585916208,881.5302088462716,0.7570914475499871,0.5288566562214642,0.38982317989878734,178.65803532079929,3.125
1945,S0128,0.38727119198635224,0.0,0,0.0,0.0,4.0,1220.28225667141,121.02857049803049,0.15343180627998518,899.3319035083501,0.6870616036310825,0.5484530362960515,0.39638023319142907,185.00253674837637,3.375
1946,S1048,0.3869976608099155,0.0,0,0.0,0.0,4.0,1033.821644152473,118.55082620125111,0.14894301339021424,869.3641247315265,0.7232939431546559,0.5053181170451138,0.34242412888525686,186.01845271481304,3.4375
1947,S0867,0.38663990092983097,0.0,0,0.0,0.0,4.0,1141.8937234307514,112.75556726951592,0.14876771289892315,902.8165519788112,0.7774060072819642,0.5670429072902141,0.3989604972533405,182.20154017776653,3.4375
1948,S0567,0.3866236830890305,0.0,0,0.0,0.0,4.0,858.7998651130737,109.07006218087446,0.1268589308166941,872.884731746875,0.6784825634289076,0.5116446458369088,0.3867813296757285,186.6157265779657,3.4375
1949,S1104,0.3864890847928884,0.0,0,0.0,0.0,4.0,1178.7391438573957,115.96611792396999,0.15451324041905737,884.9951135939999,0.6983218833618072,0.5197165916231355,0.3892316366217511,187.9167392021965,3.5625
1950,S0893,0.38627609027854715,0.0,0,0.0,0.0,4.0,874.1289511978223,98.87009047869847,0.1321099009697468,876.1066311297772,0.7385332883683625,0.507447380538406,0.39535642771446217,186.48061425065785,3.4375
1951,S0477,0.38605610991269873,0.0,0,0.0,0.0,4.0,1192.8958209338757,120.89221616075321,0.16411822206410426,884.1442305430148,0.740079742682735,0.523864398682448,0.37800181900429397,184.99500875073946,3.375
1952,S0175,0.384734297421309,0.0,0,0.0,0.0,4.0,982.4992394467442,97.65518114071713,0.14681521558677124,888.1902138765857,0.77457546480795,0.5548068589518954,0.35581001361221976,192.7134457766258,3.5
1953,S0393,0.3844463432802845,0.0,0,0.0,0.0,4.0,1011.8422708097779,108.55391526551188,0.1443205419509337,890.9518956953656,0.7758723173895435,0.5162313350642402,0.38410645189171627,188.44088941647036,3.5625
1954,S1872,0.38440700698918834,0.0,0,0.0,0.0,4.0,945.9011563493247,116.8058288132102,0.13582696934435473,908.5575560725403,0.7736425764705698,0.5693059921186538,0.38075088256631207,186.90840219983428,3.4375
1955,S1049,0.3840631480069708,0.0,0,0.0,0.0,4.0,1000.8757871816944,98.45258754541013,0.12524826158988286,884.1140398535698,0.7397980320551519,0.523034553612901,0.3796484965980146,185.37114201541317,3.5625
1956,S0306,0.38354836249892066,0.0,0,0.0,0.0,4.0,909.8403030775335,107.61640495786489,0.14100678479011242,898.4717013179402,0.7722317967480136,0.5548040465874515,0.3744428469404963,189.66813656145467,3.375
1957,S1387,0.38329972787341265,0.0,0,0.0,0.0,4.0,947.0706592936413,109.9930259146135,0.1429385236297126,881.4507813859398,0.7153626823559196,0.5170121727571655,0.3884047387369107,189.73062960287038,3.5
1958,S1410,0.38169911737761353,0.0,0,0.0,0.0,4.0,924.8177986892921,127.82953555951555,0.1482691932475942,884.1745494351592,0.6842815708391281,0.5023541260828729,0.40217192046774475,190.89149107383454,3.4375
1959,S1232,0.3813671002250514,0.0,0,0.0,0.0,4.0,994.1277383140904,101.74612294926698,0.1375497414065805,878.4971098093195,0.7325153404851023,0.5022663088810714,0.3758109799630468,189.9362702838166,3.5625
1960,S0279,0.3810519354166772,0.0,0,0.0,0.0,4.0,1173.6895803901332,117.62603506934352,0.12711766679754988,889.6766086771586,0.695666000926314,0.5206802386552976,0.37810794347554355,179.6811221316405,3.4375
1961,S1795,0.3809717142899634,0.0,0,0.0,0.0,4.0,1219.2874511700256,116.47118315383801,0.1544248812841943,898.651566357761,0.7331396592220137,0.5425852109395657,0.41945334357836256,181.20961942555158,3.25
1962,S0429,0.38079239355414785,0.0,0,0.0,0.0,4.0,1079.1184120876073,122.43743746595946,0.15241450207178203,896.6726713024597,0.6910046233042837,0.5170298456838268,0.41136497822507356,194.71444082344536,3.625
1963,S0305,0.38068469380922326,0.0,0,0.0,0.0,4.0,1066.8097291831064,115.13523065028282,0.15434394758434763,866.3979769690284,0.7115693789968341,0.49519312101474516,0.36420186236434055,188.03168020422342,3.4375
1964,S0774,0.3798034264477826,0.0,0,0.0,0.0,4.0,1035.315302822894,111.28558880468589,0.13934539962844217,869.4944838653473,0.7021885345915803,0.5203293266063855,0.36494727458262,184.1910445297703,3.4375
1965,S1547,0.37919118843000554,0.0,0,0.0,0.0,4.0,965.0818929011049,111.7278374310706,0.14223951765544757,875.0943019450733,0.709350584557967,0.5050945632605437,0.3987879593301121,185.42882877742275,3.375
1966,S0192,0.3786982294544149,0.0,0,0.0,0.0,4.0,1137.4997026320366,108.47767691997045,0.14840305546533392,915.5778319492033,0.7572222038427953,0.5785247843137603,0.43142780548164594,192.038842100891,3.625
1967,S1641,0.3783081584437714,0.0,0,0.0,0.0,4.0,994.0378528230984,114.83360315235916,0.1409818573498953,899.6034400975977,0.7770160670808601,0.5348522893657365,0.4121254388149384,185.80225783533947,3.5
1968,S1385,0.3779162440969316,0.0,0,0.0,0.0,4.0,901.0302477205751,108.1837727700817,0.1224191323614672,887.9919306333236,0.7326109014763348,0.5190187121181608,0.367774378622172,185.76077278147253,3.3125
1969,S1371,0.3776529529566051,0.0,0,0.0,0.0,4.0,952.6359010769607,113.44073315918048,0.15005381461285647,908.0352141544449,0.7628854122760951,0.5540958069491437,0.41511536970002955,195.13628456931934,3.5
1970,S1645,0.3772665907415991,0.0,0,0.0,0.0,4.0,1163.716767335005,126.93265522023988,0.16988563704752596,876.9046835685061,0.7156160273593415,0.5246605874328011,0.3972252985247753,186.37843062157577,3.3125
1971,S1875,0.37724928597485086,0.0,0,0.0,0.0,4.0,1052.9412275959942,117.20603891641184,0.13734500323981289,893.1642939780006,0.7617304562925611,0.5416393913067841,0.4166423240971635,179.65826252275735,3.4375
1972,S0162,0.3770912737453798,0.0,0,0.0,0.0,4.0,1185.0416499601754,126.83379751438999,0.13955652567952162,873.1340104650848,0.6160779782366592,0.475414346236175,0.36844045806983966,189.27132629743684,3.5
1973,S0353,0.3770599776572675,0.0,0,0.0,0.0,4.0,1116.8180288019005,116.54198483501577,0.14705661146469132,871.1361192346676,0.6986995086010825,0.4845799955593217,0.36028159482572747,186.23267233180005,3.375
1974,S1849,0.376892817199818,0.0,0,0.0,0.0,4.0,926.4193490787051,103.77080370234818,0.12826672406528705,886.5543636784951,0.7258927746258973,0.5190121406395406,0.37959327204426957,189.01309122906318,3.4375
1975,S0384,0.37674308516219207,0.0,0,0.0,0.0,4.0,969.5064218491522,100.46346423859504,0.1236436736396092,884.4281519368262,0.6974168052118347,0.5131982509386361,0.3742961062251122,189.4850967002842,3.4375
1976,S0559,0.3754802400026459,0.0,0,0.0,0.0,4.0,996.9044930574591,113.11810770759371,0.13990477146474353,901.032589222885,0.7496815852198585,0.5549715008622931,0.40004115895060316,187.52334354490418,3.4375
1977,S0599,0.37445192522704074,0.0,0,0.0,0.0,4.0,860.882852036277,106.15884791366074,0.13266875930740946,880.4910625269071,0.7582465460102498,0.5446259777584078,0.3548845261890362,189.89986386932375,3.4375
1978,S1740,0.37320312719323,0.0,0,0.0,0.0,4.0,1121.2561486916602,117.5377273374028,0.14031252707486735,903.3626372919169,0.7236904445597494,0.535620382357366,0.3958245832346478,188.32090108763808,3.5
1979,S0342,0.37316786103419647,0.0,0,0.0,0.0,4.0,1025.956965119009,108.83121693845621,0.13844422008448232,886.1828165571463,0.7447785285016976,0.5403318592609618,0.36551310580813307,185.91665171700762,3.375
1980,S1820,0.37226648021913344,0.0,0,0.0,0.0,4.0,1208.8729817457242,113.85512522784293,0.13804172632741749,890.6512308558646,0.7094181562877595,0.540236457169833,0.3925379154381111,181.0412077176438,3.375
1981,S1878,0.3717420602112137,0.0,0,0.0,0.0,4.0,1141.078889313827,114.0275226105733,0.15350041340073114,907.1152092802967,0.7626471805955773,0.5654105400077668,0.4252594778955749,189.15991315922588,3.5
1982,S1737,0.37158113965312994,0.0,0,0.0,0.0,4.0,904.0563191252135,106.58093321572525,0.1408123124466484,870.9189374405861,0.7529823396776683,0.5159625200843798,0.38031314191447124,190.661328092782,3.5625
1983,S1059,0.3709278236811454,0.0,0,0.0,0.0,4.0,1056.9803943574311,104.61047433387878,0.1440689490100478,890.3501801176975,0.7697488840481478,0.550114677161555,0.40100546742298804,184.66931990677892,3.375
1984,S0452,0.3702883972384581,0.0,0,0.0,0.0,4.0,993.0796238826115,100.80597243417267,0.1417374584750274,868.0652715302562,0.6995279638928963,0.5061913778615504,0.37470672772037017,193.2233642356235,3.5
1985,S0884,0.36967875902685565,0.0,0,0.0,0.0,4.0,957.2316036175888,106.41802698438721,0.12631838104859275,896.0100134197846,0.7047861006123376,0.5328036271344843,0.39750617904942914,192.2160532550925,3.5
1986,S0760,0.369158344768779,0.0,0,0.0,0.0,4.0,1182.4990179007232,112.94659042898519,0.1442996469037806,902.2132142661335,0.727361158860835,0.5425844606180735,0.44670195443603783,186.5031604819006,3.5625
1987,S1143,0.36849664125645826,0.0,0,0.0,0.0,4.0,1087.8218959631527,128.20295409047853,0.148877065063034,875.6874022945859,0.6982179015971349,0.5173885880418471,0.35390332012657305,189.61629266579453,3.5
1988,S1821,0.36829036068161364,0.0,0,0.0,0.0,4.0,1276.9820768062912,123.3995326752381,0.15897280162909677,920.6826452839509,0.8355236779856343,0.5773689833193797,0.4454554673961402,186.27536745154075,3.5
1989,S1862,0.3671584343877755,0.0,0,0.0,0.0,4.0,1017.5909718394606,110.80347437614772,0.1386592302858615,880.9812555663536,0.7082791243331128,0.5131686929483178,0.3738953560645236,191.53453026847518,3.5
1990,S1974,0.36705747049391185,0.0,0,0.0,0.0,4.0,1171.8743690330055,115.44856782714857,0.15957589473414946,881.7673642518503,0.7350019620672215,0.5272599284847903,0.37932609683973206,194.18730547111133,3.625
1991,S1187,0.3666006203684621,0.0,0,0.0,0.0,4.0,1006.2767280275424,114.87456336840413,0.14173173592642888,878.9884087361978,0.7485468007580067,0.526607302060548,0.3739717805390315,186.24344154791532,3.4375
1992,S0906,0.36648701481696394,0.0,0,0.0,0.0,4.0,973.0112961935694,112.32001793713987,0.145752916077364,887.6271860451268,0.7555103331223015,0.5545486606663671,0.38814791941893356,190.45385318955292,3.5
1993,S0654,0.3660160567425482,0.0,0,0.0,0.0,4.0,1062.4600408064823,114.61337002647116,0.1416093469311525,898.9622582932541,0.7637650506292556,0.5438845121081316,0.40140205965384196,186.6771000585342,3.4375
1994,S1553,0.3636617047696012,0.0,0,0.0,0.0,4.0,1150.3900402569943,122.47205669419355,0.12880679690855915,870.5887011655877,0.6372765013027931,0.49019743336970945,0.35834063838030333,184.95553704862158,3.3125
1995,S1769,0.3580415866232318,0.0,0,0.0,0.0,4.0,1014.960759527163,112.79106161207682,0.12110500091759917,853.4945212731352,0.7142417072146131,0.4913523075439439,0.3314468810610468,186.89373138014926,3.5625
1996,S0295,0.3571657112427875,0.0,0,0.0,0.0,4.0,938.9550922780013,107.4662391935152,0.13714276358009977,886.2764865414265,0.7587482981088258,0.5389283319850704,0.402194241141495,192.60724647900025,3.5625
1997,S0185,0.35455268133001516,0.0,0,0.0,0.0,4.0,1105.1037474232066,119.57372701347232,0.1553932732808401,884.9341753279461,0.7302887760976676,0.5513360504103547,0.3853962261620102,196.49881302875252,3.625
1998,S0969,0.35359598119444685,0.0,0,0.0,0.0,4.0,1158.5514172226663,125.08091406495497,0.14996984508688346,899.8671942320326,0.7978606947604934,0.5875239376335913,0.3940085904130887,190.13137974731907,3.6875
1999,S0485,0.3430021156753779,0.0,0,0.0,0.0,4.0,1098.8820105280854,112.35212643474475,0.1364475551988555,899.2695639576385,0.7833562196111794,0.569820604554296,0.39636368747330974,190.7810929876888,3.5625
2000,S0862,0.3377787487867839,0.0,0,0.0,0.0,4.0,1059.6345828999288,105.97734607598332,0.12860070249143474,907.9583850862134,0.7814623572844113,0.5770957293341602,0.4056997323231861,194.71691136635283,3.5
